PassengerId,Pclass,Name,Sex,Age,SibSp,Parch,Ticket,Fare,Cabin,Embarked
879,3,"laleff, mr. kristo",male,,0,0,349217,7.8958,,s
135,2,"sobey, mr. samuel james hayden",male,25.0,0,0,c.a. 29178,13.0,,s
174,3,"sivola, mr. antti wilhelm",male,21.0,0,0,ston/o 2. 3101280,7.925,,s
601,2,"jacobsohn, mrs. sidney samuel (amy frances christy)",female,24.0,2,1,243847,27.0,,s
648,1,"simonius-blumer, col. oberst alfons",male,56.0,0,0,13213,35.5,a26,c
20,3,"masselmani, mrs. fatima",female,,0,0,2649,7.225,,c
870,3,"johnson, master. harold theodor",male,4.0,1,1,347742,11.1333,,s
234,3,"asplund, miss. lillian gertrud",female,5.0,4,2,347077,31.3875,,s
614,3,"horgan, mr. john",male,,0,0,370377,7.75,,q
81,3,"waelens, mr. achille",male,22.0,0,0,345767,9.0,,s
568,3,"palsson, mrs. nils (alma cornelia berglund)",female,29.0,0,4,349909,21.075,,s
116,3,"pekoniemi, mr. edvard",male,21.0,0,0,ston/o 2. 3101294,7.925,,s
820,3,"skoog, master. karl thorsten",male,10.0,3,2,347088,27.9,,s
876,3,"najib, miss. adele kiamie ""jane""",female,15.0,0,0,2667,7.225,,c
877,3,"gustafsson, mr. alfred ossian",male,20.0,0,0,7534,9.8458,,s
585,3,"paulner, mr. uscher",male,,0,0,3411,8.7125,,c
202,3,"sage, mr. frederick",male,,8,2,ca. 2343,69.55,,s
376,1,"meyer, mrs. edgar joseph (leila saks)",female,,1,0,pc 17604,82.1708,,c
303,3,"johnson, mr. william cahoone jr",male,19.0,0,0,line,0.0,,s
319,1,"wick, miss. mary natalie",female,31.0,0,2,36928,164.8667,c7,s
778,3,"emanuel, miss. virginia ethel",female,5.0,0,0,364516,12.475,,s
136,2,"richard, mr. emile",male,23.0,0,0,sc/paris 2133,15.0458,,c
163,3,"bengtsson, mr. john viktor",male,26.0,0,0,347068,7.775,,s
580,3,"jussila, mr. eiriik",male,32.0,0,0,ston/o 2. 3101286,7.925,,s
501,3,"calic, mr. petar",male,17.0,0,0,315086,8.6625,,s
446,1,"dodge, master. washington",male,4.0,0,2,33638,81.8583,a34,s
489,3,"somerton, mr. francis william",male,30.0,0,0,a.5. 18509,8.05,,s
509,3,"olsen, mr. henry margido",male,28.0,0,0,c 4001,22.525,,s
702,1,"silverthorne, mr. spencer victor",male,35.0,0,0,pc 17475,26.2875,e24,s
777,3,"tobin, mr. roger",male,,0,0,383121,7.75,f38,q
58,3,"novel, mr. mansouer",male,28.5,0,0,2697,7.2292,,c
298,1,"allison, miss. helen loraine",female,2.0,1,2,113781,151.55,c22 c26,s
443,3,"petterson, mr. johan emil",male,25.0,1,0,347076,7.775,,s
337,1,"pears, mr. thomas clinton",male,29.0,1,0,113776,66.6,c2,s
228,3,"lovell, mr. john hall (""henry"")",male,20.5,0,0,a/5 21173,7.25,,s
13,3,"saundercock, mr. william henry",male,20.0,0,0,a/5. 2151,8.05,,s
607,3,"karaic, mr. milan",male,30.0,0,0,349246,7.8958,,s
861,3,"hansen, mr. claus peter",male,41.0,2,0,350026,14.1083,,s
248,2,"hamalainen, mrs. william (anna)",female,24.0,0,2,250649,14.5,,s
430,3,"pickard, mr. berk (berk trembisky)",male,32.0,0,0,soton/o.q. 392078,8.05,e10,s
621,3,"yasbeck, mr. antoni",male,27.0,1,0,2659,14.4542,,c
442,3,"hampe, mr. leon",male,20.0,0,0,345769,9.5,,s
602,3,"slabenoff, mr. petco",male,,0,0,349214,7.8958,,s
619,2,"becker, miss. marion louise",female,4.0,2,1,230136,39.0,f4,s
349,3,"coutts, master. william loch ""william""",male,3.0,1,1,c.a. 37671,15.9,,s
630,3,"o'connell, mr. patrick d",male,,0,0,334912,7.7333,,q
462,3,"morley, mr. william",male,34.0,0,0,364506,8.05,,s
255,3,"rosblom, mrs. viktor (helena wilhelmina)",female,41.0,0,2,370129,20.2125,,s
196,1,"lurette, miss. elise",female,58.0,0,0,pc 17569,146.5208,b80,c
743,1,"ryerson, miss. susan parker ""suzette""",female,21.0,2,2,pc 17608,262.375,b57 b59 b63 b66,c
662,3,"badt, mr. mohamed",male,40.0,0,0,2623,7.225,,c
768,3,"mangan, miss. mary",female,30.5,0,0,364850,7.75,,q
63,1,"harris, mr. henry birkhardt",male,45.0,1,0,36973,83.475,c83,s
34,2,"wheadon, mr. edward h",male,66.0,0,0,c.a. 24579,10.5,,s
515,3,"coleff, mr. satio",male,24.0,0,0,349209,7.4958,,s
668,3,"rommetvedt, mr. knud paust",male,,0,0,312993,7.775,,s
823,1,"reuchlin, jonkheer. john george",male,38.0,0,0,19972,0.0,,s
345,2,"fox, mr. stanley hubert",male,36.0,0,0,229236,13.0,,s
290,3,"connolly, miss. kate",female,22.0,0,0,370373,7.75,,q
803,1,"carter, master. william thornton ii",male,11.0,1,2,113760,120.0,b96 b98,s
318,2,"moraweck, dr. ernest",male,54.0,0,0,29011,14.0,,s
39,3,"vander planke, miss. augusta maria",female,18.0,2,0,345764,18.0,,s
801,2,"ponesell, mr. martin",male,34.0,0,0,250647,13.0,,s
194,2,"navratil, master. michel m",male,3.0,1,1,230080,26.0,f2,s
76,3,"moen, mr. sigurd hansen",male,25.0,0,0,348123,7.65,f g73,s
4,1,"futrelle, mrs. jacques heath (lily may peel)",female,35.0,1,0,113803,53.1,c123,s
392,3,"jansson, mr. carl olof",male,21.0,0,0,350034,7.7958,,s
532,3,"toufik, mr. nakli",male,,0,0,2641,7.2292,,c
51,3,"panula, master. juha niilo",male,7.0,4,1,3101295,39.6875,,s
594,3,"bourke, miss. mary",female,,0,2,364848,7.75,,q
890,1,"behr, mr. karl howell",male,26.0,0,0,111369,30.0,c148,c
741,1,"hawksford, mr. walter james",male,,0,0,16988,30.0,d45,s
60,3,"goodwin, master. william frederick",male,11.0,5,2,ca 2144,46.9,,s
404,3,"hakkarainen, mr. pekka pietari",male,28.0,1,0,ston/o2. 3101279,15.85,,s
339,3,"dahl, mr. karl edwart",male,45.0,0,0,7598,8.05,,s
268,3,"persson, mr. ernst ulrik",male,25.0,1,0,347083,7.775,,s
14,3,"andersson, mr. anders johan",male,39.0,1,5,347082,31.275,,s
832,2,"richards, master. george sibley",male,0.83,1,1,29106,18.75,,s
692,3,"karun, miss. manca",female,4.0,0,1,349256,13.4167,,c
727,2,"renouf, mrs. peter henry (lillian jefferys)",female,30.0,3,0,31027,21.0,,s
353,3,"elias, mr. tannous",male,15.0,1,1,2695,7.2292,,c
454,1,"goldenberg, mr. samuel l",male,49.0,1,0,17453,89.1042,c92,c
102,3,"petroff, mr. pastcho (""pentcho"")",male,,0,0,349215,7.8958,,s
370,1,"aubart, mme. leontine pauline",female,24.0,0,0,pc 17477,69.3,b35,c
185,3,"kink-heilmann, miss. luise gretchen",female,4.0,0,2,315153,22.025,,s
169,1,"baumann, mr. john d",male,,0,0,pc 17318,25.925,,s
712,1,"klaber, mr. herman",male,,0,0,113028,26.55,c124,s
586,1,"taussig, miss. ruth",female,18.0,0,2,110413,79.65,e68,s
684,3,"goodwin, mr. charles edward",male,14.0,5,2,ca 2144,46.9,,s
57,2,"rugg, miss. emily",female,21.0,0,0,c.a. 31026,10.5,,s
889,3,"johnston, miss. catherine helen ""carrie""",female,,1,2,w./c. 6607,23.45,,s
756,2,"hamalainen, master. viljo",male,0.67,1,1,250649,14.5,,s
690,1,"madill, miss. georgette alexandra",female,15.0,0,1,24160,211.3375,b5,s
314,3,"hendekovic, mr. ignjac",male,28.0,0,0,349243,7.8958,,s
83,3,"mcdermott, miss. brigdet delia",female,,0,0,330932,7.7875,,q
663,1,"colley, mr. edward pomeroy",male,47.0,0,0,5727,25.5875,e58,s
104,3,"johansson, mr. gustaf joel",male,33.0,0,0,7540,8.6542,,s
437,3,"ford, miss. doolina margaret ""daisy""",female,21.0,2,2,w./c. 6608,34.375,,s
806,3,"johansson, mr. karl johan",male,31.0,0,0,347063,7.775,,s
346,2,"brown, miss. amelia ""mildred""",female,24.0,0,0,248733,13.0,f33,s
301,3,"kelly, miss. anna katherine ""annie kate""",female,,0,0,9234,7.75,,q
480,3,"hirvonen, miss. hildur e",female,2.0,0,1,3101298,12.2875,,s
143,3,"hakkarainen, mrs. pekka pietari (elin matilda dolck)",female,24.0,1,0,ston/o2. 3101279,15.85,,s
629,3,"bostandyeff, mr. guentcho",male,26.0,0,0,349224,7.8958,,s
91,3,"christmann, mr. emil",male,29.0,0,0,343276,8.05,,s
30,3,"todoroff, mr. lalio",male,,0,0,349216,7.8958,,s
380,3,"gustafsson, mr. karl gideon",male,19.0,0,0,347069,7.775,,s
789,3,"dean, master. bertram vere",male,1.0,1,2,c.a. 2315,20.575,,s
733,2,"knight, mr. robert j",male,,0,0,239855,0.0,,s
220,2,"harris, mr. walter",male,30.0,0,0,w/c 14208,10.5,,s
479,3,"karlsson, mr. nils august",male,22.0,0,0,350060,7.5208,,s
680,1,"cardeza, mr. thomas drake martinez",male,36.0,0,1,pc 17755,512.3292,b51 b53 b55,c
391,1,"carter, mr. william ernest",male,36.0,1,2,113760,120.0,b96 b98,s
519,2,"angle, mrs. william a (florence ""mary"" agnes hughes)",female,36.0,1,0,226875,26.0,,s
244,3,"maenpaa, mr. matti alexanteri",male,22.0,0,0,ston/o 2. 3101275,7.125,,s
393,3,"gustafsson, mr. johan birger",male,28.0,2,0,3101277,7.925,,s
749,1,"marvin, mr. daniel warner",male,19.0,1,0,113773,53.1,d30,s
449,3,"baclini, miss. marie catherine",female,5.0,2,1,2666,19.2583,,c
829,3,"mccormack, mr. thomas joseph",male,,0,0,367228,7.75,,q
873,1,"carlsson, mr. frans olof",male,33.0,0,0,695,5.0,b51 b53 b55,s
498,3,"shellard, mr. frederick william",male,,0,0,c.a. 6212,15.1,,s
357,1,"bowerman, miss. elsie edith",female,22.0,0,1,113505,55.0,e33,s
564,3,"simmons, mr. john",male,,0,0,soton/oq 392082,8.05,,s
233,2,"sjostedt, mr. ernst adolf",male,59.0,0,0,237442,13.5,,s
387,3,"goodwin, master. sidney leonard",male,1.0,5,2,ca 2144,46.9,,s
8,3,"palsson, master. gosta leonard",male,2.0,3,1,349909,21.075,,s
334,3,"vander planke, mr. leo edmondus",male,16.0,2,0,345764,18.0,,s
413,1,"minahan, miss. daisy e",female,33.0,1,0,19928,90.0,c78,q
440,2,"kvillner, mr. johan henrik johannesson",male,31.0,0,0,c.a. 18723,10.5,,s
750,3,"connaghton, mr. michael",male,31.0,0,0,335097,7.75,,q
626,1,"sutton, mr. frederick",male,61.0,0,0,36963,32.3208,d50,s
115,3,"attalah, miss. malake",female,17.0,0,0,2627,14.4583,,c
375,3,"palsson, miss. stina viola",female,3.0,3,1,349909,21.075,,s
635,3,"skoog, miss. mabel",female,9.0,3,2,347088,27.9,,s
597,2,"leitch, miss. jessie wills",female,,0,0,248727,33.0,,s
406,2,"gale, mr. shadrach",male,34.0,1,0,28664,21.0,,s
528,1,"farthing, mr. john",male,,0,0,pc 17483,221.7792,c95,s
706,2,"morley, mr. henry samuel (""mr henry marshall"")",male,39.0,0,0,250655,26.0,,s
793,3,"sage, miss. stella anna",female,,8,2,ca. 2343,69.55,,s
359,3,"mcgovern, miss. mary",female,,0,0,330931,7.8792,,q
12,1,"bonnell, miss. elizabeth",female,58.0,0,0,113783,26.55,c103,s
269,1,"graham, mrs. william thompson (edith junkins)",female,58.0,0,1,pc 17582,153.4625,c125,s
131,3,"drazenoic, mr. jozef",male,33.0,0,0,349241,7.8958,,c
177,3,"lefebre, master. henry forbes",male,,3,1,4133,25.4667,,s
309,2,"abelson, mr. samuel",male,30.0,1,0,p/pp 3381,24.0,,c
361,3,"skoog, mr. wilhelm",male,40.0,1,4,347088,27.9,,s
535,3,"cacic, miss. marija",female,30.0,0,0,315084,8.6625,,s
152,1,"pears, mrs. thomas (edith wearne)",female,22.0,1,0,113776,66.6,c2,s
735,2,"troupiansky, mr. moses aaron",male,23.0,0,0,233639,13.0,,s
469,3,"scanlan, mr. james",male,,0,0,36209,7.725,,q
411,3,"sdycoff, mr. todor",male,,0,0,349222,7.8958,,s
77,3,"staneff, mr. ivan",male,,0,0,349208,7.8958,,s
652,2,"doling, miss. elsie",female,18.0,0,1,231919,23.0,,s
292,1,"bishop, mrs. dickinson h (helen walton)",female,19.0,1,0,11967,91.0792,b49,c
825,3,"panula, master. urho abraham",male,2.0,4,1,3101295,39.6875,,s
558,1,"robbins, mr. victor",male,,0,0,pc 17757,227.525,,c
279,3,"rice, master. eric",male,7.0,4,1,382652,29.125,,q
311,1,"hays, miss. margaret bechstein",female,24.0,0,0,11767,83.1583,c54,c
138,1,"futrelle, mr. jacques heath",male,37.0,1,0,113803,53.1,c123,s
710,3,"moubarek, master. halim gonios (""william george"")",male,,1,1,2661,15.2458,,c
94,3,"dean, mr. bertram frank",male,26.0,1,2,c.a. 2315,20.575,,s
254,3,"lobb, mr. william arthur",male,30.0,1,0,a/5. 3336,16.1,,s
56,1,"woolner, mr. hugh",male,,0,0,19947,35.5,c52,s
595,2,"chapman, mr. john henry",male,37.0,1,0,sc/ah 29037,26.0,,s
584,1,"ross, mr. john hugo",male,36.0,0,0,13049,40.125,a10,c
785,3,"ali, mr. william",male,25.0,0,0,soton/o.q. 3101312,7.05,,s
720,3,"johnson, mr. malkolm joackim",male,33.0,0,0,347062,7.775,,s
432,3,"thorneycroft, mrs. percival (florence kate white)",female,,1,0,376564,16.1,,s
757,3,"carlsson, mr. august sigfrid",male,28.0,0,0,350042,7.7958,,s
274,1,"natsch, mr. charles h",male,37.0,0,1,pc 17596,29.7,c118,c
853,3,"boulos, miss. nourelain",female,9.0,1,1,2678,15.2458,,c
110,3,"moran, miss. bertha",female,,1,0,371110,24.15,,q
325,3,"sage, mr. george john jr",male,,8,2,ca. 2343,69.55,,s
795,3,"dantcheff, mr. ristiu",male,25.0,0,0,349203,7.8958,,s
183,3,"asplund, master. clarence gustaf hugo",male,9.0,4,2,347077,31.3875,,s
398,2,"mckane, mr. peter david",male,46.0,0,0,28403,26.0,,s
416,3,"meek, mrs. thomas (annie louise rowley)",female,,0,0,343095,8.05,,s
433,2,"louch, mrs. charles alexander (alice adelaide slow)",female,42.0,1,0,sc/ah 3085,26.0,,s
362,2,"del carlo, mr. sebastiano",male,29.0,1,0,sc/paris 2167,27.7208,,c
488,1,"kent, mr. edward austin",male,58.0,0,0,11771,29.7,b37,c
296,1,"lewy, mr. ervin g",male,,0,0,pc 17612,27.7208,,c
371,1,"harder, mr. george achilles",male,25.0,1,0,11765,55.4417,e50,c
425,3,"rosblom, mr. viktor richard",male,18.0,1,1,370129,20.2125,,s
154,3,"van billiard, mr. austin blyler",male,40.5,0,2,a/5. 851,14.5,,s
180,3,"leonard, mr. lionel",male,36.0,0,0,line,0.0,,s
5,3,"allen, mr. william henry",male,35.0,0,0,373450,8.05,,s
389,3,"sadlier, mr. matthew",male,,0,0,367655,7.7292,,q
287,3,"de mulder, mr. theodore",male,30.0,0,0,345774,9.5,,s
862,2,"giles, mr. frederick edward",male,21.0,1,0,28134,11.5,,s
24,1,"sloper, mr. william thompson",male,28.0,0,0,113788,35.5,a6,s
841,3,"alhomaki, mr. ilmari rudolf",male,20.0,0,0,soton/o2 3101287,7.925,,s
29,3,"o'dwyer, miss. ellen ""nellie""",female,,0,0,330959,7.8792,,q
257,1,"thorne, mrs. gertrude maybelle",female,,0,0,pc 17585,79.2,,c
42,2,"turpin, mrs. william john robert (dorothy ann wonnacott)",female,27.0,1,0,11668,21.0,,s
350,3,"dimic, mr. jovan",male,42.0,0,0,315088,8.6625,,s
728,3,"mannion, miss. margareth",female,,0,0,36866,7.7375,,q
295,3,"mineff, mr. ivan",male,24.0,0,0,349233,7.8958,,s
775,2,"hocking, mrs. elizabeth (eliza needs)",female,54.0,1,3,29105,23.0,,s
642,1,"sagesser, mlle. emma",female,24.0,0,0,pc 17477,69.3,b35,c
804,3,"thomas, master. assad alexander",male,0.42,0,1,2625,8.5167,,c
520,3,"pavlovic, mr. stefo",male,32.0,0,0,349242,7.8958,,s
54,2,"faunthorpe, mrs. lizzie (elizabeth anne wilkinson)",female,29.0,1,0,2926,26.0,,s
665,3,"lindqvist, mr. eino william",male,20.0,1,0,ston/o 2. 3101285,7.925,,s
571,2,"harris, mr. george",male,62.0,0,0,s.w./pp 752,10.5,,s
378,1,"widener, mr. harry elkins",male,27.0,0,2,113503,211.5,c82,c
605,1,"homer, mr. harry (""mr e haven"")",male,35.0,0,0,111426,26.55,,c
888,1,"graham, miss. margaret edith",female,19.0,0,0,112053,30.0,b42,s
798,3,"osman, mrs. mara",female,31.0,0,0,349244,8.6833,,s
354,3,"arnold-franchi, mr. josef",male,25.0,1,0,349237,17.8,,s
365,3,"o'brien, mr. thomas",male,,1,0,370365,15.5,,q
394,1,"newell, miss. marjorie",female,23.0,1,0,35273,113.275,d36,c
698,3,"mullens, miss. katherine ""katie""",female,,0,0,35852,7.7333,,q
157,3,"gilnagh, miss. katherine ""katie""",female,16.0,0,0,35851,7.7333,,q
468,1,"smart, mr. john montgomery",male,56.0,0,0,113792,26.55,,s
843,1,"serepeca, miss. augusta",female,30.0,0,0,113798,31.0,,c
650,3,"stanley, miss. amy zillah elsie",female,23.0,0,0,ca. 2314,7.55,,s
604,3,"torber, mr. ernst william",male,44.0,0,0,364511,8.05,,s
209,3,"carr, miss. helen ""ellen""",female,16.0,0,0,367231,7.75,,q
82,3,"sheerlinck, mr. jan baptist",male,29.0,0,0,345779,9.5,,s
754,3,"jonkoff, mr. lalio",male,23.0,0,0,349204,7.8958,,s
118,2,"turpin, mr. william john robert",male,29.0,1,0,11668,21.0,,s
824,3,"moor, mrs. (beila)",female,27.0,0,1,392096,12.475,e121,s
356,3,"vanden steen, mr. leo peter",male,28.0,0,0,345783,9.5,,s
106,3,"mionoff, mr. stoytcho",male,28.0,0,0,349207,7.8958,,s
546,1,"nicholson, mr. arthur ernest",male,64.0,0,0,693,26.0,,s
19,3,"vander planke, mrs. julius (emelia maria vandemoortele)",female,31.0,1,0,345763,18.0,,s
226,3,"berglund, mr. karl ivar sven",male,22.0,0,0,pp 4348,9.35,,s
435,1,"silvey, mr. william baird",male,50.0,1,0,13507,55.9,e44,s
88,3,"slocovski, mr. selman francis",male,,0,0,soton/oq 392086,8.05,,s
21,2,"fynney, mr. joseph j",male,35.0,0,0,239865,26.0,,s
640,3,"thorneycroft, mr. percival",male,,1,0,376564,16.1,,s
647,3,"cor, mr. liudevit",male,19.0,0,0,349231,7.8958,,s
132,3,"coelho, mr. domingos fernandeo",male,20.0,0,0,soton/o.q. 3101307,7.05,,s
216,1,"newell, miss. madeleine",female,31.0,1,0,35273,113.275,d36,c
64,3,"skoog, master. harald",male,4.0,3,2,347088,27.9,,s
293,2,"levy, mr. rene jacques",male,36.0,0,0,sc/paris 2163,12.875,d,c
288,3,"naidenoff, mr. penko",male,22.0,0,0,349206,7.8958,,s
739,3,"ivanoff, mr. kanio",male,,0,0,349201,7.8958,,s
490,3,"coutts, master. eden leslie ""neville""",male,9.0,1,1,c.a. 37671,15.9,,s
646,1,"harper, mr. henry sleeper",male,48.0,1,0,pc 17572,76.7292,d33,c
547,2,"beane, mrs. edward (ethel clarke)",female,19.0,1,0,2908,26.0,,s
651,3,"mitkoff, mr. mito",male,,0,0,349221,7.8958,,s
816,1,"fry, mr. richard",male,,0,0,112058,0.0,b102,s
439,1,"fortune, mr. mark",male,64.0,1,4,19950,263.0,c23 c25 c27,s
276,1,"andrews, miss. kornelia theodosia",female,63.0,1,0,13502,77.9583,d7,s
153,3,"meo, mr. alfonzo",male,55.5,0,0,a.5. 11206,8.05,,s
522,3,"vovk, mr. janko",male,22.0,0,0,349252,7.8958,,s
707,2,"kelly, mrs. florence ""fannie""",female,45.0,0,0,223596,13.5,,s
623,3,"nakid, mr. sahid",male,20.0,1,1,2653,15.7417,,c
73,2,"hood, mr. ambrose jr",male,21.0,0,0,s.o.c. 14879,73.5,,s
638,2,"collyer, mr. harvey",male,31.0,1,1,c.a. 31921,26.25,,s
553,3,"o'brien, mr. timothy",male,,0,0,330979,7.8292,,q
142,3,"nysten, miss. anna sofia",female,22.0,0,0,347081,7.75,,s
617,3,"danbom, mr. ernst gilbert",male,34.0,1,1,347080,14.4,,s
155,3,"olsen, mr. ole martin",male,,0,0,fa 265302,7.3125,,s
294,3,"haas, miss. aloisia",female,24.0,0,0,349236,8.85,,s
805,3,"hedman, mr. oskar arvid",male,27.0,0,0,347089,6.975,,s
203,3,"johanson, mr. jakob alfred",male,34.0,0,0,3101264,6.4958,,s
374,1,"ringhini, mr. sante",male,22.0,0,0,pc 17760,135.6333,,c
317,2,"kantor, mrs. sinai (miriam sternin)",female,24.0,1,0,244367,26.0,,s
126,3,"nicola-yarred, master. elias",male,12.0,1,0,2651,11.2417,,c
807,1,"andrews, mr. thomas jr",male,39.0,0,0,112050,0.0,a36,s
577,2,"garside, miss. ethel",female,34.0,0,0,243880,13.0,,s
591,3,"rintamaki, mr. matti",male,35.0,0,0,ston/o 2. 3101273,7.125,,s
305,3,"williams, mr. howard hugh ""harry""",male,,0,0,a/5 2466,8.05,,s
385,3,"plotcharsky, mr. vasil",male,,0,0,349227,7.8958,,s
487,1,"hoyt, mrs. frederick maxfield (jane anne forby)",female,35.0,1,0,19943,90.0,c93,s
200,2,"yrois, miss. henriette (""mrs harbeck"")",female,24.0,0,0,248747,13.0,,s
882,3,"markun, mr. johann",male,33.0,0,0,349257,7.8958,,s
6,3,"moran, mr. james",male,,0,0,330877,8.4583,,q
718,2,"troutt, miss. edwina celia ""winnie""",female,27.0,0,0,34218,10.5,e101,s
99,2,"doling, mrs. john t (ada julia bone)",female,34.0,0,1,231919,23.0,,s
129,3,"peter, miss. anna",female,,1,1,2668,22.3583,f e69,c
772,3,"jensen, mr. niels peder",male,48.0,0,0,350047,7.8542,,s
691,1,"dick, mr. albert adrian",male,31.0,1,0,17474,57.0,b20,s
47,3,"lennon, mr. denis",male,,1,0,370371,15.5,,q
474,2,"jerwan, mrs. amin s (marie marthe thuillard)",female,23.0,0,0,sc/ah basle 541,13.7917,d,c
272,3,"tornquist, mr. william henry",male,25.0,0,0,line,0.0,,s
839,3,"chip, mr. chang",male,32.0,0,0,1601,56.4958,,s
263,1,"taussig, mr. emil",male,52.0,1,1,110413,79.65,e67,s
463,1,"gee, mr. arthur h",male,47.0,0,0,111320,38.5,e63,s
159,3,"smiljanic, mr. mile",male,,0,0,315037,8.6625,,s
637,3,"leinonen, mr. antti gustaf",male,32.0,0,0,ston/o 2. 3101292,7.925,,s
796,2,"otter, mr. richard",male,39.0,0,0,28213,13.0,,s
659,2,"eitemiller, mr. george floyd",male,23.0,0,0,29751,13.0,,s
251,3,"reed, mr. james george",male,,0,0,362316,7.25,,s
792,2,"gaskell, mr. alfred",male,16.0,0,0,239865,26.0,,s
572,1,"appleton, mrs. edward dale (charlotte lamson)",female,53.0,2,0,11769,51.4792,c101,s
384,1,"holverson, mrs. alexander oskar (mary aline towner)",female,35.0,1,0,113789,52.0,,s
566,3,"davies, mr. alfred j",male,24.0,2,0,a/4 48871,24.15,,s
881,2,"shelley, mrs. william (imanita parrish hall)",female,25.0,0,1,230433,26.0,,s
514,1,"rothschild, mrs. martin (elizabeth l. barrett)",female,54.0,1,0,pc 17603,59.4,,c
574,3,"kelly, miss. mary",female,,0,0,14312,7.75,,q
858,1,"daly, mr. peter denis ",male,51.0,0,0,113055,26.55,e17,s
192,2,"carbines, mr. william",male,19.0,0,0,28424,13.0,,s
396,3,"johansson, mr. erik",male,22.0,0,0,350052,7.7958,,s
410,3,"lefebre, miss. ida",female,,3,1,4133,25.4667,,s
78,3,"moutal, mr. rahamin haim",male,,0,0,374746,8.05,,s
658,3,"bourke, mrs. john (catherine)",female,32.0,1,1,364849,15.5,,q
271,1,"cairns, mr. alexander",male,,0,0,113798,31.0,,s
422,3,"charters, mr. david",male,21.0,0,0,a/5. 13032,7.7333,,q
9,3,"johnson, mrs. oscar w (elisabeth vilhelmina berg)",female,27.0,0,2,347742,11.1333,,s
127,3,"mcmahon, mr. martin",male,,0,0,370372,7.75,,q
840,1,"marechal, mr. pierre",male,,0,0,11774,29.7,c47,c
472,3,"cacic, mr. luka",male,38.0,0,0,315089,8.6625,,s
253,1,"stead, mr. william thomas",male,62.0,0,0,113514,26.55,c87,s
66,3,"moubarek, master. gerios",male,,1,1,2661,15.2458,,c
655,3,"hegarty, miss. hanora ""nora""",female,18.0,0,0,365226,6.75,,q
193,3,"andersen-jensen, miss. carla christine nielsine",female,19.0,1,0,350046,7.8542,,s
482,2,"frost, mr. anthony wood ""archie""",male,,0,0,239854,0.0,,s
333,1,"graham, mr. george edward",male,38.0,0,1,pc 17582,153.4625,c91,s
575,3,"rush, mr. alfred george john",male,16.0,0,0,a/4. 20589,8.05,,s
86,3,"backstrom, mrs. karl alfred (maria mathilda gustafsson)",female,33.0,3,0,3101278,15.85,,s
284,3,"dorking, mr. edward arthur",male,19.0,0,0,a/5. 10482,8.05,,s
863,1,"swift, mrs. frederick joel (margaret welles barron)",female,48.0,0,0,17466,25.9292,d17,s
11,3,"sandstrom, miss. marguerite rut",female,4.0,1,1,pp 9549,16.7,g6,s
565,3,"meanwell, miss. (marion ogden)",female,,0,0,soton/o.q. 392087,8.05,,s
838,3,"sirota, mr. maurice",male,,0,0,392092,8.05,,s
581,2,"christy, miss. julie rachel",female,25.0,1,1,237789,30.0,,s
869,3,"van melkebeke, mr. philemon",male,,0,0,345777,9.5,,s
151,2,"bateman, rev. robert james",male,51.0,0,0,s.o.p. 1166,12.525,,s
59,2,"west, miss. constance mirium",female,5.0,1,2,c.a. 34651,27.75,,s
49,3,"samaan, mr. youssef",male,,2,0,2662,21.6792,,c
312,1,"ryerson, miss. emily borie",female,18.0,2,2,pc 17608,262.375,b57 b59 b63 b66,c
531,2,"quick, miss. phyllis may",female,2.0,1,1,26360,26.0,,s
800,3,"van impe, mrs. jean baptiste (rosalie paula govaert)",female,30.0,1,1,345773,24.15,,s
38,3,"cann, mr. ernest charles",male,21.0,0,0,a./5. 2152,8.05,,s
730,3,"ilmakangas, miss. pieta sofia",female,25.0,1,0,ston/o2. 3101271,7.925,,s
693,3,"lam, mr. ali",male,,0,0,1601,56.4958,,s
704,3,"gallagher, mr. martin",male,25.0,0,0,36864,7.7417,,q
206,3,"strom, miss. telma matilda",female,2.0,0,1,347054,10.4625,g6,s
828,2,"mallet, master. andre",male,1.0,0,2,s.c./paris 2079,37.0042,,c
859,3,"baclini, mrs. solomon (latifa qurban)",female,24.0,0,3,2666,19.2583,,c
583,2,"downton, mr. william james",male,54.0,0,0,28403,26.0,,s
865,2,"gill, mr. john william",male,24.0,0,0,233866,13.0,,s
847,3,"sage, mr. douglas bullen",male,,8,2,ca. 2343,69.55,,s
880,1,"potter, mrs. thomas jr (lily alexenia wilson)",female,56.0,0,1,11767,83.1583,c50,c
405,3,"oreskovic, miss. marija",female,20.0,0,0,315096,8.6625,,s
87,3,"ford, mr. william neal",male,16.0,1,3,w./c. 6608,34.375,,s
45,3,"devaney, miss. margaret delia",female,19.0,0,0,330958,7.8792,,q
158,3,"corn, mr. harry",male,30.0,0,0,soton/oq 392090,8.05,,s
536,2,"hart, miss. eva miriam",female,7.0,0,2,f.c.c. 13529,26.25,,s
460,3,"o'connor, mr. maurice",male,,0,0,371060,7.75,,q
703,3,"barbara, miss. saiide",female,18.0,0,1,2691,14.4542,,c
747,3,"abbott, mr. rossmore edward",male,16.0,1,1,c.a. 2673,20.25,,s
864,3,"sage, miss. dorothy edith ""dolly""",female,,8,2,ca. 2343,69.55,,s
101,3,"petranec, miss. matilda",female,28.0,0,0,349245,7.8958,,s
218,2,"jacobsohn, mr. sidney samuel",male,42.0,1,0,243847,27.0,,s
112,3,"zabour, miss. hileni",female,14.5,1,0,2665,14.4542,,c
137,1,"newsom, miss. helen monypeny",female,19.0,0,2,11752,26.2833,d47,s
330,1,"hippach, miss. jean gertrude",female,16.0,0,1,111361,57.9792,b18,c
434,3,"kallio, mr. nikolai erland",male,17.0,0,0,ston/o 2. 3101274,7.125,,s
397,3,"olsson, miss. elina",female,31.0,0,0,350407,7.8542,,s
716,3,"soholt, mr. peter andreas lauritz andersen",male,19.0,0,0,348124,7.65,f g73,s
709,1,"cleaver, miss. alice",female,22.0,0,0,113781,151.55,,s
247,3,"lindahl, miss. agda thorilda viktoria",female,25.0,0,0,347071,7.775,,s
715,2,"greenberg, mr. samuel",male,52.0,0,0,250647,13.0,,s
633,1,"stahelin-maeglin, dr. max",male,32.0,0,0,13214,30.5,b50,c
845,3,"culumovic, mr. jeso",male,17.0,0,0,315090,8.6625,,s
854,1,"lines, miss. mary conover",female,16.0,0,1,pc 17592,39.4,d28,s
606,3,"lindell, mr. edvard bengtsson",male,36.0,1,0,349910,15.55,,s
736,3,"williams, mr. leslie",male,28.5,0,0,54636,16.1,,s
556,1,"wright, mr. george",male,62.0,0,0,113807,26.55,,s
10,2,"nasser, mrs. nicholas (adele achem)",female,14.0,1,0,237736,30.0708,,c
810,1,"chambers, mrs. norman campbell (bertha griggs)",female,33.0,1,0,113806,53.1,e8,s
364,3,"asim, mr. adola",male,35.0,0,0,soton/o.q. 3101310,7.05,,s
819,3,"holm, mr. john fredrik alexander",male,43.0,0,0,c 7075,6.45,,s
429,3,"flynn, mr. james",male,,0,0,364851,7.75,,q
699,1,"thayer, mr. john borland",male,49.0,1,1,17421,110.8833,c68,c
306,1,"allison, master. hudson trevor",male,0.92,1,2,113781,151.55,c22 c26,s
538,1,"leroy, miss. bertha",female,30.0,0,0,pc 17761,106.425,,c
124,2,"webber, miss. susan",female,32.5,0,0,27267,13.0,e101,s
765,3,"eklund, mr. hans linus",male,16.0,0,0,347074,7.775,,s
866,2,"bystrom, mrs. (karolina)",female,42.0,0,0,236852,13.0,,s
417,2,"drew, mrs. james vivian (lulu thorne christian)",female,34.0,1,1,28220,32.5,,s
484,3,"turkula, mrs. (hedwig)",female,63.0,0,0,4134,9.5875,,s
473,2,"west, mrs. edwy arthur (ada mary worth)",female,33.0,1,2,c.a. 34651,27.75,,s
266,2,"reeves, mr. david",male,36.0,0,0,c.a. 17248,10.5,,s
420,3,"van impe, miss. catharina",female,10.0,0,2,345773,24.15,,s
766,1,"hogeboom, mrs. john c (anna andrews)",female,51.0,1,0,13502,77.9583,d11,s
170,3,"ling, mr. lee",male,28.0,0,0,1601,56.4958,,s
761,3,"garfirth, mr. john",male,,0,0,358585,14.5,,s
286,3,"stankovic, mr. ivan",male,33.0,0,0,349239,8.6625,,c
187,3,"o'brien, mrs. thomas (johanna ""hannah"" godfrey)",female,,1,0,370365,15.5,,q
208,3,"albimona, mr. nassef cassem",male,26.0,0,0,2699,18.7875,,c
261,3,"smith, mr. thomas",male,,0,0,384461,7.75,,q
762,3,"nirva, mr. iisakki antino aijo",male,41.0,0,0,soton/o2 3101272,7.125,,s
675,2,"watson, mr. ennis hastings",male,,0,0,239856,0.0,,s
491,3,"hagland, mr. konrad mathias reiersen",male,,1,0,65304,19.9667,,s
179,2,"hale, mr. reginald",male,30.0,0,0,250653,13.0,,s
16,2,"hewlett, mrs. (mary d kingcome) ",female,55.0,0,0,248706,16.0,,s
237,2,"hold, mr. stephen",male,44.0,1,0,26707,26.0,,s
165,3,"panula, master. eino viljami",male,1.0,4,1,3101295,39.6875,,s
173,3,"johnson, miss. eleanor ileen",female,1.0,1,1,347742,11.1333,,s
327,3,"nysveen, mr. johan hansen",male,61.0,0,0,345364,6.2375,,s
302,3,"mccoy, mr. bernard",male,,2,0,367226,23.25,,q
172,3,"rice, master. arthur",male,4.0,4,1,382652,29.125,,q
817,3,"heininen, miss. wendla maria",female,23.0,0,0,ston/o2. 3101290,7.925,,s
521,1,"perreault, miss. anne",female,30.0,0,0,12749,93.5,b73,s
844,3,"lemberopolous, mr. peter l",male,34.5,0,0,2683,6.4375,,c
347,2,"smith, miss. marion elsie",female,40.0,0,0,31418,13.0,,s
285,1,"smith, mr. richard william",male,,0,0,113056,26.0,a19,s
215,3,"kiernan, mr. philip",male,,1,0,367229,7.75,,q
560,3,"de messemaeker, mrs. guillaume joseph (emma)",female,36.0,1,0,345572,17.4,,s
763,3,"barah, mr. hanna assi",male,20.0,0,0,2663,7.2292,,c
513,1,"mcgough, mr. james robert",male,36.0,0,0,pc 17473,26.2875,e25,s
497,1,"eustis, miss. elizabeth mussey",female,54.0,1,0,36947,78.2667,d20,c
338,1,"burns, miss. elizabeth margaret",female,41.0,0,0,16966,134.5,e40,c
717,1,"endres, miss. caroline louise",female,38.0,0,0,pc 17757,227.525,c45,c
270,1,"bissette, miss. amelia",female,35.0,0,0,pc 17760,135.6333,c99,s
688,3,"dakic, mr. branko",male,19.0,0,0,349228,10.1708,,s
117,3,"connors, mr. patrick",male,70.5,0,0,370369,7.75,,q
667,2,"butler, mr. reginald fenton",male,25.0,0,0,234686,13.0,,s
164,3,"calic, mr. jovo",male,17.0,0,0,315093,8.6625,,s
891,3,"dooley, mr. patrick",male,32.0,0,0,370376,7.75,,q
401,3,"niskanen, mr. juha",male,39.0,0,0,ston/o 2. 3101289,7.925,,s
424,3,"danbom, mrs. ernst gilbert (anna sigrid maria brogren)",female,28.0,1,1,347080,14.4,,s
68,3,"crease, mr. ernest james",male,19.0,0,0,s.p. 3464,8.1583,,s
628,1,"longley, miss. gretchen fiske",female,21.0,0,0,13502,77.9583,d9,s
848,3,"markoff, mr. marin",male,35.0,0,0,349213,7.8958,,c
140,1,"giglio, mr. victor",male,24.0,0,0,pc 17593,79.2,b86,c
671,2,"brown, mrs. thomas william solomon (elizabeth catherine ford)",female,40.0,1,1,29750,39.0,,s
372,3,"wiklund, mr. jakob alfred",male,18.0,1,0,3101267,6.4958,,s
219,1,"bazzani, miss. albina",female,32.0,0,0,11813,76.2917,d15,c
419,2,"matthews, mr. william john",male,30.0,0,0,28228,13.0,,s
567,3,"stoytcheff, mr. ilia",male,19.0,0,0,349205,7.8958,,s
250,2,"carter, rev. ernest courtenay",male,54.0,1,0,244252,26.0,,s
414,2,"cunningham, mr. alfred fleming",male,,0,0,239853,0.0,,s
150,2,"byles, rev. thomas roussel davids",male,42.0,0,0,244310,13.0,,s
144,3,"burke, mr. jeremiah",male,19.0,0,0,365222,6.75,,q
723,2,"gillespie, mr. william henry",male,34.0,0,0,12233,13.0,,s
147,3,"andersson, mr. august edvard (""wennerstrom"")",male,27.0,0,0,350043,7.7958,,s
653,3,"kalvik, mr. johannes halvorsen",male,21.0,0,0,8475,8.4333,,s
835,3,"allum, mr. owen george",male,18.0,0,0,2223,8.3,,s
477,2,"renouf, mr. peter henry",male,34.0,1,0,31027,21.0,,s
530,2,"hocking, mr. richard george",male,23.0,2,1,29104,11.5,,s
624,3,"hansen, mr. henry damsgaard",male,21.0,0,0,350029,7.8542,,s
355,3,"yousif, mr. wazli",male,,0,0,2647,7.225,,c
812,3,"lester, mr. james",male,39.0,0,0,a/4 48871,24.15,,s
802,2,"collyer, mrs. harvey (charlotte annie tate)",female,31.0,1,1,c.a. 31921,26.25,,s
304,2,"keane, miss. nora a",female,,0,0,226593,12.35,e101,q
518,3,"ryan, mr. patrick",male,,0,0,371110,24.15,,q
74,3,"chronopoulos, mr. apostolos",male,26.0,1,0,2680,14.4542,,c
441,2,"hart, mrs. benjamin (esther ada bloomfield)",female,45.0,1,1,f.c.c. 13529,26.25,,s
542,3,"andersson, miss. ingeborg constanzia",female,9.0,4,2,347082,31.275,,s
753,3,"vande velde, mr. johannes joseph",male,33.0,0,0,345780,9.5,,s
752,3,"moor, master. meier",male,6.0,0,1,392096,12.475,e121,s
548,2,"padro y manent, mr. julian",male,,0,0,sc/paris 2146,13.8625,,c
596,3,"van impe, mr. jean baptiste",male,36.0,1,1,345773,24.15,,s
97,1,"goldschmidt, mr. george b",male,71.0,0,0,pc 17754,34.6542,a5,c
639,3,"panula, mrs. juha (maria emilia ojala)",female,41.0,0,5,3101295,39.6875,,s
527,2,"ridsdale, miss. lucy",female,50.0,0,0,w./c. 14258,10.5,,s
551,1,"thayer, mr. john borland jr",male,17.0,0,2,17421,110.8833,c70,c
178,1,"isham, miss. ann elizabeth",female,50.0,0,0,pc 17595,28.7125,c49,c
379,3,"betros, mr. tannous",male,20.0,0,0,2648,4.0125,,c
598,3,"johnson, mr. alfred",male,49.0,0,0,line,0.0,,s
502,3,"canavan, miss. mary",female,21.0,0,0,364846,7.75,,q
455,3,"peduzzi, mr. joseph",male,,0,0,a/5 2817,8.05,,s
222,2,"bracken, mr. james h",male,27.0,0,0,220367,13.0,,s
40,3,"nicola-yarred, miss. jamila",female,14.0,1,0,2651,11.2417,,c
764,1,"carter, mrs. william ernest (lucile polk)",female,36.0,1,2,113760,120.0,b96 b98,s
32,1,"spencer, mrs. william augustus (marie eugenie)",female,,1,0,pc 17569,146.5208,b78,c
878,3,"petroff, mr. nedelio",male,19.0,0,0,349212,7.8958,,s
458,1,"kenyon, mrs. frederick r (marion)",female,,1,0,17464,51.8625,d21,s
108,3,"moss, mr. albert johan",male,,0,0,312991,7.775,,s
751,2,"wells, miss. joan",female,4.0,1,1,29103,23.0,,s
415,3,"sundman, mr. johan julian",male,44.0,0,0,ston/o 2. 3101269,7.925,,s
582,1,"thayer, mrs. john borland (marian longstreth morris)",female,39.0,1,1,17421,110.8833,c68,c
128,3,"madsen, mr. fridtjof arne",male,24.0,0,0,c 17369,7.1417,,s
111,1,"porter, mr. walter chamberlain",male,47.0,0,0,110465,52.0,c110,s
27,3,"emir, mr. farred chehab",male,,0,0,2631,7.225,,c
171,1,"van der hoef, mr. wyckoff",male,61.0,0,0,111240,33.5,b19,s
72,3,"goodwin, miss. lillian amy",female,16.0,5,2,ca 2144,46.9,,s
636,2,"davis, miss. mary",female,28.0,0,0,237668,13.0,,s
41,3,"ahlin, mrs. johan (johanna persdotter larsson)",female,40.0,1,0,7546,9.475,,s
48,3,"o'driscoll, miss. bridget",female,,0,0,14311,7.75,,q
162,2,"watt, mrs. james (elizabeth ""bessie"" inglis milne)",female,40.0,0,0,c.a. 33595,15.75,,s
773,2,"mack, mrs. (mary)",female,57.0,0,0,s.o./p.p. 3,10.5,e77,s
511,3,"daly, mr. eugene patrick",male,29.0,0,0,382651,7.75,,q
80,3,"dowdell, miss. elizabeth",female,30.0,0,0,364516,12.475,,s
388,2,"buss, miss. kate",female,36.0,0,0,27849,13.0,,s
608,1,"daniel, mr. robert williams",male,27.0,0,0,113804,30.5,,s
328,2,"ball, mrs. (ada e hall)",female,36.0,0,0,28551,13.0,d,s
403,3,"jussila, miss. mari aina",female,21.0,1,0,4137,9.825,,s
504,3,"laitinen, miss. kristina sofia",female,37.0,0,0,4135,9.5875,,s
759,3,"theobald, mr. thomas leonard",male,34.0,0,0,363294,8.05,,s
486,3,"lefebre, miss. jeannie",female,,3,1,4133,25.4667,,s
834,3,"augustsson, mr. albert",male,23.0,0,0,347468,7.8542,,s
444,2,"reynaldo, ms. encarnacion",female,28.0,0,0,230434,13.0,,s
731,1,"allen, miss. elisabeth walton",female,29.0,0,0,24160,211.3375,b5,s
340,1,"blackwell, mr. stephen weart",male,45.0,0,0,113784,35.5,t,s
481,3,"goodwin, master. harold victor",male,9.0,5,2,ca 2144,46.9,,s
352,1,"williams-lambert, mr. fletcher fellows",male,,0,0,113510,35.0,c128,s
249,1,"beckwith, mr. richard leonard",male,37.0,1,1,11751,52.5542,d35,s
875,2,"abelson, mrs. samuel (hannah wizosky)",female,28.0,1,0,p/pp 3381,24.0,,c
697,3,"kelly, mr. james",male,44.0,0,0,363592,8.05,,s
238,2,"collyer, miss. marjorie ""lottie""",female,8.0,0,2,c.a. 31921,26.25,,s
95,3,"coxon, mr. daniel",male,59.0,0,0,364500,7.25,,s
689,3,"fischer, mr. eberhard thelander",male,18.0,0,0,350036,7.7958,,s
214,2,"givard, mr. hans kristensen",male,30.0,0,0,250646,13.0,,s
579,3,"caram, mrs. joseph (maria elias)",female,,1,0,2689,14.4583,,c
103,1,"white, mr. richard frasar",male,21.0,0,1,35281,77.2875,d26,s
344,2,"sedgwick, mr. charles frederick waddington",male,25.0,0,0,244361,13.0,,s
400,2,"trout, mrs. william h (jessie l)",female,28.0,0,0,240929,12.65,,s
734,2,"berriman, mr. william john",male,23.0,0,0,28425,13.0,,s
732,3,"hassan, mr. houssein g n",male,11.0,0,0,2699,18.7875,,c
555,3,"ohman, miss. velin",female,22.0,0,0,347085,7.775,,s
79,2,"caldwell, master. alden gates",male,0.83,0,2,248738,29.0,,s
92,3,"andreasson, mr. paul edvin",male,20.0,0,0,347466,7.8542,,s
855,2,"carter, mrs. ernest courtenay (lilian hughes)",female,44.0,1,0,244252,26.0,,s
776,3,"myhrman, mr. pehr fabian oliver malkolm",male,18.0,0,0,347078,7.75,,s
264,1,"harrison, mr. william",male,40.0,0,0,112059,0.0,b94,s
322,3,"danoff, mr. yoto",male,27.0,0,0,349219,7.8958,,s
331,3,"mccoy, miss. agnes",female,,2,0,367226,23.25,,q
836,1,"compton, miss. sara rebecca",female,39.0,1,1,pc 17756,83.1583,e49,c
471,3,"keefe, mr. arthur",male,,0,0,323592,7.25,,s
609,2,"laroche, mrs. joseph (juliette marie louise lafargue)",female,22.0,1,2,sc/paris 2123,41.5792,,c
453,1,"foreman, mr. benjamin laventall",male,30.0,0,0,113051,27.75,c111,c
17,3,"rice, master. eugene",male,2.0,4,1,382652,29.125,,q
682,1,"hassab, mr. hammad",male,27.0,0,0,pc 17572,76.7292,d49,c
557,1,"duff gordon, lady. (lucille christiana sutherland) (""mrs morgan"")",female,48.0,1,0,11755,39.6,a16,c
120,3,"andersson, miss. ellis anna maria",female,2.0,4,2,347082,31.275,,s
383,3,"tikkanen, mr. juho",male,32.0,0,0,ston/o 2. 3101293,7.925,,s
412,3,"hart, mr. henry",male,,0,0,394140,6.8583,,q
390,2,"lehmann, miss. bertha",female,17.0,0,0,sc 1748,12.0,,c
711,1,"mayne, mlle. berthe antonine (""mrs de villiers"")",female,24.0,0,0,pc 17482,49.5042,c90,c
813,2,"slemen, mr. richard james",male,35.0,0,0,28206,10.5,,s
627,2,"kirkland, rev. charles leonard",male,57.0,0,0,219533,12.35,,q
195,1,"brown, mrs. james joseph (margaret tobin)",female,44.0,0,0,pc 17610,27.7208,b4,c
3,3,"heikkinen, miss. laina",female,26.0,0,0,ston/o2. 3101282,7.925,,s
213,3,"perkin, mr. john henry",male,22.0,0,0,a/5 21174,7.25,,s
245,3,"attalah, mr. sleiman",male,30.0,0,0,2694,7.225,,c
831,3,"yasbeck, mrs. antoni (selini alexander)",female,15.0,1,0,2659,14.4542,,c
273,2,"mellinger, mrs. (elizabeth anne maidment)",female,41.0,0,1,250644,19.5,,s
256,3,"touma, mrs. darwis (hanne youssef razi)",female,29.0,0,2,2650,15.2458,,c
660,1,"newell, mr. arthur webster",male,58.0,0,2,35273,113.275,d48,c
107,3,"salkjelsvik, miss. anna kristine",female,21.0,0,0,343120,7.65,,s
666,2,"hickman, mr. lewis",male,32.0,2,0,s.o.c. 14879,73.5,,s
141,3,"boulos, mrs. joseph (sultana)",female,,0,2,2678,15.2458,,c
452,3,"hagland, mr. ingvald olai olsen",male,,1,0,65303,19.9667,,s
186,1,"rood, mr. hugh roscoe",male,,0,0,113767,50.0,a32,s
500,3,"svensson, mr. olof",male,24.0,0,0,350035,7.7958,,s
198,3,"olsen, mr. karl siegwart andreas",male,42.0,0,1,4579,8.4042,,s
791,3,"keane, mr. andrew ""andy""",male,,0,0,12460,7.75,,q
593,3,"elsbury, mr. william james",male,47.0,0,0,a/5 3902,7.25,,s
28,1,"fortune, mr. charles alexander",male,19.0,3,2,19950,263.0,c23 c25 c27,s
641,3,"jensen, mr. hans peder",male,20.0,0,0,350050,7.8542,,s
746,1,"crosby, capt. edward gifford",male,70.0,1,1,we/p 5735,71.0,b22,s
620,2,"gavey, mr. lawrence",male,26.0,0,0,31028,10.5,,s
860,3,"razi, mr. raihed",male,,0,0,2629,7.2292,,c
212,2,"cameron, miss. clear annie",female,35.0,0,0,f.c.c. 13528,21.0,,s
599,3,"boulos, mr. hanna",male,,0,0,2664,7.225,,c
363,3,"barbara, mrs. (catherine david)",female,45.0,0,1,2691,14.4542,,c
874,3,"vander cruyssen, mr. victor",male,47.0,0,0,345765,9.0,,s
526,3,"farrell, mr. james",male,40.5,0,0,367232,7.75,,q
808,3,"pettersson, miss. ellen natalia",female,18.0,0,0,347087,7.775,,s
65,1,"stewart, mr. albert a",male,,0,0,pc 17605,27.7208,,c
849,2,"harper, rev. john",male,28.0,0,1,248727,33.0,,s
44,2,"laroche, miss. simonne marie anne andree",female,3.0,1,2,sc/paris 2123,41.5792,,c
386,2,"davies, mr. charles henry",male,18.0,0,0,s.o.c. 14879,73.5,,s
634,1,"parr, mr. william henry marsh",male,,0,0,112052,0.0,,s
399,2,"pain, dr. alfred",male,23.0,0,0,244278,10.5,,s
780,1,"robert, mrs. edward scott (elisabeth walton mcmillan)",female,43.0,0,1,24160,211.3375,b3,s
656,2,"hickman, mr. leonard mark",male,24.0,2,0,s.o.c. 14879,73.5,,s
130,3,"ekstrom, mr. johan",male,45.0,0,0,347061,6.975,,s
784,3,"johnston, mr. andrew g",male,,1,2,w./c. 6607,23.45,,s
713,1,"taylor, mr. elmer zebley",male,48.0,1,0,19996,52.0,c126,s
160,3,"sage, master. thomas henry",male,,8,2,ca. 2343,69.55,,s
790,1,"guggenheim, mr. benjamin",male,46.0,0,0,pc 17593,79.2,b82 b84,c
887,2,"montvila, rev. juozas",male,27.0,0,0,211536,13.0,,s
69,3,"andersson, miss. erna alexandra",female,17.0,4,2,3101281,7.925,,s
814,3,"andersson, miss. ebba iris alfrida",female,6.0,4,2,347082,31.275,,s
837,3,"pasic, mr. jakob",male,21.0,0,0,315097,8.6625,,s
811,3,"alexander, mr. william",male,26.0,0,0,3474,7.8875,,s
725,1,"chambers, mr. norman campbell",male,27.0,1,0,113806,53.1,e8,s
113,3,"barton, mr. david john",male,22.0,0,0,324669,8.05,,s
822,3,"lulic, mr. nikola",male,27.0,0,0,315098,8.6625,,s
767,1,"brewe, dr. arthur jackson",male,,0,0,112379,39.6,,c
418,2,"silven, miss. lyyli karoliina",female,18.0,0,2,250652,13.0,,s
46,3,"rogers, mr. william john",male,,0,0,s.c./a.4. 23567,8.05,,s
96,3,"shorney, mr. charles joseph",male,,0,0,374910,8.05,,s
369,3,"jermyn, miss. annie",female,,0,0,14313,7.75,,q
1,3,"braund, mr. owen harris",male,22.0,1,0,a/5 21171,7.25,,s
475,3,"strandberg, miss. ida sofia",female,22.0,0,0,7553,9.8375,,s
93,1,"chaffee, mr. herbert fuller",male,46.0,1,0,w.e.p. 5734,61.175,e31,s
670,1,"taylor, mrs. elmer zebley (juliet cummins wright)",female,,1,0,19996,52.0,c126,s
55,1,"ostby, mr. engelhart cornelius",male,65.0,0,1,113509,61.9792,b30,c
740,3,"nankoff, mr. minko",male,,0,0,349218,7.8958,,s
235,2,"leyson, mr. robert william norman",male,24.0,0,0,c.a. 29566,10.5,,s
252,3,"strom, mrs. wilhelm (elna matilda persson)",female,29.0,1,1,347054,10.4625,g6,s
696,2,"chapman, mr. charles henry",male,52.0,0,0,248731,13.5,,s
53,1,"harper, mrs. henry sleeper (myna haxtun)",female,49.0,1,0,pc 17572,76.7292,d33,c
525,3,"kassem, mr. fared",male,,0,0,2700,7.2292,,c
818,2,"mallet, mr. albert",male,31.0,1,1,s.c./paris 2079,37.0042,,c
335,1,"frauenthal, mrs. henry william (clara heinsheimer)",female,,1,0,pc 17611,133.65,,s
323,2,"slayter, miss. hilda mary",female,30.0,0,0,234818,12.35,,q
632,3,"lundahl, mr. johan svensson",male,51.0,0,0,347743,7.0542,,s
664,3,"coleff, mr. peju",male,36.0,0,0,349210,7.4958,,s
259,1,"ward, miss. anna",female,35.0,0,0,pc 17755,512.3292,,c
267,3,"panula, mr. ernesti arvid",male,16.0,4,1,3101295,39.6875,,s
381,1,"bidois, miss. rosalie",female,42.0,0,0,pc 17757,227.525,,c
278,2,"parkes, mr. francis ""frank""",male,,0,0,239853,0.0,,s
631,1,"barkworth, mr. algernon henry wilson",male,80.0,0,0,27042,30.0,a23,s
867,2,"duran y more, miss. asuncion",female,27.0,1,0,sc/paris 2149,13.8583,,c
210,1,"blank, mr. henry",male,40.0,0,0,112277,31.0,a31,c
242,3,"murphy, miss. katherine ""kate""",female,,1,0,367230,15.5,,q
611,3,"andersson, mrs. anders johan (alfrida konstantia brogren)",female,39.0,1,5,347082,31.275,,s
886,3,"rice, mrs. william (margaret norton)",female,39.0,0,5,382652,29.125,,q
283,3,"de pelsmaeker, mr. alfons",male,16.0,0,0,345778,9.5,,s
7,1,"mccarthy, mr. timothy j",male,54.0,0,0,17463,51.8625,e46,s
569,3,"doharr, mr. tannous",male,,0,0,2686,7.2292,,c
114,3,"jussila, miss. katriina",female,20.0,1,0,4136,9.825,,s
559,1,"taussig, mrs. emil (tillie mandelbaum)",female,39.0,1,1,110413,79.65,e67,s
98,1,"greenfield, mr. william bertram",male,23.0,0,1,pc 17759,63.3583,d10 d12,c
448,1,"seward, mr. frederic kimber",male,34.0,0,0,113794,26.55,,s
342,1,"fortune, miss. alice elizabeth",female,24.0,3,2,19950,263.0,c23 c25 c27,s
466,3,"goncalves, mr. manuel estanslas",male,38.0,0,0,soton/o.q. 3101306,7.05,,s
550,2,"davies, master. john morgan jr",male,8.0,1,1,c.a. 33112,36.75,,s
291,1,"barber, miss. ellen ""nellie""",female,26.0,0,0,19877,78.85,,s
644,3,"foo, mr. choong",male,,0,0,1601,56.4958,,s
423,3,"zimmerman, mr. leo",male,29.0,0,0,315082,7.875,,s
217,3,"honkanen, miss. eliina",female,27.0,0,0,ston/o2. 3101283,7.925,,s
445,3,"johannesen-bratthammer, mr. bernt",male,,0,0,65306,8.1125,,s
360,3,"mockler, miss. helen mary ""ellie""",female,,0,0,330980,7.8792,,q
