PassengerId,Pclass,Name,Sex,Age,SibSp,Parch,Ticket,Fare,Cabin,Embarked
250,2,"carter, rev. ernest courtenay",male,54.0,1,0,244252,26.0,,s
484,3,"turkula, mrs. (hedwig)",female,63.0,0,0,4134,9.5875,,s
780,1,"robert, mrs. edward scott (elisabeth walton mcmillan)",female,43.0,0,1,24160,211.3375,b3,s
534,3,"peter, mrs. catherine (catherine rizk)",female,,0,2,2668,22.3583,,c
579,3,"caram, mrs. joseph (maria elias)",female,,1,0,2689,14.4583,,c
557,1,"duff gordon, lady. (lucille christiana sutherland) (""mrs morgan"")",female,48.0,1,0,11755,39.6,a16,c
210,1,"blank, mr. henry",male,40.0,0,0,112277,31.0,a31,c
188,1,"romaine, mr. charles hallace (""mr c rolmane"")",male,45.0,0,0,111428,26.55,,s
624,3,"hansen, mr. henry damsgaard",male,21.0,0,0,350029,7.8542,,s
613,3,"murphy, miss. margaret jane",female,,1,0,367230,15.5,,q
308,1,"penasco y castellana, mrs. victor de satode (maria josefa perez de soto y vallejo)",female,17.0,1,0,pc 17758,108.9,c65,c
783,1,"long, mr. milton clyde",male,29.0,0,0,113501,30.0,d6,s
49,3,"samaan, mr. youssef",male,,2,0,2662,21.6792,,c
115,3,"attalah, miss. malake",female,17.0,0,0,2627,14.4583,,c
725,1,"chambers, mr. norman campbell",male,27.0,1,0,113806,53.1,e8,s
262,3,"asplund, master. edvin rojj felix",male,3.0,4,2,347077,31.3875,,s
689,3,"fischer, mr. eberhard thelander",male,18.0,0,0,350036,7.7958,,s
750,3,"connaghton, mr. michael",male,31.0,0,0,335097,7.75,,q
496,3,"yousseff, mr. gerious",male,,0,0,2627,14.4583,,c
759,3,"theobald, mr. thomas leonard",male,34.0,0,0,363294,8.05,,s
189,3,"bourke, mr. john",male,40.0,1,1,364849,15.5,,q
820,3,"skoog, master. karl thorsten",male,10.0,3,2,347088,27.9,,s
279,3,"rice, master. eric",male,7.0,4,1,382652,29.125,,q
749,1,"marvin, mr. daniel warner",male,19.0,1,0,113773,53.1,d30,s
194,2,"navratil, master. michel m",male,3.0,1,1,230080,26.0,f2,s
75,3,"bing, mr. lee",male,32.0,0,0,1601,56.4958,,s
638,2,"collyer, mr. harvey",male,31.0,1,1,c.a. 31921,26.25,,s
718,2,"troutt, miss. edwina celia ""winnie""",female,27.0,0,0,34218,10.5,e101,s
830,1,"stone, mrs. george nelson (martha evelyn)",female,62.0,0,0,113572,80.0,b28,
664,3,"coleff, mr. peju",male,36.0,0,0,349210,7.4958,,s
29,3,"o'dwyer, miss. ellen ""nellie""",female,,0,0,330959,7.8792,,q
257,1,"thorne, mrs. gertrude maybelle",female,,0,0,pc 17585,79.2,,c
772,3,"jensen, mr. niels peder",male,48.0,0,0,350047,7.8542,,s
721,2,"harper, miss. annie jessie ""nina""",female,6.0,0,1,248727,33.0,,s
602,3,"slabenoff, mr. petco",male,,0,0,349214,7.8958,,s
398,2,"mckane, mr. peter david",male,46.0,0,0,28403,26.0,,s
277,3,"lindblom, miss. augusta charlotta",female,45.0,0,0,347073,7.75,,s
193,3,"andersen-jensen, miss. carla christine nielsine",female,19.0,1,0,350046,7.8542,,s
28,1,"fortune, mr. charles alexander",male,19.0,3,2,19950,263.0,c23 c25 c27,s
814,3,"andersson, miss. ebba iris alfrida",female,6.0,4,2,347082,31.275,,s
225,1,"hoyt, mr. frederick maxfield",male,38.0,1,0,19943,90.0,c93,s
197,3,"mernagh, mr. robert",male,,0,0,368703,7.75,,q
764,1,"carter, mrs. william ernest (lucile polk)",female,36.0,1,2,113760,120.0,b96 b98,s
370,1,"aubart, mme. leontine pauline",female,24.0,0,0,pc 17477,69.3,b35,c
547,2,"beane, mrs. edward (ethel clarke)",female,19.0,1,0,2908,26.0,,s
101,3,"petranec, miss. matilda",female,28.0,0,0,349245,7.8958,,s
692,3,"karun, miss. manca",female,4.0,0,1,349256,13.4167,,c
580,3,"jussila, mr. eiriik",male,32.0,0,0,ston/o 2. 3101286,7.925,,s
822,3,"lulic, mr. nikola",male,27.0,0,0,315098,8.6625,,s
330,1,"hippach, miss. jean gertrude",female,16.0,0,1,111361,57.9792,b18,c
414,2,"cunningham, mr. alfred fleming",male,,0,0,239853,0.0,,s
864,3,"sage, miss. dorothy edith ""dolly""",female,,8,2,ca. 2343,69.55,,s
393,3,"gustafsson, mr. johan birger",male,28.0,2,0,3101277,7.925,,s
849,2,"harper, rev. john",male,28.0,0,1,248727,33.0,,s
467,2,"campbell, mr. william",male,,0,0,239853,0.0,,s
343,2,"collander, mr. erik gustaf",male,28.0,0,0,248740,13.0,,s
523,3,"lahoud, mr. sarkis",male,,0,0,2624,7.225,,c
693,3,"lam, mr. ali",male,,0,0,1601,56.4958,,s
317,2,"kantor, mrs. sinai (miriam sternin)",female,24.0,1,0,244367,26.0,,s
55,1,"ostby, mr. engelhart cornelius",male,65.0,0,1,113509,61.9792,b30,c
787,3,"sjoblom, miss. anna sofia",female,18.0,0,0,3101265,7.4958,,s
831,3,"yasbeck, mrs. antoni (selini alexander)",female,15.0,1,0,2659,14.4542,,c
245,3,"attalah, mr. sleiman",male,30.0,0,0,2694,7.225,,c
595,2,"chapman, mr. john henry",male,37.0,1,0,sc/ah 29037,26.0,,s
41,3,"ahlin, mrs. johan (johanna persdotter larsson)",female,40.0,1,0,7546,9.475,,s
32,1,"spencer, mrs. william augustus (marie eugenie)",female,,1,0,pc 17569,146.5208,b78,c
656,2,"hickman, mr. leonard mark",male,24.0,2,0,s.o.c. 14879,73.5,,s
207,3,"backstrom, mr. karl alfred",male,32.0,1,0,3101278,15.85,,s
300,1,"baxter, mrs. james (helene delaudeniere chaput)",female,50.0,0,1,pc 17558,247.5208,b58 b60,c
468,1,"smart, mr. john montgomery",male,56.0,0,0,113792,26.55,,s
181,3,"sage, miss. constance gladys",female,,8,2,ca. 2343,69.55,,s
563,2,"norman, mr. robert douglas",male,28.0,0,0,218629,13.5,,s
45,3,"devaney, miss. margaret delia",female,19.0,0,0,330958,7.8792,,q
258,1,"cherry, miss. gladys",female,30.0,0,0,110152,86.5,b77,s
805,3,"hedman, mr. oskar arvid",male,27.0,0,0,347089,6.975,,s
447,2,"mellinger, miss. madeleine violet",female,13.0,0,1,250644,19.5,,s
319,1,"wick, miss. mary natalie",female,31.0,0,2,36928,164.8667,c7,s
829,3,"mccormack, mr. thomas joseph",male,,0,0,367228,7.75,,q
803,1,"carter, master. william thornton ii",male,11.0,1,2,113760,120.0,b96 b98,s
603,1,"harrington, mr. charles h",male,,0,0,113796,42.4,,s
558,1,"robbins, mr. victor",male,,0,0,pc 17757,227.525,,c
46,3,"rogers, mr. william john",male,,0,0,s.c./a.4. 23567,8.05,,s
851,3,"andersson, master. sigvard harald elias",male,4.0,4,2,347082,31.275,,s
107,3,"salkjelsvik, miss. anna kristine",female,21.0,0,0,343120,7.65,,s
439,1,"fortune, mr. mark",male,64.0,1,4,19950,263.0,c23 c25 c27,s
885,3,"sutehall, mr. henry jr",male,25.0,0,0,soton/oq 392076,7.05,,s
551,1,"thayer, mr. john borland jr",male,17.0,0,2,17421,110.8833,c70,c
213,3,"perkin, mr. john henry",male,22.0,0,0,a/5 21174,7.25,,s
68,3,"crease, mr. ernest james",male,19.0,0,0,s.p. 3464,8.1583,,s
424,3,"danbom, mrs. ernst gilbert (anna sigrid maria brogren)",female,28.0,1,1,347080,14.4,,s
770,3,"gronnestad, mr. daniel danielsen",male,32.0,0,0,8471,8.3625,,s
769,3,"moran, mr. daniel j",male,,1,0,371110,24.15,,q
394,1,"newell, miss. marjorie",female,23.0,1,0,35273,113.275,d36,c
883,3,"dahlberg, miss. gerda ulrika",female,22.0,0,0,7552,10.5167,,s
144,3,"burke, mr. jeremiah",male,19.0,0,0,365222,6.75,,q
416,3,"meek, mrs. thomas (annie louise rowley)",female,,0,0,343095,8.05,,s
395,3,"sandstrom, mrs. hjalmar (agnes charlotta bengtsson)",female,24.0,0,2,pp 9549,16.7,g6,s
227,2,"mellors, mr. william john",male,19.0,0,0,sw/pp 751,10.5,,s
706,2,"morley, mr. henry samuel (""mr henry marshall"")",male,39.0,0,0,250655,26.0,,s
410,3,"lefebre, miss. ida",female,,3,1,4133,25.4667,,s
233,2,"sjostedt, mr. ernst adolf",male,59.0,0,0,237442,13.5,,s
50,3,"arnold-franchi, mrs. josef (josefine franchi)",female,18.0,1,0,349237,17.8,,s
302,3,"mccoy, mr. bernard",male,,2,0,367226,23.25,,q
408,2,"richards, master. william rowe",male,3.0,1,1,29106,18.75,,s
304,2,"keane, miss. nora a",female,,0,0,226593,12.35,e101,q
173,3,"johnson, miss. eleanor ileen",female,1.0,1,1,347742,11.1333,,s
42,2,"turpin, mrs. william john robert (dorothy ann wonnacott)",female,27.0,1,0,11668,21.0,,s
1,3,"braund, mr. owen harris",male,22.0,1,0,a/5 21171,7.25,,s
272,3,"tornquist, mr. william henry",male,25.0,0,0,line,0.0,,s
97,1,"goldschmidt, mr. george b",male,71.0,0,0,pc 17754,34.6542,a5,c
671,2,"brown, mrs. thomas william solomon (elizabeth catherine ford)",female,40.0,1,1,29750,39.0,,s
532,3,"toufik, mr. nakli",male,,0,0,2641,7.2292,,c
224,3,"nenkoff, mr. christo",male,,0,0,349234,7.8958,,s
632,3,"lundahl, mr. johan svensson",male,51.0,0,0,347743,7.0542,,s
264,1,"harrison, mr. william",male,40.0,0,0,112059,0.0,b94,s
78,3,"moutal, mr. rahamin haim",male,,0,0,374746,8.05,,s
283,3,"de pelsmaeker, mr. alfons",male,16.0,0,0,345778,9.5,,s
665,3,"lindqvist, mr. eino william",male,20.0,1,0,ston/o 2. 3101285,7.925,,s
368,3,"moussa, mrs. (mantoura boulos)",female,,0,0,2626,7.2292,,c
301,3,"kelly, miss. anna katherine ""annie kate""",female,,0,0,9234,7.75,,q
288,3,"naidenoff, mr. penko",male,22.0,0,0,349206,7.8958,,s
268,3,"persson, mr. ernst ulrik",male,25.0,1,0,347083,7.775,,s
641,3,"jensen, mr. hans peder",male,20.0,0,0,350050,7.8542,,s
543,3,"andersson, miss. sigrid elisabeth",female,11.0,4,2,347082,31.275,,s
3,3,"heikkinen, miss. laina",female,26.0,0,0,ston/o2. 3101282,7.925,,s
231,1,"harris, mrs. henry birkhardt (irene wallach)",female,35.0,1,0,36973,83.475,c83,s
134,2,"weisz, mrs. leopold (mathilde francoise pede)",female,29.0,1,0,228414,26.0,,s
57,2,"rugg, miss. emily",female,21.0,0,0,c.a. 31026,10.5,,s
881,2,"shelley, mrs. william (imanita parrish hall)",female,25.0,0,1,230433,26.0,,s
82,3,"sheerlinck, mr. jan baptist",male,29.0,0,0,345779,9.5,,s
794,1,"hoyt, mr. william fisher",male,,0,0,pc 17600,30.6958,,c
834,3,"augustsson, mr. albert",male,23.0,0,0,347468,7.8542,,s
324,2,"caldwell, mrs. albert francis (sylvia mae harbaugh)",female,22.0,1,1,248738,29.0,,s
587,2,"jarvis, mr. john denzil",male,47.0,0,0,237565,15.0,,s
357,1,"bowerman, miss. elsie edith",female,22.0,0,1,113505,55.0,e33,s
399,2,"pain, dr. alfred",male,23.0,0,0,244278,10.5,,s
236,3,"harknett, miss. alice phoebe",female,,0,0,w./c. 6609,7.55,,s
139,3,"osen, mr. olaf elon",male,16.0,0,0,7534,9.2167,,s
154,3,"van billiard, mr. austin blyler",male,40.5,0,2,a/5. 851,14.5,,s
824,3,"moor, mrs. (beila)",female,27.0,0,1,392096,12.475,e121,s
528,1,"farthing, mr. john",male,,0,0,pc 17483,221.7792,c95,s
138,1,"futrelle, mr. jacques heath",male,37.0,1,0,113803,53.1,c123,s
243,2,"coleridge, mr. reginald charles",male,29.0,0,0,w./c. 14263,10.5,,s
433,2,"louch, mrs. charles alexander (alice adelaide slow)",female,42.0,1,0,sc/ah 3085,26.0,,s
738,1,"lesurer, mr. gustave j",male,35.0,0,0,pc 17755,512.3292,b101,c
93,1,"chaffee, mr. herbert fuller",male,46.0,1,0,w.e.p. 5734,61.175,e31,s
779,3,"kilgannon, mr. thomas j",male,,0,0,36865,7.7375,,q
530,2,"hocking, mr. richard george",male,23.0,2,1,29104,11.5,,s
802,2,"collyer, mrs. harvey (charlotte annie tate)",female,31.0,1,1,c.a. 31921,26.25,,s
402,3,"adams, mr. john",male,26.0,0,0,341826,8.05,,s
497,1,"eustis, miss. elizabeth mussey",female,54.0,1,0,36947,78.2667,d20,c
645,3,"baclini, miss. eugenie",female,0.75,2,1,2666,19.2583,,c
342,1,"fortune, miss. alice elizabeth",female,24.0,3,2,19950,263.0,c23 c25 c27,s
431,1,"bjornstrom-steffansson, mr. mauritz hakan",male,28.0,0,0,110564,26.55,c52,s
727,2,"renouf, mrs. peter henry (lillian jefferys)",female,30.0,3,0,31027,21.0,,s
615,3,"brocklebank, mr. william alfred",male,35.0,0,0,364512,8.05,,s
381,1,"bidois, miss. rosalie",female,42.0,0,0,pc 17757,227.525,,c
58,3,"novel, mr. mansouer",male,28.5,0,0,2697,7.2292,,c
887,2,"montvila, rev. juozas",male,27.0,0,0,211536,13.0,,s
161,3,"cribb, mr. john hatfield",male,44.0,0,1,371362,16.1,,s
502,3,"canavan, miss. mary",female,21.0,0,0,364846,7.75,,q
248,2,"hamalainen, mrs. william (anna)",female,24.0,0,2,250649,14.5,,s
869,3,"van melkebeke, mr. philemon",male,,0,0,345777,9.5,,s
437,3,"ford, miss. doolina margaret ""daisy""",female,21.0,2,2,w./c. 6608,34.375,,s
360,3,"mockler, miss. helen mary ""ellie""",female,,0,0,330980,7.8792,,q
578,1,"silvey, mrs. william baird (alice munger)",female,39.0,1,0,13507,55.9,e44,s
369,3,"jermyn, miss. annie",female,,0,0,14313,7.75,,q
713,1,"taylor, mr. elmer zebley",male,48.0,1,0,19996,52.0,c126,s
205,3,"cohen, mr. gurshon ""gus""",male,18.0,0,0,a/5 3540,8.05,,s
198,3,"olsen, mr. karl siegwart andreas",male,42.0,0,1,4579,8.4042,,s
305,3,"williams, mr. howard hugh ""harry""",male,,0,0,a/5 2466,8.05,,s
166,3,"goldsmith, master. frank john william ""frankie""",male,9.0,0,2,363291,20.525,,s
186,1,"rood, mr. hugh roscoe",male,,0,0,113767,50.0,a32,s
310,1,"francatelli, miss. laura mabel",female,30.0,0,0,pc 17485,56.9292,e36,c
334,3,"vander planke, mr. leo edmondus",male,16.0,2,0,345764,18.0,,s
351,3,"odahl, mr. nils martin",male,23.0,0,0,7267,9.225,,s
125,1,"white, mr. percival wayland",male,54.0,0,1,35281,77.2875,d26,s
876,3,"najib, miss. adele kiamie ""jane""",female,15.0,0,0,2667,7.225,,c
62,1,"icard, miss. amelie",female,38.0,0,0,113572,80.0,b28,
234,3,"asplund, miss. lillian gertrud",female,5.0,4,2,347077,31.3875,,s
856,3,"aks, mrs. sam (leah rosen)",female,18.0,0,1,392091,9.35,,s
366,3,"adahl, mr. mauritz nils martin",male,30.0,0,0,c 7076,7.25,,s
753,3,"vande velde, mr. johannes joseph",male,33.0,0,0,345780,9.5,,s
858,1,"daly, mr. peter denis ",male,51.0,0,0,113055,26.55,e17,s
540,1,"frolicher, miss. hedwig margaritha",female,22.0,0,2,13568,49.5,b39,c
508,1,"bradley, mr. george (""george arthur brayton"")",male,,0,0,111427,26.55,,s
237,2,"hold, mr. stephen",male,44.0,1,0,26707,26.0,,s
752,3,"moor, master. meier",male,6.0,0,1,392096,12.475,e121,s
354,3,"arnold-franchi, mr. josef",male,25.0,1,0,349237,17.8,,s
649,3,"willey, mr. edward",male,,0,0,s.o./p.p. 751,7.55,,s
110,3,"moran, miss. bertha",female,,1,0,371110,24.15,,q
121,2,"hickman, mr. stanley george",male,21.0,2,0,s.o.c. 14879,73.5,,s
175,1,"smith, mr. james clinch",male,56.0,0,0,17764,30.6958,a7,c
743,1,"ryerson, miss. susan parker ""suzette""",female,21.0,2,2,pc 17608,262.375,b57 b59 b63 b66,c
708,1,"calderhead, mr. edward pennington",male,42.0,0,0,pc 17476,26.2875,e24,s
837,3,"pasic, mr. jakob",male,21.0,0,0,315097,8.6625,,s
425,3,"rosblom, mr. viktor richard",male,18.0,1,1,370129,20.2125,,s
167,1,"chibnall, mrs. (edith martha bowerman)",female,,0,1,113505,55.0,e33,s
135,2,"sobey, mr. samuel james hayden",male,25.0,0,0,c.a. 29178,13.0,,s
81,3,"waelens, mr. achille",male,22.0,0,0,345767,9.0,,s
350,3,"dimic, mr. jovan",male,42.0,0,0,315088,8.6625,,s
478,3,"braund, mr. lewis richard",male,29.0,1,0,3460,7.0458,,s
228,3,"lovell, mr. john hall (""henry"")",male,20.5,0,0,a/5 21173,7.25,,s
8,3,"palsson, master. gosta leonard",male,2.0,3,1,349909,21.075,,s
655,3,"hegarty, miss. hanora ""nora""",female,18.0,0,0,365226,6.75,,q
306,1,"allison, master. hudson trevor",male,0.92,1,2,113781,151.55,c22 c26,s
647,3,"cor, mr. liudevit",male,19.0,0,0,349231,7.8958,,s
627,2,"kirkland, rev. charles leonard",male,57.0,0,0,219533,12.35,,q
610,1,"shutes, miss. elizabeth w",female,40.0,0,0,pc 17582,153.4625,c125,s
765,3,"eklund, mr. hans linus",male,16.0,0,0,347074,7.775,,s
472,3,"cacic, mr. luka",male,38.0,0,0,315089,8.6625,,s
327,3,"nysveen, mr. johan hansen",male,61.0,0,0,345364,6.2375,,s
66,3,"moubarek, master. gerios",male,,1,1,2661,15.2458,,c
459,2,"toomey, miss. ellen",female,50.0,0,0,f.c.c. 13531,10.5,,s
639,3,"panula, mrs. juha (maria emilia ojala)",female,41.0,0,5,3101295,39.6875,,s
126,3,"nicola-yarred, master. elias",male,12.0,1,0,2651,11.2417,,c
553,3,"o'brien, mr. timothy",male,,0,0,330979,7.8292,,q
661,1,"frauenthal, dr. henry william",male,50.0,2,0,pc 17611,133.65,,s
389,3,"sadlier, mr. matthew",male,,0,0,367655,7.7292,,q
348,3,"davison, mrs. thomas henry (mary e finck)",female,,1,0,386525,16.1,,s
844,3,"lemberopolous, mr. peter l",male,34.5,0,0,2683,6.4375,,c
576,3,"patchett, mr. george",male,19.0,0,0,358585,14.5,,s
423,3,"zimmerman, mr. leo",male,29.0,0,0,315082,7.875,,s
223,3,"green, mr. george henry",male,51.0,0,0,21440,8.05,,s
84,1,"carrau, mr. francisco m",male,28.0,0,0,113059,47.1,,s
11,3,"sandstrom, miss. marguerite rut",female,4.0,1,1,pp 9549,16.7,g6,s
274,1,"natsch, mr. charles h",male,37.0,0,1,pc 17596,29.7,c118,c
47,3,"lennon, mr. denis",male,,1,0,370371,15.5,,q
70,3,"kink, mr. vincenz",male,26.0,2,0,315151,8.6625,,s
411,3,"sdycoff, mr. todor",male,,0,0,349222,7.8958,,s
568,3,"palsson, mrs. nils (alma cornelia berglund)",female,29.0,0,4,349909,21.075,,s
444,2,"reynaldo, ms. encarnacion",female,28.0,0,0,230434,13.0,,s
251,3,"reed, mr. james george",male,,0,0,362316,7.25,,s
801,2,"ponesell, mr. martin",male,34.0,0,0,250647,13.0,,s
455,3,"peduzzi, mr. joseph",male,,0,0,a/5 2817,8.05,,s
434,3,"kallio, mr. nikolai erland",male,17.0,0,0,ston/o 2. 3101274,7.125,,s
4,1,"futrelle, mrs. jacques heath (lily may peel)",female,35.0,1,0,113803,53.1,c123,s
823,1,"reuchlin, jonkheer. john george",male,38.0,0,0,19972,0.0,,s
492,3,"windelov, mr. einar",male,21.0,0,0,soton/oq 3101317,7.25,,s
549,3,"goldsmith, mr. frank john",male,33.0,1,1,363291,20.525,,s
707,2,"kelly, mrs. florence ""fannie""",female,45.0,0,0,223596,13.5,,s
882,3,"markun, mr. johann",male,33.0,0,0,349257,7.8958,,s
853,3,"boulos, miss. nourelain",female,9.0,1,1,2678,15.2458,,c
619,2,"becker, miss. marion louise",female,4.0,2,1,230136,39.0,f4,s
263,1,"taussig, mr. emil",male,52.0,1,1,110413,79.65,e67,s
500,3,"svensson, mr. olof",male,24.0,0,0,350035,7.7958,,s
415,3,"sundman, mr. johan julian",male,44.0,0,0,ston/o 2. 3101269,7.925,,s
716,3,"soholt, mr. peter andreas lauritz andersen",male,19.0,0,0,348124,7.65,f g73,s
815,3,"tomlin, mr. ernest portage",male,30.5,0,0,364499,8.05,,s
874,3,"vander cruyssen, mr. victor",male,47.0,0,0,345765,9.0,,s
838,3,"sirota, mr. maurice",male,,0,0,392092,8.05,,s
383,3,"tikkanen, mr. juho",male,32.0,0,0,ston/o 2. 3101293,7.925,,s
165,3,"panula, master. eino viljami",male,1.0,4,1,3101295,39.6875,,s
270,1,"bissette, miss. amelia",female,35.0,0,0,pc 17760,135.6333,c99,s
673,2,"mitchell, mr. henry michael",male,70.0,0,0,c.a. 24580,10.5,,s
331,3,"mccoy, miss. agnes",female,,2,0,367226,23.25,,q
15,3,"vestrom, miss. hulda amanda adolfina",female,14.0,0,0,350406,7.8542,,s
742,1,"cavendish, mr. tyrell william",male,36.0,1,0,19877,78.85,c46,s
182,2,"pernot, mr. rene",male,,0,0,sc/paris 2131,15.05,,c
215,3,"kiernan, mr. philip",male,,1,0,367229,7.75,,q
644,3,"foo, mr. choong",male,,0,0,1601,56.4958,,s
631,1,"barkworth, mr. algernon henry wilson",male,80.0,0,0,27042,30.0,a23,s
577,2,"garside, miss. ethel",female,34.0,0,0,243880,13.0,,s
581,2,"christy, miss. julie rachel",female,25.0,1,1,237789,30.0,,s
391,1,"carter, mr. william ernest",male,36.0,1,2,113760,120.0,b96 b98,s
363,3,"barbara, mrs. (catherine david)",female,45.0,0,1,2691,14.4542,,c
495,3,"stanley, mr. edward roland",male,21.0,0,0,a/4 45380,8.05,,s
419,2,"matthews, mr. william john",male,30.0,0,0,28228,13.0,,s
117,3,"connors, mr. patrick",male,70.5,0,0,370369,7.75,,q
546,1,"nicholson, mr. arthur ernest",male,64.0,0,0,693,26.0,,s
819,3,"holm, mr. john fredrik alexander",male,43.0,0,0,c 7075,6.45,,s
642,1,"sagesser, mlle. emma",female,24.0,0,0,pc 17477,69.3,b35,c
714,3,"larsson, mr. august viktor",male,29.0,0,0,7545,9.4833,,s
176,3,"klasen, mr. klas albin",male,18.0,1,1,350404,7.8542,,s
702,1,"silverthorne, mr. spencer victor",male,35.0,0,0,pc 17475,26.2875,e24,s
216,1,"newell, miss. madeleine",female,31.0,1,0,35273,113.275,d36,c
868,1,"roebling, mr. washington augustus ii",male,31.0,0,0,pc 17590,50.4958,a24,s
778,3,"emanuel, miss. virginia ethel",female,5.0,0,0,364516,12.475,,s
54,2,"faunthorpe, mrs. lizzie (elizabeth anne wilkinson)",female,29.0,1,0,2926,26.0,,s
129,3,"peter, miss. anna",female,,1,1,2668,22.3583,f e69,c
493,1,"molson, mr. harry markland",male,55.0,0,0,113787,30.5,c30,s
623,3,"nakid, mr. sahid",male,20.0,1,1,2653,15.7417,,c
128,3,"madsen, mr. fridtjof arne",male,24.0,0,0,c 17369,7.1417,,s
27,3,"emir, mr. farred chehab",male,,0,0,2631,7.225,,c
314,3,"hendekovic, mr. ignjac",male,28.0,0,0,349243,7.8958,,s
788,3,"rice, master. george hugh",male,8.0,4,1,382652,29.125,,q
550,2,"davies, master. john morgan jr",male,8.0,1,1,c.a. 33112,36.75,,s
453,1,"foreman, mr. benjamin laventall",male,30.0,0,0,113051,27.75,c111,c
240,2,"hunt, mr. george henry",male,33.0,0,0,sco/w 1585,12.275,,s
281,3,"duane, mr. frank",male,65.0,0,0,336439,7.75,,q
16,2,"hewlett, mrs. (mary d kingcome) ",female,55.0,0,0,248706,16.0,,s
669,3,"cook, mr. jacob",male,43.0,0,0,a/5 3536,8.05,,s
736,3,"williams, mr. leslie",male,28.5,0,0,54636,16.1,,s
155,3,"olsen, mr. ole martin",male,,0,0,fa 265302,7.3125,,s
440,2,"kvillner, mr. johan henrik johannesson",male,31.0,0,0,c.a. 18723,10.5,,s
137,1,"newsom, miss. helen monypeny",female,19.0,0,2,11752,26.2833,d47,s
793,3,"sage, miss. stella anna",female,,8,2,ca. 2343,69.55,,s
74,3,"chronopoulos, mr. apostolos",male,26.0,1,0,2680,14.4542,,c
510,3,"lang, mr. fang",male,26.0,0,0,1601,56.4958,,s
255,3,"rosblom, mrs. viktor (helena wilhelmina)",female,41.0,0,2,370129,20.2125,,s
773,2,"mack, mrs. (mary)",female,57.0,0,0,s.o./p.p. 3,10.5,e77,s
760,1,"rothes, the countess. of (lucy noel martha dyer-edwards)",female,33.0,0,0,110152,86.5,b77,s
559,1,"taussig, mrs. emil (tillie mandelbaum)",female,39.0,1,1,110413,79.65,e67,s
606,3,"lindell, mr. edvard bengtsson",male,36.0,1,0,349910,15.55,,s
443,3,"petterson, mr. johan emil",male,25.0,1,0,347076,7.775,,s
159,3,"smiljanic, mr. mile",male,,0,0,315037,8.6625,,s
628,1,"longley, miss. gretchen fiske",female,21.0,0,0,13502,77.9583,d9,s
89,1,"fortune, miss. mabel helen",female,23.0,3,2,19950,263.0,c23 c25 c27,s
177,3,"lefebre, master. henry forbes",male,,3,1,4133,25.4667,,s
269,1,"graham, mrs. william thompson (edith junkins)",female,58.0,0,1,pc 17582,153.4625,c125,s
208,3,"albimona, mr. nassef cassem",male,26.0,0,0,2699,18.7875,,c
704,3,"gallagher, mr. martin",male,25.0,0,0,36864,7.7417,,q
860,3,"razi, mr. raihed",male,,0,0,2629,7.2292,,c
554,3,"leeni, mr. fahim (""philip zenni"")",male,22.0,0,0,2620,7.225,,c
529,3,"salonen, mr. johan werner",male,39.0,0,0,3101296,7.925,,s
454,1,"goldenberg, mr. samuel l",male,49.0,1,0,17453,89.1042,c92,c
740,3,"nankoff, mr. minko",male,,0,0,349218,7.8958,,s
835,3,"allum, mr. owen george",male,18.0,0,0,2223,8.3,,s
651,3,"mitkoff, mr. mito",male,,0,0,349221,7.8958,,s
13,3,"saundercock, mr. william henry",male,20.0,0,0,a/5. 2151,8.05,,s
364,3,"asim, mr. adola",male,35.0,0,0,soton/o.q. 3101310,7.05,,s
572,1,"appleton, mrs. edward dale (charlotte lamson)",female,53.0,2,0,11769,51.4792,c101,s
762,3,"nirva, mr. iisakki antino aijo",male,41.0,0,0,soton/o2 3101272,7.125,,s
774,3,"elias, mr. dibo",male,,0,0,2674,7.225,,c
485,1,"bishop, mr. dickinson h",male,25.0,1,0,11967,91.0792,b49,c
169,1,"baumann, mr. john d",male,,0,0,pc 17318,25.925,,s
564,3,"simmons, mr. john",male,,0,0,soton/oq 392082,8.05,,s
756,2,"hamalainen, master. viljo",male,0.67,1,1,250649,14.5,,s
338,1,"burns, miss. elizabeth margaret",female,41.0,0,0,16966,134.5,e40,c
888,1,"graham, miss. margaret edith",female,19.0,0,0,112053,30.0,b42,s
199,3,"madigan, miss. margaret ""maggie""",female,,0,0,370370,7.75,,q
481,3,"goodwin, master. harold victor",male,9.0,5,2,ca 2144,46.9,,s
518,3,"ryan, mr. patrick",male,,0,0,371110,24.15,,q
430,3,"pickard, mr. berk (berk trembisky)",male,32.0,0,0,soton/o.q. 392078,8.05,e10,s
156,1,"williams, mr. charles duane",male,51.0,0,1,pc 17597,61.3792,,c
662,3,"badt, mr. mohamed",male,40.0,0,0,2623,7.225,,c
538,1,"leroy, miss. bertha",female,30.0,0,0,pc 17761,106.425,,c
163,3,"bengtsson, mr. john viktor",male,26.0,0,0,347068,7.775,,s
183,3,"asplund, master. clarence gustaf hugo",male,9.0,4,2,347077,31.3875,,s
570,3,"jonsson, mr. carl",male,32.0,0,0,350417,7.8542,,s
328,2,"ball, mrs. (ada e hall)",female,36.0,0,0,28551,13.0,d,s
717,1,"endres, miss. caroline louise",female,38.0,0,0,pc 17757,227.525,c45,c
600,1,"duff gordon, sir. cosmo edmund (""mr morgan"")",male,49.0,1,0,pc 17485,56.9292,a20,c
695,1,"weir, col. john",male,60.0,0,0,113800,26.55,,s
884,2,"banfield, mr. frederick james",male,28.0,0,0,c.a./soton 34068,10.5,,s
33,3,"glynn, miss. mary agatha",female,,0,0,335677,7.75,,q
85,2,"ilett, miss. bertha",female,17.0,0,0,so/c 14885,10.5,,s
153,3,"meo, mr. alfonzo",male,55.5,0,0,a.5. 11206,8.05,,s
401,3,"niskanen, mr. juha",male,39.0,0,0,ston/o 2. 3101289,7.925,,s
275,3,"healy, miss. hanora ""nora""",female,,0,0,370375,7.75,,q
686,2,"laroche, mr. joseph philippe lemercier",male,25.0,1,2,sc/paris 2123,41.5792,,c
146,2,"nicholls, mr. joseph charles",male,19.0,1,1,c.a. 33112,36.75,,s
53,1,"harper, mrs. henry sleeper (myna haxtun)",female,49.0,1,0,pc 17572,76.7292,d33,c
289,2,"hosono, mr. masabumi",male,42.0,0,0,237798,13.0,,s
332,1,"partner, mr. austen",male,45.5,0,0,113043,28.5,c124,s
374,1,"ringhini, mr. sante",male,22.0,0,0,pc 17760,135.6333,,c
83,3,"mcdermott, miss. brigdet delia",female,,0,0,330932,7.7875,,q
122,3,"moore, mr. leonard charles",male,,0,0,a4. 54510,8.05,,s
140,1,"giglio, mr. victor",male,24.0,0,0,pc 17593,79.2,b86,c
867,2,"duran y more, miss. asuncion",female,27.0,1,0,sc/paris 2149,13.8583,,c
476,1,"clifford, mr. george quincy",male,,0,0,110465,52.0,a14,s
217,3,"honkanen, miss. eliina",female,27.0,0,0,ston/o2. 3101283,7.925,,s
457,1,"millet, mr. francis davis",male,65.0,0,0,13509,26.55,e38,s
6,3,"moran, mr. james",male,,0,0,330877,8.4583,,q
875,2,"abelson, mrs. samuel (hannah wizosky)",female,28.0,1,0,p/pp 3381,24.0,,c
521,1,"perreault, miss. anne",female,30.0,0,0,12749,93.5,b73,s
38,3,"cann, mr. ernest charles",male,21.0,0,0,a./5. 2152,8.05,,s
190,3,"turcin, mr. stjepan",male,36.0,0,0,349247,7.8958,,s
809,2,"meyer, mr. august",male,39.0,0,0,248723,13.0,,s
80,3,"dowdell, miss. elizabeth",female,30.0,0,0,364516,12.475,,s
212,2,"cameron, miss. clear annie",female,35.0,0,0,f.c.c. 13528,21.0,,s
219,1,"bazzani, miss. albina",female,32.0,0,0,11813,76.2917,d15,c
458,1,"kenyon, mrs. frederick r (marion)",female,,1,0,17464,51.8625,d21,s
361,3,"skoog, mr. wilhelm",male,40.0,1,4,347088,27.9,,s
344,2,"sedgwick, mr. charles frederick waddington",male,25.0,0,0,244361,13.0,,s
758,2,"bailey, mr. percy andrew",male,18.0,0,0,29108,11.5,,s
786,3,"harmer, mr. abraham (david lishin)",male,25.0,0,0,374887,7.25,,s
448,1,"seward, mr. frederic kimber",male,34.0,0,0,113794,26.55,,s
486,3,"lefebre, miss. jeannie",female,,3,1,4133,25.4667,,s
187,3,"o'brien, mrs. thomas (johanna ""hannah"" godfrey)",female,,1,0,370365,15.5,,q
890,1,"behr, mr. karl howell",male,26.0,0,0,111369,30.0,c148,c
865,2,"gill, mr. john william",male,24.0,0,0,233866,13.0,,s
616,2,"herman, miss. alice",female,24.0,1,2,220845,65.0,,s
71,2,"jenkin, mr. stephen curnow",male,32.0,0,0,c.a. 33111,10.5,,s
889,3,"johnston, miss. catherine helen ""carrie""",female,,1,2,w./c. 6607,23.45,,s
25,3,"palsson, miss. torborg danira",female,8.0,3,1,349909,21.075,,s
611,3,"andersson, mrs. anders johan (alfrida konstantia brogren)",female,39.0,1,5,347082,31.275,,s
282,3,"olsson, mr. nils johan goransson",male,28.0,0,0,347464,7.8542,,s
20,3,"masselmani, mrs. fatima",female,,0,0,2649,7.225,,c
709,1,"cleaver, miss. alice",female,22.0,0,0,113781,151.55,,s
432,3,"thorneycroft, mrs. percival (florence kate white)",female,,1,0,376564,16.1,,s
417,2,"drew, mrs. james vivian (lulu thorne christian)",female,34.0,1,1,28220,32.5,,s
143,3,"hakkarainen, mrs. pekka pietari (elin matilda dolck)",female,24.0,1,0,ston/o2. 3101279,15.85,,s
574,3,"kelly, miss. mary",female,,0,0,14312,7.75,,q
650,3,"stanley, miss. amy zillah elsie",female,23.0,0,0,ca. 2314,7.55,,s
663,1,"colley, mr. edward pomeroy",male,47.0,0,0,5727,25.5875,e58,s
593,3,"elsbury, mr. william james",male,47.0,0,0,a/5 3902,7.25,,s
451,2,"west, mr. edwy arthur",male,36.0,1,2,c.a. 34651,27.75,,s
827,3,"lam, mr. len",male,,0,0,1601,56.4958,,s
123,2,"nasser, mr. nicholas",male,32.5,1,0,237736,30.0708,,c
149,2,"navratil, mr. michel (""louis m hoffman"")",male,36.5,0,2,230080,26.0,f2,s
39,3,"vander planke, miss. augusta maria",female,18.0,2,0,345764,18.0,,s
516,1,"walker, mr. william anderson",male,47.0,0,0,36967,34.0208,d46,s
221,3,"sunderland, mr. victor francis",male,16.0,0,0,soton/oq 392089,8.05,,s
592,1,"stephenson, mrs. walter bertram (martha eustis)",female,52.0,1,0,36947,78.2667,d20,c
35,1,"meyer, mr. edgar joseph",male,28.0,1,0,pc 17604,82.1708,,c
562,3,"sivic, mr. husein",male,40.0,0,0,349251,7.8958,,s
797,1,"leader, dr. alice (farnham)",female,49.0,0,0,17465,25.9292,d17,s
192,2,"carbines, mr. william",male,19.0,0,0,28424,13.0,,s
445,3,"johannesen-bratthammer, mr. bernt",male,,0,0,65306,8.1125,,s
116,3,"pekoniemi, mr. edvard",male,21.0,0,0,ston/o 2. 3101294,7.925,,s
98,1,"greenfield, mr. william bertram",male,23.0,0,1,pc 17759,63.3583,d10 d12,c
34,2,"wheadon, mr. edward h",male,66.0,0,0,c.a. 24579,10.5,,s
596,3,"van impe, mr. jean baptiste",male,36.0,1,1,345773,24.15,,s
63,1,"harris, mr. henry birkhardt",male,45.0,1,0,36973,83.475,c83,s
426,3,"wiseman, mr. phillippe",male,,0,0,a/4. 34244,7.25,,s
509,3,"olsen, mr. henry margido",male,28.0,0,0,c 4001,22.525,,s
852,3,"svensson, mr. johan",male,74.0,0,0,347060,7.775,,s
477,2,"renouf, mr. peter henry",male,34.0,1,0,31027,21.0,,s
842,2,"mudd, mr. thomas charles",male,16.0,0,0,s.o./p.p. 3,10.5,,s
618,3,"lobb, mrs. william arthur (cordelia k stanlick)",female,26.0,1,0,a/5. 3336,16.1,,s
504,3,"laitinen, miss. kristina sofia",female,37.0,0,0,4135,9.5875,,s
379,3,"betros, mr. tannous",male,20.0,0,0,2648,4.0125,,c
296,1,"lewy, mr. ervin g",male,,0,0,pc 17612,27.7208,,c
191,2,"pinsky, mrs. (rosa)",female,32.0,0,0,234604,13.0,,s
276,1,"andrews, miss. kornelia theodosia",female,63.0,1,0,13502,77.9583,d7,s
325,3,"sage, mr. george john jr",male,,8,2,ca. 2343,69.55,,s
637,3,"leinonen, mr. antti gustaf",male,32.0,0,0,ston/o 2. 3101292,7.925,,s
333,1,"graham, mr. george edward",male,38.0,0,1,pc 17582,153.4625,c91,s
460,3,"o'connor, mr. maurice",male,,0,0,371060,7.75,,q
130,3,"ekstrom, mr. johan",male,45.0,0,0,347061,6.975,,s
690,1,"madill, miss. georgette alexandra",female,15.0,0,1,24160,211.3375,b5,s
352,1,"williams-lambert, mr. fletcher fellows",male,,0,0,113510,35.0,c128,s
291,1,"barber, miss. ellen ""nellie""",female,26.0,0,0,19877,78.85,,s
226,3,"berglund, mr. karl ivar sven",male,22.0,0,0,pp 4348,9.35,,s
880,1,"potter, mrs. thomas jr (lily alexenia wilson)",female,56.0,0,1,11767,83.1583,c50,c
879,3,"laleff, mr. kristo",male,,0,0,349217,7.8958,,s
407,3,"widegren, mr. carl/charles peter",male,51.0,0,0,347064,7.75,,s
95,3,"coxon, mr. daniel",male,59.0,0,0,364500,7.25,,s
586,1,"taussig, miss. ruth",female,18.0,0,2,110413,79.65,e68,s
309,2,"abelson, mr. samuel",male,30.0,1,0,p/pp 3381,24.0,,c
488,1,"kent, mr. edward austin",male,58.0,0,0,11771,29.7,b37,c
757,3,"carlsson, mr. august sigfrid",male,28.0,0,0,350042,7.7958,,s
112,3,"zabour, miss. hileni",female,14.5,1,0,2665,14.4542,,c
785,3,"ali, mr. william",male,25.0,0,0,soton/o.q. 3101312,7.05,,s
253,1,"stead, mr. william thomas",male,62.0,0,0,113514,26.55,c87,s
480,3,"hirvonen, miss. hildur e",female,2.0,0,1,3101298,12.2875,,s
712,1,"klaber, mr. herman",male,,0,0,113028,26.55,c124,s
519,2,"angle, mrs. william a (florence ""mary"" agnes hughes)",female,36.0,1,0,226875,26.0,,s
501,3,"calic, mr. petar",male,17.0,0,0,315086,8.6625,,s
658,3,"bourke, mrs. john (catherine)",female,32.0,1,1,364849,15.5,,q
781,3,"ayoub, miss. banoura",female,13.0,0,0,2687,7.2292,,c
72,3,"goodwin, miss. lillian amy",female,16.0,5,2,ca 2144,46.9,,s
148,3,"ford, miss. robina maggie ""ruby""",female,9.0,2,2,w./c. 6608,34.375,,s
589,3,"gilinski, mr. eliezer",male,22.0,0,0,14973,8.05,,s
376,1,"meyer, mrs. edgar joseph (leila saks)",female,,1,0,pc 17604,82.1708,,c
9,3,"johnson, mrs. oscar w (elisabeth vilhelmina berg)",female,27.0,0,2,347742,11.1333,,s
124,2,"webber, miss. susan",female,32.5,0,0,27267,13.0,e101,s
847,3,"sage, mr. douglas bullen",male,,8,2,ca. 2343,69.55,,s
271,1,"cairns, mr. alexander",male,,0,0,113798,31.0,,s
857,1,"wick, mrs. george dennick (mary hitchcock)",female,45.0,1,1,36928,164.8667,,s
571,2,"harris, mr. george",male,62.0,0,0,s.w./pp 752,10.5,,s
292,1,"bishop, mrs. dickinson h (helen walton)",female,19.0,1,0,11967,91.0792,b49,c
196,1,"lurette, miss. elise",female,58.0,0,0,pc 17569,146.5208,b80,c
767,1,"brewe, dr. arthur jackson",male,,0,0,112379,39.6,,c
164,3,"calic, mr. jovo",male,17.0,0,0,315093,8.6625,,s
776,3,"myhrman, mr. pehr fabian oliver malkolm",male,18.0,0,0,347078,7.75,,s
2,1,"cumings, mrs. john bradley (florence briggs thayer)",female,38.0,1,0,pc 17599,71.2833,c85,c
313,2,"lahtinen, mrs. william (anna sylfven)",female,26.0,1,1,250651,26.0,,s
696,2,"chapman, mr. charles henry",male,52.0,0,0,248731,13.5,,s
566,3,"davies, mr. alfred j",male,24.0,2,0,a/4 48871,24.15,,s
420,3,"van impe, miss. catharina",female,10.0,0,2,345773,24.15,,s
527,2,"ridsdale, miss. lucy",female,50.0,0,0,w./c. 14258,10.5,,s
168,3,"skoog, mrs. william (anna bernhardina karlsson)",female,45.0,1,4,347088,27.9,,s
90,3,"celotti, mr. francesco",male,24.0,0,0,343275,8.05,,s
37,3,"mamee, mr. hanna",male,,0,0,2677,7.2292,,c
280,3,"abbott, mrs. stanton (rosa hunt)",female,35.0,1,1,c.a. 2673,20.25,,s
106,3,"mionoff, mr. stoytcho",male,28.0,0,0,349207,7.8958,,s
103,1,"white, mr. richard frasar",male,21.0,0,1,35281,77.2875,d26,s
12,1,"bonnell, miss. elizabeth",female,58.0,0,0,113783,26.55,c103,s
747,3,"abbott, mr. rossmore edward",male,16.0,1,1,c.a. 2673,20.25,,s
506,1,"penasco y castellana, mr. victor de satode",male,18.0,1,0,pc 17758,108.9,c65,c
43,3,"kraeff, mr. theodor",male,,0,0,349253,7.8958,,c
218,2,"jacobsohn, mr. sidney samuel",male,42.0,1,0,243847,27.0,,s
825,3,"panula, master. urho abraham",male,2.0,4,1,3101295,39.6875,,s
252,3,"strom, mrs. wilhelm (elna matilda persson)",female,29.0,1,1,347054,10.4625,g6,s
435,1,"silvey, mr. william baird",male,50.0,1,0,13507,55.9,e44,s
512,3,"webber, mr. james",male,,0,0,soton/oq 3101316,8.05,,s
724,2,"hodges, mr. henry price",male,50.0,0,0,250643,13.0,,s
293,2,"levy, mr. rene jacques",male,36.0,0,0,sc/paris 2163,12.875,d,c
522,3,"vovk, mr. janko",male,22.0,0,0,349252,7.8958,,s
588,1,"frolicher-stehli, mr. maxmillian",male,60.0,1,1,13567,79.2,b41,c
646,1,"harper, mr. henry sleeper",male,48.0,1,0,pc 17572,76.7292,d33,c
141,3,"boulos, mrs. joseph (sultana)",female,,0,2,2678,15.2458,,c
816,1,"fry, mr. richard",male,,0,0,112058,0.0,b102,s
384,1,"holverson, mrs. alexander oskar (mary aline towner)",female,35.0,1,0,113789,52.0,,s
720,3,"johnson, mr. malkolm joackim",male,33.0,0,0,347062,7.775,,s
303,3,"johnson, mr. william cahoone jr",male,19.0,0,0,line,0.0,,s
634,1,"parr, mr. william henry marsh",male,,0,0,112052,0.0,,s
763,3,"barah, mr. hanna assi",male,20.0,0,0,2663,7.2292,,c
18,2,"williams, mr. charles eugene",male,,0,0,244373,13.0,,s
479,3,"karlsson, mr. nils august",male,22.0,0,0,350060,7.5208,,s
86,3,"backstrom, mrs. karl alfred (maria mathilda gustafsson)",female,33.0,3,0,3101278,15.85,,s
768,3,"mangan, miss. mary",female,30.5,0,0,364850,7.75,,q
475,3,"strandberg, miss. ida sofia",female,22.0,0,0,7553,9.8375,,s
174,3,"sivola, mr. antti wilhelm",male,21.0,0,0,ston/o 2. 3101280,7.925,,s
346,2,"brown, miss. amelia ""mildred""",female,24.0,0,0,248733,13.0,f33,s
866,2,"bystrom, mrs. (karolina)",female,42.0,0,0,236852,13.0,,s
23,3,"mcgowan, miss. anna ""annie""",female,15.0,0,0,330923,8.0292,,q
514,1,"rothschild, mrs. martin (elizabeth l. barrett)",female,54.0,1,0,pc 17603,59.4,,c
813,2,"slemen, mr. richard james",male,35.0,0,0,28206,10.5,,s
850,1,"goldenberg, mrs. samuel l (edwiga grabowska)",female,,1,0,17453,89.1042,c92,c
489,3,"somerton, mr. francis william",male,30.0,0,0,a.5. 18509,8.05,,s
336,3,"denkoff, mr. mitto",male,,0,0,349225,7.8958,,s
810,1,"chambers, mrs. norman campbell (bertha griggs)",female,33.0,1,0,113806,53.1,e8,s
322,3,"danoff, mr. yoto",male,27.0,0,0,349219,7.8958,,s
804,3,"thomas, master. assad alexander",male,0.42,0,1,2625,8.5167,,c
100,2,"kantor, mr. sinai",male,34.0,1,0,244367,26.0,,s
575,3,"rush, mr. alfred george john",male,16.0,0,0,a/4. 20589,8.05,,s
505,1,"maioni, miss. roberta",female,16.0,0,0,110152,86.5,b79,s
119,1,"baxter, mr. quigg edmond",male,24.0,0,1,pc 17558,247.5208,b58 b60,c
535,3,"cacic, miss. marija",female,30.0,0,0,315084,8.6625,,s
387,3,"goodwin, master. sidney leonard",male,1.0,5,2,ca 2144,46.9,,s
799,3,"ibrahim shawah, mr. yousseff",male,30.0,0,0,2685,7.2292,,c
48,3,"o'driscoll, miss. bridget",female,,0,0,14311,7.75,,q
170,3,"ling, mr. lee",male,28.0,0,0,1601,56.4958,,s
636,2,"davis, miss. mary",female,28.0,0,0,237668,13.0,,s
734,2,"berriman, mr. william john",male,23.0,0,0,28425,13.0,,s
861,3,"hansen, mr. claus peter",male,41.0,2,0,350026,14.1083,,s
784,3,"johnston, mr. andrew g",male,,1,2,w./c. 6607,23.45,,s
792,2,"gaskell, mr. alfred",male,16.0,0,0,239865,26.0,,s
230,3,"lefebre, miss. mathilde",female,,3,1,4133,25.4667,,s
843,1,"serepeca, miss. augusta",female,30.0,0,0,113798,31.0,,c
640,3,"thorneycroft, mr. percival",male,,1,0,376564,16.1,,s
710,3,"moubarek, master. halim gonios (""william george"")",male,,1,1,2661,15.2458,,c
845,3,"culumovic, mr. jeso",male,17.0,0,0,315090,8.6625,,s
371,1,"harder, mr. george achilles",male,25.0,1,0,11765,55.4417,e50,c
490,3,"coutts, master. eden leslie ""neville""",male,9.0,1,1,c.a. 37671,15.9,,s
469,3,"scanlan, mr. james",male,,0,0,36209,7.725,,q
19,3,"vander planke, mrs. julius (emelia maria vandemoortele)",female,31.0,1,0,345763,18.0,,s
127,3,"mcmahon, mr. martin",male,,0,0,370372,7.75,,q
132,3,"coelho, mr. domingos fernandeo",male,20.0,0,0,soton/o.q. 3101307,7.05,,s
653,3,"kalvik, mr. johannes halvorsen",male,21.0,0,0,8475,8.4333,,s
746,1,"crosby, capt. edward gifford",male,70.0,1,1,we/p 5735,71.0,b22,s
685,2,"brown, mr. thomas william solomon",male,60.0,1,1,29750,39.0,,s
114,3,"jussila, miss. katriina",female,20.0,1,0,4136,9.825,,s
691,1,"dick, mr. albert adrian",male,31.0,1,0,17474,57.0,b20,s
754,3,"jonkoff, mr. lalio",male,23.0,0,0,349204,7.8958,,s
605,1,"homer, mr. harry (""mr e haven"")",male,35.0,0,0,111426,26.55,,c
429,3,"flynn, mr. james",male,,0,0,364851,7.75,,q
312,1,"ryerson, miss. emily borie",female,18.0,2,2,pc 17608,262.375,b57 b59 b63 b66,c
675,2,"watson, mr. ennis hastings",male,,0,0,239856,0.0,,s
108,3,"moss, mr. albert johan",male,,0,0,312991,7.775,,s
152,1,"pears, mrs. thomas (edith wearne)",female,22.0,1,0,113776,66.6,c2,s
629,3,"bostandyeff, mr. guentcho",male,26.0,0,0,349224,7.8958,,s
56,1,"woolner, mr. hugh",male,,0,0,19947,35.5,c52,s
517,2,"lemore, mrs. (amelia milley)",female,34.0,0,0,c.a. 34260,10.5,f33,s
355,3,"yousif, mr. wazli",male,,0,0,2647,7.225,,c
542,3,"andersson, miss. ingeborg constanzia",female,9.0,4,2,347082,31.275,,s
683,3,"olsvigen, mr. thor anderson",male,20.0,0,0,6563,9.225,,s
200,2,"yrois, miss. henriette (""mrs harbeck"")",female,24.0,0,0,248747,13.0,,s
789,3,"dean, master. bertram vere",male,1.0,1,2,c.a. 2315,20.575,,s
524,1,"hippach, mrs. louis albert (ida sophia fischer)",female,44.0,0,1,111361,57.9792,b18,c
862,2,"giles, mr. frederick edward",male,21.0,1,0,28134,11.5,,s
520,3,"pavlovic, mr. stefo",male,32.0,0,0,349242,7.8958,,s
265,3,"henry, miss. delia",female,,0,0,382649,7.75,,q
158,3,"corn, mr. harry",male,30.0,0,0,soton/oq 392090,8.05,,s
711,1,"mayne, mlle. berthe antonine (""mrs de villiers"")",female,24.0,0,0,pc 17482,49.5042,c90,c
285,1,"smith, mr. richard william",male,,0,0,113056,26.0,a19,s
761,3,"garfirth, mr. john",male,,0,0,358585,14.5,,s
771,3,"lievens, mr. rene aime",male,24.0,0,0,345781,9.5,,s
359,3,"mcgovern, miss. mary",female,,0,0,330931,7.8792,,q
382,3,"nakid, miss. maria (""mary"")",female,1.0,0,2,2653,15.7417,,c
863,1,"swift, mrs. frederick joel (margaret welles barron)",female,48.0,0,0,17466,25.9292,d17,s
244,3,"maenpaa, mr. matti alexanteri",male,22.0,0,0,ston/o 2. 3101275,7.125,,s
246,1,"minahan, dr. william edward",male,44.0,2,0,19928,90.0,c78,q
682,1,"hassab, mr. hammad",male,27.0,0,0,pc 17572,76.7292,d49,c
473,2,"west, mrs. edwy arthur (ada mary worth)",female,33.0,1,2,c.a. 34651,27.75,,s
633,1,"stahelin-maeglin, dr. max",male,32.0,0,0,13214,30.5,b50,c
397,3,"olsson, miss. elina",female,31.0,0,0,350407,7.8542,,s
811,3,"alexander, mr. william",male,26.0,0,0,3474,7.8875,,s
44,2,"laroche, miss. simonne marie anne andree",female,3.0,1,2,sc/paris 2123,41.5792,,c
612,3,"jardin, mr. jose neto",male,,0,0,soton/o.q. 3101305,7.05,,s
413,1,"minahan, miss. daisy e",female,33.0,1,0,19928,90.0,c78,q
494,1,"artagaveytia, mr. ramon",male,71.0,0,0,pc 17609,49.5042,,c
17,3,"rice, master. eugene",male,2.0,4,1,382652,29.125,,q
643,3,"skoog, miss. margit elizabeth",female,2.0,3,2,347088,27.9,,s
261,3,"smith, mr. thomas",male,,0,0,384461,7.75,,q
51,3,"panula, master. juha niilo",male,7.0,4,1,3101295,39.6875,,s
278,2,"parkes, mr. francis ""frank""",male,,0,0,239853,0.0,,s
131,3,"drazenoic, mr. jozef",male,33.0,0,0,349241,7.8958,,c
266,2,"reeves, mr. david",male,36.0,0,0,c.a. 17248,10.5,,s
113,3,"barton, mr. david john",male,22.0,0,0,324669,8.05,,s
405,3,"oreskovic, miss. marija",female,20.0,0,0,315096,8.6625,,s
688,3,"dakic, mr. branko",male,19.0,0,0,349228,10.1708,,s
337,1,"pears, mr. thomas clinton",male,29.0,1,0,113776,66.6,c2,s
36,1,"holverson, mr. alexander oskar",male,42.0,1,0,113789,52.0,,s
220,2,"harris, mr. walter",male,30.0,0,0,w/c 14208,10.5,,s
507,2,"quick, mrs. frederick charles (jane richards)",female,33.0,0,2,26360,26.0,,s
92,3,"andreasson, mr. paul edvin",male,20.0,0,0,347466,7.8542,,s
657,3,"radeff, mr. alexander",male,,0,0,349223,7.8958,,s
195,1,"brown, mrs. james joseph (margaret tobin)",female,44.0,0,0,pc 17610,27.7208,b4,c
259,1,"ward, miss. anna",female,35.0,0,0,pc 17755,512.3292,,c
739,3,"ivanoff, mr. kanio",male,,0,0,349201,7.8958,,s
870,3,"johnson, master. harold theodor",male,4.0,1,1,347742,11.1333,,s
626,1,"sutton, mr. frederick",male,61.0,0,0,36963,32.3208,d50,s
652,2,"doling, miss. elsie",female,18.0,0,1,231919,23.0,,s
777,3,"tobin, mr. roger",male,,0,0,383121,7.75,f38,q
552,2,"sharp, mr. percival james r",male,27.0,0,0,244358,26.0,,s
160,3,"sage, master. thomas henry",male,,8,2,ca. 2343,69.55,,s
353,3,"elias, mr. tannous",male,15.0,1,1,2695,7.2292,,c
666,2,"hickman, mr. lewis",male,32.0,2,0,s.o.c. 14879,73.5,,s
839,3,"chip, mr. chang",male,32.0,0,0,1601,56.4958,,s
318,2,"moraweck, dr. ernest",male,54.0,0,0,29011,14.0,,s
5,3,"allen, mr. william henry",male,35.0,0,0,373450,8.05,,s
136,2,"richard, mr. emile",male,23.0,0,0,sc/paris 2133,15.0458,,c
60,3,"goodwin, master. william frederick",male,11.0,5,2,ca 2144,46.9,,s
142,3,"nysten, miss. anna sofia",female,22.0,0,0,347081,7.75,,s
700,3,"humblen, mr. adolf mathias nicolai olsen",male,42.0,0,0,348121,7.65,f g63,s
409,3,"birkeland, mr. hans martin monsen",male,21.0,0,0,312992,7.775,,s
821,1,"hays, mrs. charles melville (clara jennings gregg)",female,52.0,1,1,12749,93.5,b69,s
539,3,"risien, mr. samuel beard",male,,0,0,364498,14.5,,s
729,2,"bryhl, mr. kurt arnold gottfrid",male,25.0,1,0,236853,26.0,,s
873,1,"carlsson, mr. frans olof",male,33.0,0,0,695,5.0,b51 b53 b55,s
