PassengerId,Pclass,Name,Sex,Age,SibSp,Parch,Ticket,Fare,Cabin,Embarked
707,2,"kelly, mrs. florence ""fannie""",female,45.0,0,0,223596,13.5,,s
451,2,"west, mr. edwy arthur",male,36.0,1,2,c.a. 34651,27.75,,s
326,1,"young, miss. marie grice",female,36.0,0,0,pc 17760,135.6333,c32,c
296,1,"lewy, mr. ervin g",male,,0,0,pc 17612,27.7208,,c
733,2,"knight, mr. robert j",male,,0,0,239855,0.0,,s
99,2,"doling, mrs. john t (ada julia bone)",female,34.0,0,1,231919,23.0,,s
241,3,"zabour, miss. thamine",female,,1,0,2665,14.4542,,c
125,1,"white, mr. percival wayland",male,54.0,0,1,35281,77.2875,d26,s
659,2,"eitemiller, mr. george floyd",male,23.0,0,0,29751,13.0,,s
317,2,"kantor, mrs. sinai (miriam sternin)",female,24.0,1,0,244367,26.0,,s
832,2,"richards, master. george sibley",male,0.83,1,1,29106,18.75,,s
848,3,"markoff, mr. marin",male,35.0,0,0,349213,7.8958,,c
185,3,"kink-heilmann, miss. luise gretchen",female,4.0,0,2,315153,22.025,,s
382,3,"nakid, miss. maria (""mary"")",female,1.0,0,2,2653,15.7417,,c
786,3,"harmer, mr. abraham (david lishin)",male,25.0,0,0,374887,7.25,,s
708,1,"calderhead, mr. edward pennington",male,42.0,0,0,pc 17476,26.2875,e24,s
586,1,"taussig, miss. ruth",female,18.0,0,2,110413,79.65,e68,s
579,3,"caram, mrs. joseph (maria elias)",female,,1,0,2689,14.4583,,c
777,3,"tobin, mr. roger",male,,0,0,383121,7.75,f38,q
774,3,"elias, mr. dibo",male,,0,0,2674,7.225,,c
788,3,"rice, master. george hugh",male,8.0,4,1,382652,29.125,,q
84,1,"carrau, mr. francisco m",male,28.0,0,0,113059,47.1,,s
141,3,"boulos, mrs. joseph (sultana)",female,,0,2,2678,15.2458,,c
792,2,"gaskell, mr. alfred",male,16.0,0,0,239865,26.0,,s
632,3,"lundahl, mr. johan svensson",male,51.0,0,0,347743,7.0542,,s
715,2,"greenberg, mr. samuel",male,52.0,0,0,250647,13.0,,s
394,1,"newell, miss. marjorie",female,23.0,1,0,35273,113.275,d36,c
165,3,"panula, master. eino viljami",male,1.0,4,1,3101295,39.6875,,s
713,1,"taylor, mr. elmer zebley",male,48.0,1,0,19996,52.0,c126,s
247,3,"lindahl, miss. agda thorilda viktoria",female,25.0,0,0,347071,7.775,,s
104,3,"johansson, mr. gustaf joel",male,33.0,0,0,7540,8.6542,,s
150,2,"byles, rev. thomas roussel davids",male,42.0,0,0,244310,13.0,,s
198,3,"olsen, mr. karl siegwart andreas",male,42.0,0,1,4579,8.4042,,s
156,1,"williams, mr. charles duane",male,51.0,0,1,pc 17597,61.3792,,c
779,3,"kilgannon, mr. thomas j",male,,0,0,36865,7.7375,,q
13,3,"saundercock, mr. william henry",male,20.0,0,0,a/5. 2151,8.05,,s
815,3,"tomlin, mr. ernest portage",male,30.5,0,0,364499,8.05,,s
740,3,"nankoff, mr. minko",male,,0,0,349218,7.8958,,s
606,3,"lindell, mr. edvard bengtsson",male,36.0,1,0,349910,15.55,,s
882,3,"markun, mr. johann",male,33.0,0,0,349257,7.8958,,s
730,3,"ilmakangas, miss. pieta sofia",female,25.0,1,0,ston/o2. 3101271,7.925,,s
373,3,"beavan, mr. william thomas",male,19.0,0,0,323951,8.05,,s
888,1,"graham, miss. margaret edith",female,19.0,0,0,112053,30.0,b42,s
390,2,"lehmann, miss. bertha",female,17.0,0,0,sc 1748,12.0,,c
66,3,"moubarek, master. gerios",male,,1,1,2661,15.2458,,c
356,3,"vanden steen, mr. leo peter",male,28.0,0,0,345783,9.5,,s
349,3,"coutts, master. william loch ""william""",male,3.0,1,1,c.a. 37671,15.9,,s
621,3,"yasbeck, mr. antoni",male,27.0,1,0,2659,14.4542,,c
812,3,"lester, mr. james",male,39.0,0,0,a/4 48871,24.15,,s
690,1,"madill, miss. georgette alexandra",female,15.0,0,1,24160,211.3375,b5,s
496,3,"yousseff, mr. gerious",male,,0,0,2627,14.4583,,c
891,3,"dooley, mr. patrick",male,32.0,0,0,370376,7.75,,q
604,3,"torber, mr. ernst william",male,44.0,0,0,364511,8.05,,s
687,3,"panula, mr. jaako arnold",male,14.0,4,1,3101295,39.6875,,s
520,3,"pavlovic, mr. stefo",male,32.0,0,0,349242,7.8958,,s
279,3,"rice, master. eric",male,7.0,4,1,382652,29.125,,q
235,2,"leyson, mr. robert william norman",male,24.0,0,0,c.a. 29566,10.5,,s
528,1,"farthing, mr. john",male,,0,0,pc 17483,221.7792,c95,s
710,3,"moubarek, master. halim gonios (""william george"")",male,,1,1,2661,15.2458,,c
355,3,"yousif, mr. wazli",male,,0,0,2647,7.225,,c
270,1,"bissette, miss. amelia",female,35.0,0,0,pc 17760,135.6333,c99,s
151,2,"bateman, rev. robert james",male,51.0,0,0,s.o.p. 1166,12.525,,s
450,1,"peuchen, major. arthur godfrey",male,52.0,0,0,113786,30.5,c104,s
225,1,"hoyt, mr. frederick maxfield",male,38.0,1,0,19943,90.0,c93,s
42,2,"turpin, mrs. william john robert (dorothy ann wonnacott)",female,27.0,1,0,11668,21.0,,s
337,1,"pears, mr. thomas clinton",male,29.0,1,0,113776,66.6,c2,s
638,2,"collyer, mr. harvey",male,31.0,1,1,c.a. 31921,26.25,,s
435,1,"silvey, mr. william baird",male,50.0,1,0,13507,55.9,e44,s
395,3,"sandstrom, mrs. hjalmar (agnes charlotta bengtsson)",female,24.0,0,2,pp 9549,16.7,g6,s
524,1,"hippach, mrs. louis albert (ida sophia fischer)",female,44.0,0,1,111361,57.9792,b18,c
467,2,"campbell, mr. william",male,,0,0,239853,0.0,,s
556,1,"wright, mr. george",male,62.0,0,0,113807,26.55,,s
431,1,"bjornstrom-steffansson, mr. mauritz hakan",male,28.0,0,0,110564,26.55,c52,s
321,3,"dennis, mr. samuel",male,22.0,0,0,a/5 21172,7.25,,s
758,2,"bailey, mr. percy andrew",male,18.0,0,0,29108,11.5,,s
836,1,"compton, miss. sara rebecca",female,39.0,1,1,pc 17756,83.1583,e49,c
33,3,"glynn, miss. mary agatha",female,,0,0,335677,7.75,,q
722,3,"jensen, mr. svend lauritz",male,17.0,1,0,350048,7.0542,,s
877,3,"gustafsson, mr. alfred ossian",male,20.0,0,0,7534,9.8458,,s
504,3,"laitinen, miss. kristina sofia",female,37.0,0,0,4135,9.5875,,s
272,3,"tornquist, mr. william henry",male,25.0,0,0,line,0.0,,s
433,2,"louch, mrs. charles alexander (alice adelaide slow)",female,42.0,1,0,sc/ah 3085,26.0,,s
112,3,"zabour, miss. hileni",female,14.5,1,0,2665,14.4542,,c
688,3,"dakic, mr. branko",male,19.0,0,0,349228,10.1708,,s
797,1,"leader, dr. alice (farnham)",female,49.0,0,0,17465,25.9292,d17,s
667,2,"butler, mr. reginald fenton",male,25.0,0,0,234686,13.0,,s
670,1,"taylor, mrs. elmer zebley (juliet cummins wright)",female,,1,0,19996,52.0,c126,s
499,1,"allison, mrs. hudson j c (bessie waldo daniels)",female,25.0,1,2,113781,151.55,c22 c26,s
177,3,"lefebre, master. henry forbes",male,,3,1,4133,25.4667,,s
334,3,"vander planke, mr. leo edmondus",male,16.0,2,0,345764,18.0,,s
747,3,"abbott, mr. rossmore edward",male,16.0,1,1,c.a. 2673,20.25,,s
60,3,"goodwin, master. william frederick",male,11.0,5,2,ca 2144,46.9,,s
830,1,"stone, mrs. george nelson (martha evelyn)",female,62.0,0,0,113572,80.0,b28,
530,2,"hocking, mr. richard george",male,23.0,2,1,29104,11.5,,s
12,1,"bonnell, miss. elizabeth",female,58.0,0,0,113783,26.55,c103,s
865,2,"gill, mr. john william",male,24.0,0,0,233866,13.0,,s
770,3,"gronnestad, mr. daniel danielsen",male,32.0,0,0,8471,8.3625,,s
834,3,"augustsson, mr. albert",male,23.0,0,0,347468,7.8542,,s
709,1,"cleaver, miss. alice",female,22.0,0,0,113781,151.55,,s
728,3,"mannion, miss. margareth",female,,0,0,36866,7.7375,,q
25,3,"palsson, miss. torborg danira",female,8.0,3,1,349909,21.075,,s
574,3,"kelly, miss. mary",female,,0,0,14312,7.75,,q
686,2,"laroche, mr. joseph philippe lemercier",male,25.0,1,2,sc/paris 2123,41.5792,,c
554,3,"leeni, mr. fahim (""philip zenni"")",male,22.0,0,0,2620,7.225,,c
348,3,"davison, mrs. thomas henry (mary e finck)",female,,1,0,386525,16.1,,s
193,3,"andersen-jensen, miss. carla christine nielsine",female,19.0,1,0,350046,7.8542,,s
609,2,"laroche, mrs. joseph (juliette marie louise lafargue)",female,22.0,1,2,sc/paris 2123,41.5792,,c
256,3,"touma, mrs. darwis (hanne youssef razi)",female,29.0,0,2,2650,15.2458,,c
668,3,"rommetvedt, mr. knud paust",male,,0,0,312993,7.775,,s
366,3,"adahl, mr. mauritz nils martin",male,30.0,0,0,c 7076,7.25,,s
784,3,"johnston, mr. andrew g",male,,1,2,w./c. 6607,23.45,,s
712,1,"klaber, mr. herman",male,,0,0,113028,26.55,c124,s
487,1,"hoyt, mrs. frederick maxfield (jane anne forby)",female,35.0,1,0,19943,90.0,c93,s
441,2,"hart, mrs. benjamin (esther ada bloomfield)",female,45.0,1,1,f.c.c. 13529,26.25,,s
374,1,"ringhini, mr. sante",male,22.0,0,0,pc 17760,135.6333,,c
164,3,"calic, mr. jovo",male,17.0,0,0,315093,8.6625,,s
744,3,"mcnamee, mr. neal",male,24.0,1,0,376566,16.1,,s
853,3,"boulos, miss. nourelain",female,9.0,1,1,2678,15.2458,,c
630,3,"o'connell, mr. patrick d",male,,0,0,334912,7.7333,,q
612,3,"jardin, mr. jose neto",male,,0,0,soton/o.q. 3101305,7.05,,s
23,3,"mcgowan, miss. anna ""annie""",female,15.0,0,0,330923,8.0292,,q
843,1,"serepeca, miss. augusta",female,30.0,0,0,113798,31.0,,c
275,3,"healy, miss. hanora ""nora""",female,,0,0,370375,7.75,,q
392,3,"jansson, mr. carl olof",male,21.0,0,0,350034,7.7958,,s
562,3,"sivic, mr. husein",male,40.0,0,0,349251,7.8958,,s
161,3,"cribb, mr. john hatfield",male,44.0,0,1,371362,16.1,,s
653,3,"kalvik, mr. johannes halvorsen",male,21.0,0,0,8475,8.4333,,s
535,3,"cacic, miss. marija",female,30.0,0,0,315084,8.6625,,s
533,3,"elias, mr. joseph jr",male,17.0,1,1,2690,7.2292,,c
405,3,"oreskovic, miss. marija",female,20.0,0,0,315096,8.6625,,s
614,3,"horgan, mr. john",male,,0,0,370377,7.75,,q
155,3,"olsen, mr. ole martin",male,,0,0,fa 265302,7.3125,,s
480,3,"hirvonen, miss. hildur e",female,2.0,0,1,3101298,12.2875,,s
387,3,"goodwin, master. sidney leonard",male,1.0,5,2,ca 2144,46.9,,s
596,3,"van impe, mr. jean baptiste",male,36.0,1,1,345773,24.15,,s
576,3,"patchett, mr. george",male,19.0,0,0,358585,14.5,,s
473,2,"west, mrs. edwy arthur (ada mary worth)",female,33.0,1,2,c.a. 34651,27.75,,s
314,3,"hendekovic, mr. ignjac",male,28.0,0,0,349243,7.8958,,s
803,1,"carter, master. william thornton ii",male,11.0,1,2,113760,120.0,b96 b98,s
545,1,"douglas, mr. walter donald",male,50.0,1,0,pc 17761,106.425,c86,c
769,3,"moran, mr. daniel j",male,,1,0,371110,24.15,,q
286,3,"stankovic, mr. ivan",male,33.0,0,0,349239,8.6625,,c
57,2,"rugg, miss. emily",female,21.0,0,0,c.a. 31026,10.5,,s
462,3,"morley, mr. william",male,34.0,0,0,364506,8.05,,s
216,1,"newell, miss. madeleine",female,31.0,1,0,35273,113.275,d36,c
471,3,"keefe, mr. arthur",male,,0,0,323592,7.25,,s
80,3,"dowdell, miss. elizabeth",female,30.0,0,0,364516,12.475,,s
386,2,"davies, mr. charles henry",male,18.0,0,0,s.o.c. 14879,73.5,,s
673,2,"mitchell, mr. henry michael",male,70.0,0,0,c.a. 24580,10.5,,s
432,3,"thorneycroft, mrs. percival (florence kate white)",female,,1,0,376564,16.1,,s
101,3,"petranec, miss. matilda",female,28.0,0,0,349245,7.8958,,s
489,3,"somerton, mr. francis william",male,30.0,0,0,a.5. 18509,8.05,,s
290,3,"connolly, miss. kate",female,22.0,0,0,370373,7.75,,q
762,3,"nirva, mr. iisakki antino aijo",male,41.0,0,0,soton/o2 3101272,7.125,,s
311,1,"hays, miss. margaret bechstein",female,24.0,0,0,11767,83.1583,c54,c
472,3,"cacic, mr. luka",male,38.0,0,0,315089,8.6625,,s
222,2,"bracken, mr. james h",male,27.0,0,0,220367,13.0,,s
828,2,"mallet, master. andre",male,1.0,0,2,s.c./paris 2079,37.0042,,c
645,3,"baclini, miss. eugenie",female,0.75,2,1,2666,19.2583,,c
331,3,"mccoy, miss. agnes",female,,2,0,367226,23.25,,q
764,1,"carter, mrs. william ernest (lucile polk)",female,36.0,1,2,113760,120.0,b96 b98,s
640,3,"thorneycroft, mr. percival",male,,1,0,376564,16.1,,s
371,1,"harder, mr. george achilles",male,25.0,1,0,11765,55.4417,e50,c
410,3,"lefebre, miss. ida",female,,3,1,4133,25.4667,,s
54,2,"faunthorpe, mrs. lizzie (elizabeth anne wilkinson)",female,29.0,1,0,2926,26.0,,s
628,1,"longley, miss. gretchen fiske",female,21.0,0,0,13502,77.9583,d9,s
266,2,"reeves, mr. david",male,36.0,0,0,c.a. 17248,10.5,,s
71,2,"jenkin, mr. stephen curnow",male,32.0,0,0,c.a. 33111,10.5,,s
169,1,"baumann, mr. john d",male,,0,0,pc 17318,25.925,,s
110,3,"moran, miss. bertha",female,,1,0,371110,24.15,,q
581,2,"christy, miss. julie rachel",female,25.0,1,1,237789,30.0,,s
20,3,"masselmani, mrs. fatima",female,,0,0,2649,7.225,,c
238,2,"collyer, miss. marjorie ""lottie""",female,8.0,0,2,c.a. 31921,26.25,,s
731,1,"allen, miss. elisabeth walton",female,29.0,0,0,24160,211.3375,b5,s
260,2,"parrish, mrs. (lutie davis)",female,50.0,0,1,230433,26.0,,s
40,3,"nicola-yarred, miss. jamila",female,14.0,1,0,2651,11.2417,,c
854,1,"lines, miss. mary conover",female,16.0,0,1,pc 17592,39.4,d28,s
858,1,"daly, mr. peter denis ",male,51.0,0,0,113055,26.55,e17,s
656,2,"hickman, mr. leonard mark",male,24.0,2,0,s.o.c. 14879,73.5,,s
87,3,"ford, mr. william neal",male,16.0,1,3,w./c. 6608,34.375,,s
626,1,"sutton, mr. frederick",male,61.0,0,0,36963,32.3208,d50,s
587,2,"jarvis, mr. john denzil",male,47.0,0,0,237565,15.0,,s
775,2,"hocking, mrs. elizabeth (eliza needs)",female,54.0,1,3,29105,23.0,,s
548,2,"padro y manent, mr. julian",male,,0,0,sc/paris 2146,13.8625,,c
31,1,"uruchurtu, don. manuel e",male,40.0,0,0,pc 17601,27.7208,,c
434,3,"kallio, mr. nikolai erland",male,17.0,0,0,ston/o 2. 3101274,7.125,,s
743,1,"ryerson, miss. susan parker ""suzette""",female,21.0,2,2,pc 17608,262.375,b57 b59 b63 b66,c
483,3,"rouse, mr. richard henry",male,50.0,0,0,a/5 3594,8.05,,s
384,1,"holverson, mrs. alexander oskar (mary aline towner)",female,35.0,1,0,113789,52.0,,s
131,3,"drazenoic, mr. jozef",male,33.0,0,0,349241,7.8958,,c
90,3,"celotti, mr. francesco",male,24.0,0,0,343275,8.05,,s
380,3,"gustafsson, mr. karl gideon",male,19.0,0,0,347069,7.775,,s
694,3,"saad, mr. khalil",male,25.0,0,0,2672,7.225,,c
264,1,"harrison, mr. william",male,40.0,0,0,112059,0.0,b94,s
782,1,"dick, mrs. albert adrian (vera gillespie)",female,17.0,1,0,17474,57.0,b20,s
594,3,"bourke, miss. mary",female,,0,2,364848,7.75,,q
207,3,"backstrom, mr. karl alfred",male,32.0,1,0,3101278,15.85,,s
559,1,"taussig, mrs. emil (tillie mandelbaum)",female,39.0,1,1,110413,79.65,e67,s
741,1,"hawksford, mr. walter james",male,,0,0,16988,30.0,d45,s
695,1,"weir, col. john",male,60.0,0,0,113800,26.55,,s
543,3,"andersson, miss. sigrid elisabeth",female,11.0,4,2,347082,31.275,,s
363,3,"barbara, mrs. (catherine david)",female,45.0,0,1,2691,14.4542,,c
361,3,"skoog, mr. wilhelm",male,40.0,1,4,347088,27.9,,s
644,3,"foo, mr. choong",male,,0,0,1601,56.4958,,s
144,3,"burke, mr. jeremiah",male,19.0,0,0,365222,6.75,,q
692,3,"karun, miss. manca",female,4.0,0,1,349256,13.4167,,c
447,2,"mellinger, miss. madeleine violet",female,13.0,0,1,250644,19.5,,s
142,3,"nysten, miss. anna sofia",female,22.0,0,0,347081,7.75,,s
591,3,"rintamaki, mr. matti",male,35.0,0,0,ston/o 2. 3101273,7.125,,s
313,2,"lahtinen, mrs. william (anna sylfven)",female,26.0,1,1,250651,26.0,,s
30,3,"todoroff, mr. lalio",male,,0,0,349216,7.8958,,s
795,3,"dantcheff, mr. ristiu",male,25.0,0,0,349203,7.8958,,s
50,3,"arnold-franchi, mrs. josef (josefine franchi)",female,18.0,1,0,349237,17.8,,s
678,3,"turja, miss. anna sofia",female,18.0,0,0,4138,9.8417,,s
889,3,"johnston, miss. catherine helen ""carrie""",female,,1,2,w./c. 6607,23.45,,s
288,3,"naidenoff, mr. penko",male,22.0,0,0,349206,7.8958,,s
415,3,"sundman, mr. johan julian",male,44.0,0,0,ston/o 2. 3101269,7.925,,s
195,1,"brown, mrs. james joseph (margaret tobin)",female,44.0,0,0,pc 17610,27.7208,b4,c
148,3,"ford, miss. robina maggie ""ruby""",female,9.0,2,2,w./c. 6608,34.375,,s
637,3,"leinonen, mr. antti gustaf",male,32.0,0,0,ston/o 2. 3101292,7.925,,s
544,2,"beane, mr. edward",male,32.0,1,0,2908,26.0,,s
3,3,"heikkinen, miss. laina",female,26.0,0,0,ston/o2. 3101282,7.925,,s
83,3,"mcdermott, miss. brigdet delia",female,,0,0,330932,7.7875,,q
436,1,"carter, miss. lucile polk",female,14.0,1,2,113760,120.0,b96 b98,s
103,1,"white, mr. richard frasar",male,21.0,0,1,35281,77.2875,d26,s
330,1,"hippach, miss. jean gertrude",female,16.0,0,1,111361,57.9792,b18,c
697,3,"kelly, mr. james",male,44.0,0,0,363592,8.05,,s
555,3,"ohman, miss. velin",female,22.0,0,0,347085,7.775,,s
717,1,"endres, miss. caroline louise",female,38.0,0,0,pc 17757,227.525,c45,c
486,3,"lefebre, miss. jeannie",female,,3,1,4133,25.4667,,s
233,2,"sjostedt, mr. ernst adolf",male,59.0,0,0,237442,13.5,,s
420,3,"van impe, miss. catharina",female,10.0,0,2,345773,24.15,,s
793,3,"sage, miss. stella anna",female,,8,2,ca. 2343,69.55,,s
842,2,"mudd, mr. thomas charles",male,16.0,0,0,s.o./p.p. 3,10.5,,s
752,3,"moor, master. meier",male,6.0,0,1,392096,12.475,e121,s
639,3,"panula, mrs. juha (maria emilia ojala)",female,41.0,0,5,3101295,39.6875,,s
474,2,"jerwan, mrs. amin s (marie marthe thuillard)",female,23.0,0,0,sc/ah basle 541,13.7917,d,c
304,2,"keane, miss. nora a",female,,0,0,226593,12.35,e101,q
438,2,"richards, mrs. sidney (emily hocking)",female,24.0,2,3,29106,18.75,,s
525,3,"kassem, mr. fared",male,,0,0,2700,7.2292,,c
874,3,"vander cruyssen, mr. victor",male,47.0,0,0,345765,9.0,,s
168,3,"skoog, mrs. william (anna bernhardina karlsson)",female,45.0,1,4,347088,27.9,,s
781,3,"ayoub, miss. banoura",female,13.0,0,0,2687,7.2292,,c
340,1,"blackwell, mr. stephen weart",male,45.0,0,0,113784,35.5,t,s
245,3,"attalah, mr. sleiman",male,30.0,0,0,2694,7.225,,c
107,3,"salkjelsvik, miss. anna kristine",female,21.0,0,0,343120,7.65,,s
841,3,"alhomaki, mr. ilmari rudolf",male,20.0,0,0,soton/o2 3101287,7.925,,s
157,3,"gilnagh, miss. katherine ""katie""",female,16.0,0,0,35851,7.7333,,q
589,3,"gilinski, mr. eliezer",male,22.0,0,0,14973,8.05,,s
295,3,"mineff, mr. ivan",male,24.0,0,0,349233,7.8958,,s
885,3,"sutehall, mr. henry jr",male,25.0,0,0,soton/oq 392076,7.05,,s
383,3,"tikkanen, mr. juho",male,32.0,0,0,ston/o 2. 3101293,7.925,,s
280,3,"abbott, mrs. stanton (rosa hunt)",female,35.0,1,1,c.a. 2673,20.25,,s
546,1,"nicholson, mr. arthur ernest",male,64.0,0,0,693,26.0,,s
179,2,"hale, mr. reginald",male,30.0,0,0,250653,13.0,,s
408,2,"richards, master. william rowe",male,3.0,1,1,29106,18.75,,s
201,3,"vande walle, mr. nestor cyriel",male,28.0,0,0,345770,9.5,,s
182,2,"pernot, mr. rene",male,,0,0,sc/paris 2131,15.05,,c
255,3,"rosblom, mrs. viktor (helena wilhelmina)",female,41.0,0,2,370129,20.2125,,s
701,1,"astor, mrs. john jacob (madeleine talmadge force)",female,18.0,1,0,pc 17757,227.525,c62 c64,c
636,2,"davis, miss. mary",female,28.0,0,0,237668,13.0,,s
768,3,"mangan, miss. mary",female,30.5,0,0,364850,7.75,,q
417,2,"drew, mrs. james vivian (lulu thorne christian)",female,34.0,1,1,28220,32.5,,s
517,2,"lemore, mrs. (amelia milley)",female,34.0,0,0,c.a. 34260,10.5,f33,s
86,3,"backstrom, mrs. karl alfred (maria mathilda gustafsson)",female,33.0,3,0,3101278,15.85,,s
166,3,"goldsmith, master. frank john william ""frankie""",male,9.0,0,2,363291,20.525,,s
801,2,"ponesell, mr. martin",male,34.0,0,0,250647,13.0,,s
172,3,"rice, master. arthur",male,4.0,4,1,382652,29.125,,q
508,1,"bradley, mr. george (""george arthur brayton"")",male,,0,0,111427,26.55,,s
790,1,"guggenheim, mr. benjamin",male,46.0,0,0,pc 17593,79.2,b82 b84,c
64,3,"skoog, master. harald",male,4.0,3,2,347088,27.9,,s
370,1,"aubart, mme. leontine pauline",female,24.0,0,0,pc 17477,69.3,b35,c
672,1,"davidson, mr. thornton",male,31.0,1,0,f.c. 12750,52.0,b71,s
129,3,"peter, miss. anna",female,,1,1,2668,22.3583,f e69,c
49,3,"samaan, mr. youssef",male,,2,0,2662,21.6792,,c
91,3,"christmann, mr. emil",male,29.0,0,0,343276,8.05,,s
162,2,"watt, mrs. james (elizabeth ""bessie"" inglis milne)",female,40.0,0,0,c.a. 33595,15.75,,s
745,3,"stranden, mr. juho",male,31.0,0,0,ston/o 2. 3101288,7.925,,s
187,3,"o'brien, mrs. thomas (johanna ""hannah"" godfrey)",female,,1,0,370365,15.5,,q
406,2,"gale, mr. shadrach",male,34.0,1,0,28664,21.0,,s
215,3,"kiernan, mr. philip",male,,1,0,367229,7.75,,q
418,2,"silven, miss. lyyli karoliina",female,18.0,0,2,250652,13.0,,s
1,3,"braund, mr. owen harris",male,22.0,1,0,a/5 21171,7.25,,s
861,3,"hansen, mr. claus peter",male,41.0,2,0,350026,14.1083,,s
123,2,"nasser, mr. nicholas",male,32.5,1,0,237736,30.0708,,c
503,3,"o'sullivan, miss. bridget mary",female,,0,0,330909,7.6292,,q
542,3,"andersson, miss. ingeborg constanzia",female,9.0,4,2,347082,31.275,,s
476,1,"clifford, mr. george quincy",male,,0,0,110465,52.0,a14,s
402,3,"adams, mr. john",male,26.0,0,0,341826,8.05,,s
665,3,"lindqvist, mr. eino william",male,20.0,1,0,ston/o 2. 3101285,7.925,,s
804,3,"thomas, master. assad alexander",male,0.42,0,1,2625,8.5167,,c
463,1,"gee, mr. arthur h",male,47.0,0,0,111320,38.5,e63,s
376,1,"meyer, mrs. edgar joseph (leila saks)",female,,1,0,pc 17604,82.1708,,c
878,3,"petroff, mr. nedelio",male,19.0,0,0,349212,7.8958,,s
183,3,"asplund, master. clarence gustaf hugo",male,9.0,4,2,347077,31.3875,,s
464,2,"milling, mr. jacob christian",male,48.0,0,0,234360,13.0,,s
211,3,"ali, mr. ahmed",male,24.0,0,0,soton/o.q. 3101311,7.05,,s
871,3,"balkic, mr. cerin",male,26.0,0,0,349248,7.8958,,s
582,1,"thayer, mrs. john borland (marian longstreth morris)",female,39.0,1,1,17421,110.8833,c68,c
814,3,"andersson, miss. ebba iris alfrida",female,6.0,4,2,347082,31.275,,s
388,2,"buss, miss. kate",female,36.0,0,0,27849,13.0,,s
78,3,"moutal, mr. rahamin haim",male,,0,0,374746,8.05,,s
816,1,"fry, mr. richard",male,,0,0,112058,0.0,b102,s
423,3,"zimmerman, mr. leo",male,29.0,0,0,315082,7.875,,s
124,2,"webber, miss. susan",female,32.5,0,0,27267,13.0,e101,s
74,3,"chronopoulos, mr. apostolos",male,26.0,1,0,2680,14.4542,,c
613,3,"murphy, miss. margaret jane",female,,1,0,367230,15.5,,q
59,2,"west, miss. constance mirium",female,5.0,1,2,c.a. 34651,27.75,,s
328,2,"ball, mrs. (ada e hall)",female,36.0,0,0,28551,13.0,d,s
485,1,"bishop, mr. dickinson h",male,25.0,1,0,11967,91.0792,b49,c
143,3,"hakkarainen, mrs. pekka pietari (elin matilda dolck)",female,24.0,1,0,ston/o2. 3101279,15.85,,s
76,3,"moen, mr. sigurd hansen",male,25.0,0,0,348123,7.65,f g73,s
622,1,"kimball, mr. edwin nelson jr",male,42.0,1,0,11753,52.5542,d19,s
683,3,"olsvigen, mr. thor anderson",male,20.0,0,0,6563,9.225,,s
857,1,"wick, mrs. george dennick (mary hitchcock)",female,45.0,1,1,36928,164.8667,,s
306,1,"allison, master. hudson trevor",male,0.92,1,2,113781,151.55,c22 c26,s
358,2,"funk, miss. annie clemmer",female,38.0,0,0,237671,13.0,,s
754,3,"jonkoff, mr. lalio",male,23.0,0,0,349204,7.8958,,s
411,3,"sdycoff, mr. todor",male,,0,0,349222,7.8958,,s
65,1,"stewart, mr. albert a",male,,0,0,pc 17605,27.7208,,c
196,1,"lurette, miss. elise",female,58.0,0,0,pc 17569,146.5208,b80,c
354,3,"arnold-franchi, mr. josef",male,25.0,1,0,349237,17.8,,s
254,3,"lobb, mr. william arthur",male,30.0,1,0,a/5. 3336,16.1,,s
650,3,"stanley, miss. amy zillah elsie",female,23.0,0,0,ca. 2314,7.55,,s
884,2,"banfield, mr. frederick james",male,28.0,0,0,c.a./soton 34068,10.5,,s
679,3,"goodwin, mrs. frederick (augusta tyler)",female,43.0,1,6,ca 2144,46.9,,s
75,3,"bing, mr. lee",male,32.0,0,0,1601,56.4958,,s
227,2,"mellors, mr. william john",male,19.0,0,0,sw/pp 751,10.5,,s
540,1,"frolicher, miss. hedwig margaritha",female,22.0,0,2,13568,49.5,b39,c
421,3,"gheorgheff, mr. stanio",male,,0,0,349254,7.8958,,c
748,2,"sinkkonen, miss. anna",female,30.0,0,0,250648,13.0,,s
608,1,"daniel, mr. robert williams",male,27.0,0,0,113804,30.5,,s
661,1,"frauenthal, dr. henry william",male,50.0,2,0,pc 17611,133.65,,s
7,1,"mccarthy, mr. timothy j",male,54.0,0,0,17463,51.8625,e46,s
281,3,"duane, mr. frank",male,65.0,0,0,336439,7.75,,q
439,1,"fortune, mr. mark",male,64.0,1,4,19950,263.0,c23 c25 c27,s
825,3,"panula, master. urho abraham",male,2.0,4,1,3101295,39.6875,,s
635,3,"skoog, miss. mabel",female,9.0,3,2,347088,27.9,,s
498,3,"shellard, mr. frederick william",male,,0,0,c.a. 6212,15.1,,s
206,3,"strom, miss. telma matilda",female,2.0,0,1,347054,10.4625,g6,s
742,1,"cavendish, mr. tyrell william",male,36.0,1,0,19877,78.85,c46,s
189,3,"bourke, mr. john",male,40.0,1,1,364849,15.5,,q
48,3,"o'driscoll, miss. bridget",female,,0,0,14311,7.75,,q
16,2,"hewlett, mrs. (mary d kingcome) ",female,55.0,0,0,248706,16.0,,s
698,3,"mullens, miss. katherine ""katie""",female,,0,0,35852,7.7333,,q
817,3,"heininen, miss. wendla maria",female,23.0,0,0,ston/o2. 3101290,7.925,,s
643,3,"skoog, miss. margit elizabeth",female,2.0,3,2,347088,27.9,,s
17,3,"rice, master. eugene",male,2.0,4,1,382652,29.125,,q
205,3,"cohen, mr. gurshon ""gus""",male,18.0,0,0,a/5 3540,8.05,,s
541,1,"crosby, miss. harriet r",female,36.0,0,2,we/p 5735,71.0,b22,s
699,1,"thayer, mr. john borland",male,49.0,1,1,17421,110.8833,c68,c
460,3,"o'connor, mr. maurice",male,,0,0,371060,7.75,,q
677,3,"sawyer, mr. frederick charles",male,24.5,0,0,342826,8.05,,s
761,3,"garfirth, mr. john",male,,0,0,358585,14.5,,s
93,1,"chaffee, mr. herbert fuller",male,46.0,1,0,w.e.p. 5734,61.175,e31,s
703,3,"barbara, miss. saiide",female,18.0,0,1,2691,14.4542,,c
180,3,"leonard, mr. lionel",male,36.0,0,0,line,0.0,,s
749,1,"marvin, mr. daniel warner",male,19.0,1,0,113773,53.1,d30,s
244,3,"maenpaa, mr. matti alexanteri",male,22.0,0,0,ston/o 2. 3101275,7.125,,s
252,3,"strom, mrs. wilhelm (elna matilda persson)",female,29.0,1,1,347054,10.4625,g6,s
696,2,"chapman, mr. charles henry",male,52.0,0,0,248731,13.5,,s
79,2,"caldwell, master. alden gates",male,0.83,0,2,248738,29.0,,s
868,1,"roebling, mr. washington augustus ii",male,31.0,0,0,pc 17590,50.4958,a24,s
249,1,"beckwith, mr. richard leonard",male,37.0,1,1,11751,52.5542,d35,s
318,2,"moraweck, dr. ernest",male,54.0,0,0,29011,14.0,,s
146,2,"nicholls, mr. joseph charles",male,19.0,1,1,c.a. 33112,36.75,,s
367,1,"warren, mrs. frank manley (anna sophia atkinson)",female,60.0,1,0,110813,75.25,d37,c
648,1,"simonius-blumer, col. oberst alfons",male,56.0,0,0,13213,35.5,a26,c
248,2,"hamalainen, mrs. william (anna)",female,24.0,0,2,250649,14.5,,s
303,3,"johnson, mr. william cahoone jr",male,19.0,0,0,line,0.0,,s
568,3,"palsson, mrs. nils (alma cornelia berglund)",female,29.0,0,4,349909,21.075,,s
794,1,"hoyt, mr. william fisher",male,,0,0,pc 17600,30.6958,,c
310,1,"francatelli, miss. laura mabel",female,30.0,0,0,pc 17485,56.9292,e36,c
625,3,"bowen, mr. david john ""dai""",male,21.0,0,0,54636,16.1,,s
113,3,"barton, mr. david john",male,22.0,0,0,324669,8.05,,s
163,3,"bengtsson, mr. john viktor",male,26.0,0,0,347068,7.775,,s
767,1,"brewe, dr. arthur jackson",male,,0,0,112379,39.6,,c
191,2,"pinsky, mrs. (rosa)",female,32.0,0,0,234604,13.0,,s
561,3,"morrow, mr. thomas rowan",male,,0,0,372622,7.75,,q
887,2,"montvila, rev. juozas",male,27.0,0,0,211536,13.0,,s
174,3,"sivola, mr. antti wilhelm",male,21.0,0,0,ston/o 2. 3101280,7.925,,s
257,1,"thorne, mrs. gertrude maybelle",female,,0,0,pc 17585,79.2,,c
204,3,"youseff, mr. gerious",male,45.5,0,0,2628,7.225,,c
58,3,"novel, mr. mansouer",male,28.5,0,0,2697,7.2292,,c
693,3,"lam, mr. ali",male,,0,0,1601,56.4958,,s
646,1,"harper, mr. henry sleeper",male,48.0,1,0,pc 17572,76.7292,d33,c
753,3,"vande velde, mr. johannes joseph",male,33.0,0,0,345780,9.5,,s
437,3,"ford, miss. doolina margaret ""daisy""",female,21.0,2,2,w./c. 6608,34.375,,s
250,2,"carter, rev. ernest courtenay",male,54.0,1,0,244252,26.0,,s
746,1,"crosby, capt. edward gifford",male,70.0,1,1,we/p 5735,71.0,b22,s
849,2,"harper, rev. john",male,28.0,0,1,248727,33.0,,s
652,2,"doling, miss. elsie",female,18.0,0,1,231919,23.0,,s
592,1,"stephenson, mrs. walter bertram (martha eustis)",female,52.0,1,0,36947,78.2667,d20,c
456,3,"jalsevac, mr. ivan",male,29.0,0,0,349240,7.8958,,c
785,3,"ali, mr. william",male,25.0,0,0,soton/o.q. 3101312,7.05,,s
153,3,"meo, mr. alfonzo",male,55.5,0,0,a.5. 11206,8.05,,s
674,2,"wilhelms, mr. charles",male,31.0,0,0,244270,13.0,,s
615,3,"brocklebank, mr. william alfred",male,35.0,0,0,364512,8.05,,s
322,3,"danoff, mr. yoto",male,27.0,0,0,349219,7.8958,,s
526,3,"farrell, mr. james",male,40.5,0,0,367232,7.75,,q
24,1,"sloper, mr. william thompson",male,28.0,0,0,113788,35.5,a6,s
122,3,"moore, mr. leonard charles",male,,0,0,a4. 54510,8.05,,s
278,2,"parkes, mr. francis ""frank""",male,,0,0,239853,0.0,,s
29,3,"o'dwyer, miss. ellen ""nellie""",female,,0,0,330959,7.8792,,q
601,2,"jacobsohn, mrs. sidney samuel (amy frances christy)",female,24.0,2,1,243847,27.0,,s
184,2,"becker, master. richard f",male,1.0,2,1,230136,39.0,f4,s
862,2,"giles, mr. frederick edward",male,21.0,1,0,28134,11.5,,s
551,1,"thayer, mr. john borland jr",male,17.0,0,2,17421,110.8833,c70,c
616,2,"herman, miss. alice",female,24.0,1,2,220845,65.0,,s
778,3,"emanuel, miss. virginia ethel",female,5.0,0,0,364516,12.475,,s
440,2,"kvillner, mr. johan henrik johannesson",male,31.0,0,0,c.a. 18723,10.5,,s
34,2,"wheadon, mr. edward h",male,66.0,0,0,c.a. 24579,10.5,,s
664,3,"coleff, mr. peju",male,36.0,0,0,349210,7.4958,,s
550,2,"davies, master. john morgan jr",male,8.0,1,1,c.a. 33112,36.75,,s
240,2,"hunt, mr. george henry",male,33.0,0,0,sco/w 1585,12.275,,s
839,3,"chip, mr. chang",male,32.0,0,0,1601,56.4958,,s
145,2,"andrew, mr. edgardo samuel",male,18.0,0,0,231945,11.5,,s
738,1,"lesurer, mr. gustave j",male,35.0,0,0,pc 17755,512.3292,b101,c
407,3,"widegren, mr. carl/charles peter",male,51.0,0,0,347064,7.75,,s
457,1,"millet, mr. francis davis",male,65.0,0,0,13509,26.55,e38,s
866,2,"bystrom, mrs. (karolina)",female,42.0,0,0,236852,13.0,,s
285,1,"smith, mr. richard william",male,,0,0,113056,26.0,a19,s
618,3,"lobb, mrs. william arthur (cordelia k stanlick)",female,26.0,1,0,a/5. 3336,16.1,,s
806,3,"johansson, mr. karl johan",male,31.0,0,0,347063,7.775,,s
444,2,"reynaldo, ms. encarnacion",female,28.0,0,0,230434,13.0,,s
452,3,"hagland, mr. ingvald olai olsen",male,,1,0,65303,19.9667,,s
329,3,"goldsmith, mrs. frank john (emily alice brown)",female,31.0,1,1,363291,20.525,,s
536,2,"hart, miss. eva miriam",female,7.0,0,2,f.c.c. 13529,26.25,,s
19,3,"vander planke, mrs. julius (emelia maria vandemoortele)",female,31.0,1,0,345763,18.0,,s
307,1,"fleming, miss. margaret",female,,0,0,17421,110.8833,,c
231,1,"harris, mrs. henry birkhardt (irene wallach)",female,35.0,1,0,36973,83.475,c83,s
35,1,"meyer, mr. edgar joseph",male,28.0,1,0,pc 17604,82.1708,,c
751,2,"wells, miss. joan",female,4.0,1,1,29103,23.0,,s
345,2,"fox, mr. stanley hubert",male,36.0,0,0,229236,13.0,,s
4,1,"futrelle, mrs. jacques heath (lily may peel)",female,35.0,1,0,113803,53.1,c123,s
458,1,"kenyon, mrs. frederick r (marion)",female,,1,0,17464,51.8625,d21,s
798,3,"osman, mrs. mara",female,31.0,0,0,349244,8.6833,,s
714,3,"larsson, mr. august viktor",male,29.0,0,0,7545,9.4833,,s
511,3,"daly, mr. eugene patrick",male,29.0,0,0,382651,7.75,,q
829,3,"mccormack, mr. thomas joseph",male,,0,0,367228,7.75,,q
549,3,"goldsmith, mr. frank john",male,33.0,1,1,363291,20.525,,s
818,2,"mallet, mr. albert",male,31.0,1,1,s.c./paris 2079,37.0042,,c
560,3,"de messemaeker, mrs. guillaume joseph (emma)",female,36.0,1,0,345572,17.4,,s
723,2,"gillespie, mr. william henry",male,34.0,0,0,12233,13.0,,s
598,3,"johnson, mr. alfred",male,49.0,0,0,line,0.0,,s
705,3,"hansen, mr. henrik juul",male,26.0,1,0,350025,7.8542,,s
159,3,"smiljanic, mr. mile",male,,0,0,315037,8.6625,,s
875,2,"abelson, mrs. samuel (hannah wizosky)",female,28.0,1,0,p/pp 3381,24.0,,c
735,2,"troupiansky, mr. moses aaron",male,23.0,0,0,233639,13.0,,s
154,3,"van billiard, mr. austin blyler",male,40.5,0,2,a/5. 851,14.5,,s
130,3,"ekstrom, mr. johan",male,45.0,0,0,347061,6.975,,s
232,3,"larsson, mr. bengt edvin",male,29.0,0,0,347067,7.775,,s
873,1,"carlsson, mr. frans olof",male,33.0,0,0,695,5.0,b51 b53 b55,s
160,3,"sage, master. thomas henry",male,,8,2,ca. 2343,69.55,,s
221,3,"sunderland, mr. victor francis",male,16.0,0,0,soton/oq 392089,8.05,,s
577,2,"garside, miss. ethel",female,34.0,0,0,243880,13.0,,s
611,3,"andersson, mrs. anders johan (alfrida konstantia brogren)",female,39.0,1,5,347082,31.275,,s
111,1,"porter, mr. walter chamberlain",male,47.0,0,0,110465,52.0,c110,s
527,2,"ridsdale, miss. lucy",female,50.0,0,0,w./c. 14258,10.5,,s
385,3,"plotcharsky, mr. vasil",male,,0,0,349227,7.8958,,s
647,3,"cor, mr. liudevit",male,19.0,0,0,349231,7.8958,,s
121,2,"hickman, mr. stanley george",male,21.0,2,0,s.o.c. 14879,73.5,,s
780,1,"robert, mrs. edward scott (elisabeth walton mcmillan)",female,43.0,0,1,24160,211.3375,b3,s
566,3,"davies, mr. alfred j",male,24.0,2,0,a/4 48871,24.15,,s
120,3,"andersson, miss. ellis anna maria",female,2.0,4,2,347082,31.275,,s
419,2,"matthews, mr. william john",male,30.0,0,0,28228,13.0,,s
800,3,"van impe, mrs. jean baptiste (rosalie paula govaert)",female,30.0,1,1,345773,24.15,,s
114,3,"jussila, miss. katriina",female,20.0,1,0,4136,9.825,,s
682,1,"hassab, mr. hammad",male,27.0,0,0,pc 17572,76.7292,d49,c
629,3,"bostandyeff, mr. guentcho",male,26.0,0,0,349224,7.8958,,s
97,1,"goldschmidt, mr. george b",male,71.0,0,0,pc 17754,34.6542,a5,c
756,2,"hamalainen, master. viljo",male,0.67,1,1,250649,14.5,,s
805,3,"hedman, mr. oskar arvid",male,27.0,0,0,347089,6.975,,s
393,3,"gustafsson, mr. johan birger",male,28.0,2,0,3101277,7.925,,s
477,2,"renouf, mr. peter henry",male,34.0,1,0,31027,21.0,,s
627,2,"kirkland, rev. charles leonard",male,57.0,0,0,219533,12.35,,q
119,1,"baxter, mr. quigg edmond",male,24.0,0,1,pc 17558,247.5208,b58 b60,c
299,1,"saalfeld, mr. adolphe",male,,0,0,19988,30.5,c106,s
660,1,"newell, mr. arthur webster",male,58.0,0,2,35273,113.275,d48,c
851,3,"andersson, master. sigvard harald elias",male,4.0,4,2,347082,31.275,,s
320,1,"spedden, mrs. frederic oakley (margaretta corning stone)",female,40.0,1,1,16966,134.5,e34,c
807,1,"andrews, mr. thomas jr",male,39.0,0,0,112050,0.0,a36,s
765,3,"eklund, mr. hans linus",male,16.0,0,0,347074,7.775,,s
657,3,"radeff, mr. alexander",male,,0,0,349223,7.8958,,s
564,3,"simmons, mr. john",male,,0,0,soton/oq 392082,8.05,,s
343,2,"collander, mr. erik gustaf",male,28.0,0,0,248740,13.0,,s
171,1,"van der hoef, mr. wyckoff",male,61.0,0,0,111240,33.5,b19,s
422,3,"charters, mr. david",male,21.0,0,0,a/5. 13032,7.7333,,q
789,3,"dean, master. bertram vere",male,1.0,1,2,c.a. 2315,20.575,,s
199,3,"madigan, miss. margaret ""maggie""",female,,0,0,370370,7.75,,q
838,3,"sirota, mr. maurice",male,,0,0,392092,8.05,,s
69,3,"andersson, miss. erna alexandra",female,17.0,4,2,3101281,7.925,,s
381,1,"bidois, miss. rosalie",female,42.0,0,0,pc 17757,227.525,,c
507,2,"quick, mrs. frederick charles (jane richards)",female,33.0,0,2,26360,26.0,,s
178,1,"isham, miss. ann elizabeth",female,50.0,0,0,pc 17595,28.7125,c49,c
365,3,"o'brien, mr. thomas",male,,1,0,370365,15.5,,q
689,3,"fischer, mr. eberhard thelander",male,18.0,0,0,350036,7.7958,,s
808,3,"pettersson, miss. ellen natalia",female,18.0,0,0,347087,7.775,,s
339,3,"dahl, mr. karl edwart",male,45.0,0,0,7598,8.05,,s
493,1,"molson, mr. harry markland",male,55.0,0,0,113787,30.5,c30,s
633,1,"stahelin-maeglin, dr. max",male,32.0,0,0,13214,30.5,b50,c
475,3,"strandberg, miss. ida sofia",female,22.0,0,0,7553,9.8375,,s
654,3,"o'leary, miss. hanora ""norah""",female,,0,0,330919,7.8292,,q
51,3,"panula, master. juha niilo",male,7.0,4,1,3101295,39.6875,,s
335,1,"frauenthal, mrs. henry william (clara heinsheimer)",female,,1,0,pc 17611,133.65,,s
468,1,"smart, mr. john montgomery",male,56.0,0,0,113792,26.55,,s
461,1,"anderson, mr. harry",male,48.0,0,0,19952,26.55,e12,s
879,3,"laleff, mr. kristo",male,,0,0,349217,7.8958,,s
52,3,"nosworthy, mr. richard cater",male,21.0,0,0,a/4. 39886,7.8,,s
253,1,"stead, mr. william thomas",male,62.0,0,0,113514,26.55,c87,s
360,3,"mockler, miss. helen mary ""ellie""",female,,0,0,330980,7.8792,,q
760,1,"rothes, the countess. of (lucy noel martha dyer-edwards)",female,33.0,0,0,110152,86.5,b77,s
258,1,"cherry, miss. gladys",female,30.0,0,0,110152,86.5,b77,s
70,3,"kink, mr. vincenz",male,26.0,2,0,315151,8.6625,,s
453,1,"foreman, mr. benjamin laventall",male,30.0,0,0,113051,27.75,c111,c
41,3,"ahlin, mrs. johan (johanna persdotter larsson)",female,40.0,1,0,7546,9.475,,s
791,3,"keane, mr. andrew ""andy""",male,,0,0,12460,7.75,,q
484,3,"turkula, mrs. (hedwig)",female,63.0,0,0,4134,9.5875,,s
261,3,"smith, mr. thomas",male,,0,0,384461,7.75,,q
538,1,"leroy, miss. bertha",female,30.0,0,0,pc 17761,106.425,,c
837,3,"pasic, mr. jakob",male,21.0,0,0,315097,8.6625,,s
378,1,"widener, mr. harry elkins",male,27.0,0,2,113503,211.5,c82,c
379,3,"betros, mr. tannous",male,20.0,0,0,2648,4.0125,,c
539,3,"risien, mr. samuel beard",male,,0,0,364498,14.5,,s
739,3,"ivanoff, mr. kanio",male,,0,0,349201,7.8958,,s
18,2,"williams, mr. charles eugene",male,,0,0,244373,13.0,,s
734,2,"berriman, mr. william john",male,23.0,0,0,28425,13.0,,s
359,3,"mcgovern, miss. mary",female,,0,0,330931,7.8792,,q
736,3,"williams, mr. leslie",male,28.5,0,0,54636,16.1,,s
726,3,"oreskovic, mr. luka",male,20.0,0,0,315094,8.6625,,s
135,2,"sobey, mr. samuel james hayden",male,25.0,0,0,c.a. 29178,13.0,,s
72,3,"goodwin, miss. lillian amy",female,16.0,5,2,ca 2144,46.9,,s
663,1,"colley, mr. edward pomeroy",male,47.0,0,0,5727,25.5875,e58,s
139,3,"osen, mr. olaf elon",male,16.0,0,0,7534,9.2167,,s
234,3,"asplund, miss. lillian gertrud",female,5.0,4,2,347077,31.3875,,s
116,3,"pekoniemi, mr. edvard",male,21.0,0,0,ston/o 2. 3101294,7.925,,s
194,2,"navratil, master. michel m",male,3.0,1,1,230080,26.0,f2,s
287,3,"de mulder, mr. theodore",male,30.0,0,0,345774,9.5,,s
301,3,"kelly, miss. anna katherine ""annie kate""",female,,0,0,9234,7.75,,q
584,1,"ross, mr. john hugo",male,36.0,0,0,13049,40.125,a10,c
53,1,"harper, mrs. henry sleeper (myna haxtun)",female,49.0,1,0,pc 17572,76.7292,d33,c
490,3,"coutts, master. eden leslie ""neville""",male,9.0,1,1,c.a. 37671,15.9,,s
21,2,"fynney, mr. joseph j",male,35.0,0,0,239865,26.0,,s
557,1,"duff gordon, lady. (lucille christiana sutherland) (""mrs morgan"")",female,48.0,1,0,11755,39.6,a16,c
259,1,"ward, miss. anna",female,35.0,0,0,pc 17755,512.3292,,c
14,3,"andersson, mr. anders johan",male,39.0,1,5,347082,31.275,,s
45,3,"devaney, miss. margaret delia",female,19.0,0,0,330958,7.8792,,q
106,3,"mionoff, mr. stoytcho",male,28.0,0,0,349207,7.8958,,s
666,2,"hickman, mr. lewis",male,32.0,2,0,s.o.c. 14879,73.5,,s
214,2,"givard, mr. hans kristensen",male,30.0,0,0,250646,13.0,,s
396,3,"johansson, mr. erik",male,22.0,0,0,350052,7.7958,,s
446,1,"dodge, master. washington",male,4.0,0,2,33638,81.8583,a34,s
569,3,"doharr, mr. tannous",male,,0,0,2686,7.2292,,c
192,2,"carbines, mr. william",male,19.0,0,0,28424,13.0,,s
27,3,"emir, mr. farred chehab",male,,0,0,2631,7.225,,c
755,2,"herman, mrs. samuel (jane laver)",female,48.0,1,2,220845,65.0,,s
813,2,"slemen, mr. richard james",male,35.0,0,0,28206,10.5,,s
273,2,"mellinger, mrs. (elizabeth anne maidment)",female,41.0,0,1,250644,19.5,,s
126,3,"nicola-yarred, master. elias",male,12.0,1,0,2651,11.2417,,c
118,2,"turpin, mr. william john robert",male,29.0,1,0,11668,21.0,,s
822,3,"lulic, mr. nikola",male,27.0,0,0,315098,8.6625,,s
552,2,"sharp, mr. percival james r",male,27.0,0,0,244358,26.0,,s
38,3,"cann, mr. ernest charles",male,21.0,0,0,a./5. 2152,8.05,,s
268,3,"persson, mr. ernst ulrik",male,25.0,1,0,347083,7.775,,s
15,3,"vestrom, miss. hulda amanda adolfina",female,14.0,0,0,350406,7.8542,,s
369,3,"jermyn, miss. annie",female,,0,0,14313,7.75,,q
347,2,"smith, miss. marion elsie",female,40.0,0,0,31418,13.0,,s
208,3,"albimona, mr. nassef cassem",male,26.0,0,0,2699,18.7875,,c
844,3,"lemberopolous, mr. peter l",male,34.5,0,0,2683,6.4375,,c
190,3,"turcin, mr. stjepan",male,36.0,0,0,349247,7.8958,,s
158,3,"corn, mr. harry",male,30.0,0,0,soton/oq 392090,8.05,,s
725,1,"chambers, mr. norman campbell",male,27.0,1,0,113806,53.1,e8,s
691,1,"dick, mr. albert adrian",male,31.0,1,0,17474,57.0,b20,s
443,3,"petterson, mr. johan emil",male,25.0,1,0,347076,7.775,,s
570,3,"jonsson, mr. carl",male,32.0,0,0,350417,7.8542,,s
506,1,"penasco y castellana, mr. victor de satode",male,18.0,1,0,pc 17758,108.9,c65,c
336,3,"denkoff, mr. mitto",male,,0,0,349225,7.8958,,s
469,3,"scanlan, mr. james",male,,0,0,36209,7.725,,q
364,3,"asim, mr. adola",male,35.0,0,0,soton/o.q. 3101310,7.05,,s
492,3,"windelov, mr. einar",male,21.0,0,0,soton/oq 3101317,7.25,,s
265,3,"henry, miss. delia",female,,0,0,382649,7.75,,q
479,3,"karlsson, mr. nils august",male,22.0,0,0,350060,7.5208,,s
138,1,"futrelle, mr. jacques heath",male,37.0,1,0,113803,53.1,c123,s
583,2,"downton, mr. william james",male,54.0,0,0,28403,26.0,,s
494,1,"artagaveytia, mr. ramon",male,71.0,0,0,pc 17609,49.5042,,c
67,2,"nye, mrs. (elizabeth ramell)",female,29.0,0,0,c.a. 29395,10.5,f33,s
372,3,"wiklund, mr. jakob alfred",male,18.0,1,0,3101267,6.4958,,s
136,2,"richard, mr. emile",male,23.0,0,0,sc/paris 2133,15.0458,,c
242,3,"murphy, miss. katherine ""kate""",female,,1,0,367230,15.5,,q
137,1,"newsom, miss. helen monypeny",female,19.0,0,2,11752,26.2833,d47,s
796,2,"otter, mr. richard",male,39.0,0,0,28213,13.0,,s
416,3,"meek, mrs. thomas (annie louise rowley)",female,,0,0,343095,8.05,,s
391,1,"carter, mr. william ernest",male,36.0,1,2,113760,120.0,b96 b98,s
470,3,"baclini, miss. helene barbara",female,0.75,2,1,2666,19.2583,,c
133,3,"robins, mrs. alexander a (grace charity laury)",female,47.0,1,0,a/5. 3337,14.5,,s
847,3,"sage, mr. douglas bullen",male,,8,2,ca. 2343,69.55,,s
293,2,"levy, mr. rene jacques",male,36.0,0,0,sc/paris 2163,12.875,d,c
424,3,"danbom, mrs. ernst gilbert (anna sigrid maria brogren)",female,28.0,1,1,347080,14.4,,s
523,3,"lahoud, mr. sarkis",male,,0,0,2624,7.225,,c
833,3,"saad, mr. amin",male,,0,0,2671,7.2292,,c
85,2,"ilett, miss. bertha",female,17.0,0,0,so/c 14885,10.5,,s
332,1,"partner, mr. austen",male,45.5,0,0,113043,28.5,c124,s
512,3,"webber, mr. james",male,,0,0,soton/oq 3101316,8.05,,s
11,3,"sandstrom, miss. marguerite rut",female,4.0,1,1,pp 9549,16.7,g6,s
236,3,"harknett, miss. alice phoebe",female,,0,0,w./c. 6609,7.55,,s
132,3,"coelho, mr. domingos fernandeo",male,20.0,0,0,soton/o.q. 3101307,7.05,,s
413,1,"minahan, miss. daisy e",female,33.0,1,0,19928,90.0,c78,q
454,1,"goldenberg, mr. samuel l",male,49.0,1,0,17453,89.1042,c92,c
341,2,"navratil, master. edmond roger",male,2.0,1,1,230080,26.0,f2,s
500,3,"svensson, mr. olof",male,24.0,0,0,350035,7.7958,,s
497,1,"eustis, miss. elizabeth mussey",female,54.0,1,0,36947,78.2667,d20,c
578,1,"silvey, mrs. william baird (alice munger)",female,39.0,1,0,13507,55.9,e44,s
289,2,"hosono, mr. masabumi",male,42.0,0,0,237798,13.0,,s
327,3,"nysveen, mr. johan hansen",male,61.0,0,0,345364,6.2375,,s
274,1,"natsch, mr. charles h",male,37.0,0,1,pc 17596,29.7,c118,c
529,3,"salonen, mr. johan werner",male,39.0,0,0,3101296,7.925,,s
872,1,"beckwith, mrs. richard leonard (sallie monypeny)",female,47.0,1,1,11751,52.5542,d35,s
400,2,"trout, mrs. william h (jessie l)",female,28.0,0,0,240929,12.65,,s
362,2,"del carlo, mr. sebastiano",male,29.0,1,0,sc/paris 2167,27.7208,,c
96,3,"shorney, mr. charles joseph",male,,0,0,374910,8.05,,s
856,3,"aks, mrs. sam (leah rosen)",female,18.0,0,1,392091,9.35,,s
757,3,"carlsson, mr. august sigfrid",male,28.0,0,0,350042,7.7958,,s
518,3,"ryan, mr. patrick",male,,0,0,371110,24.15,,q
642,1,"sagesser, mlle. emma",female,24.0,0,0,pc 17477,69.3,b35,c
