PassengerId,Pclass,Name,Sex,Age,SibSp,Parch,Ticket,Fare,Cabin,Embarked
178,1,"isham, miss. ann elizabeth",female,50.0,0,0,pc 17595,28.7125,c49,c
348,3,"davison, mrs. thomas henry (mary e finck)",female,,1,0,386525,16.1,,s
842,2,"mudd, mr. thomas charles",male,16.0,0,0,s.o./p.p. 3,10.5,,s
6,3,"moran, mr. james",male,,0,0,330877,8.4583,,q
385,3,"plotcharsky, mr. vasil",male,,0,0,349227,7.8958,,s
288,3,"naidenoff, mr. penko",male,22.0,0,0,349206,7.8958,,s
304,2,"keane, miss. nora a",female,,0,0,226593,12.35,e101,q
41,3,"ahlin, mrs. johan (johanna persdotter larsson)",female,40.0,1,0,7546,9.475,,s
412,3,"hart, mr. henry",male,,0,0,394140,6.8583,,q
217,3,"honkanen, miss. eliina",female,27.0,0,0,ston/o2. 3101283,7.925,,s
81,3,"waelens, mr. achille",male,22.0,0,0,345767,9.0,,s
227,2,"mellors, mr. william john",male,19.0,0,0,sw/pp 751,10.5,,s
327,3,"nysveen, mr. johan hansen",male,61.0,0,0,345364,6.2375,,s
601,2,"jacobsohn, mrs. sidney samuel (amy frances christy)",female,24.0,2,1,243847,27.0,,s
847,3,"sage, mr. douglas bullen",male,,8,2,ca. 2343,69.55,,s
170,3,"ling, mr. lee",male,28.0,0,0,1601,56.4958,,s
106,3,"mionoff, mr. stoytcho",male,28.0,0,0,349207,7.8958,,s
556,1,"wright, mr. george",male,62.0,0,0,113807,26.55,,s
83,3,"mcdermott, miss. brigdet delia",female,,0,0,330932,7.7875,,q
215,3,"kiernan, mr. philip",male,,1,0,367229,7.75,,q
168,3,"skoog, mrs. william (anna bernhardina karlsson)",female,45.0,1,4,347088,27.9,,s
276,1,"andrews, miss. kornelia theodosia",female,63.0,1,0,13502,77.9583,d7,s
644,3,"foo, mr. choong",male,,0,0,1601,56.4958,,s
682,1,"hassab, mr. hammad",male,27.0,0,0,pc 17572,76.7292,d49,c
43,3,"kraeff, mr. theodor",male,,0,0,349253,7.8958,,c
349,3,"coutts, master. william loch ""william""",male,3.0,1,1,c.a. 37671,15.9,,s
486,3,"lefebre, miss. jeannie",female,,3,1,4133,25.4667,,s
672,1,"davidson, mr. thornton",male,31.0,1,0,f.c. 12750,52.0,b71,s
264,1,"harrison, mr. william",male,40.0,0,0,112059,0.0,b94,s
652,2,"doling, miss. elsie",female,18.0,0,1,231919,23.0,,s
698,3,"mullens, miss. katherine ""katie""",female,,0,0,35852,7.7333,,q
858,1,"daly, mr. peter denis ",male,51.0,0,0,113055,26.55,e17,s
511,3,"daly, mr. eugene patrick",male,29.0,0,0,382651,7.75,,q
351,3,"odahl, mr. nils martin",male,23.0,0,0,7267,9.225,,s
568,3,"palsson, mrs. nils (alma cornelia berglund)",female,29.0,0,4,349909,21.075,,s
695,1,"weir, col. john",male,60.0,0,0,113800,26.55,,s
130,3,"ekstrom, mr. johan",male,45.0,0,0,347061,6.975,,s
449,3,"baclini, miss. marie catherine",female,5.0,2,1,2666,19.2583,,c
752,3,"moor, master. meier",male,6.0,0,1,392096,12.475,e121,s
869,3,"van melkebeke, mr. philemon",male,,0,0,345777,9.5,,s
372,3,"wiklund, mr. jakob alfred",male,18.0,1,0,3101267,6.4958,,s
233,2,"sjostedt, mr. ernst adolf",male,59.0,0,0,237442,13.5,,s
468,1,"smart, mr. john montgomery",male,56.0,0,0,113792,26.55,,s
670,1,"taylor, mrs. elmer zebley (juliet cummins wright)",female,,1,0,19996,52.0,c126,s
87,3,"ford, mr. william neal",male,16.0,1,3,w./c. 6608,34.375,,s
293,2,"levy, mr. rene jacques",male,36.0,0,0,sc/paris 2163,12.875,d,c
490,3,"coutts, master. eden leslie ""neville""",male,9.0,1,1,c.a. 37671,15.9,,s
557,1,"duff gordon, lady. (lucille christiana sutherland) (""mrs morgan"")",female,48.0,1,0,11755,39.6,a16,c
854,1,"lines, miss. mary conover",female,16.0,0,1,pc 17592,39.4,d28,s
477,2,"renouf, mr. peter henry",male,34.0,1,0,31027,21.0,,s
76,3,"moen, mr. sigurd hansen",male,25.0,0,0,348123,7.65,f g73,s
109,3,"rekic, mr. tido",male,38.0,0,0,349249,7.8958,,s
294,3,"haas, miss. aloisia",female,24.0,0,0,349236,8.85,,s
381,1,"bidois, miss. rosalie",female,42.0,0,0,pc 17757,227.525,,c
791,3,"keane, mr. andrew ""andy""",male,,0,0,12460,7.75,,q
539,3,"risien, mr. samuel beard",male,,0,0,364498,14.5,,s
183,3,"asplund, master. clarence gustaf hugo",male,9.0,4,2,347077,31.3875,,s
714,3,"larsson, mr. august viktor",male,29.0,0,0,7545,9.4833,,s
595,2,"chapman, mr. john henry",male,37.0,1,0,sc/ah 29037,26.0,,s
506,1,"penasco y castellana, mr. victor de satode",male,18.0,1,0,pc 17758,108.9,c65,c
764,1,"carter, mrs. william ernest (lucile polk)",female,36.0,1,2,113760,120.0,b96 b98,s
690,1,"madill, miss. georgette alexandra",female,15.0,0,1,24160,211.3375,b5,s
704,3,"gallagher, mr. martin",male,25.0,0,0,36864,7.7417,,q
415,3,"sundman, mr. johan julian",male,44.0,0,0,ston/o 2. 3101269,7.925,,s
316,3,"nilsson, miss. helmina josefina",female,26.0,0,0,347470,7.8542,,s
476,1,"clifford, mr. george quincy",male,,0,0,110465,52.0,a14,s
820,3,"skoog, master. karl thorsten",male,10.0,3,2,347088,27.9,,s
685,2,"brown, mr. thomas william solomon",male,60.0,1,1,29750,39.0,,s
549,3,"goldsmith, mr. frank john",male,33.0,1,1,363291,20.525,,s
57,2,"rugg, miss. emily",female,21.0,0,0,c.a. 31026,10.5,,s
196,1,"lurette, miss. elise",female,58.0,0,0,pc 17569,146.5208,b80,c
184,2,"becker, master. richard f",male,1.0,2,1,230136,39.0,f4,s
853,3,"boulos, miss. nourelain",female,9.0,1,1,2678,15.2458,,c
422,3,"charters, mr. david",male,21.0,0,0,a/5. 13032,7.7333,,q
374,1,"ringhini, mr. sante",male,22.0,0,0,pc 17760,135.6333,,c
50,3,"arnold-franchi, mrs. josef (josefine franchi)",female,18.0,1,0,349237,17.8,,s
398,2,"mckane, mr. peter david",male,46.0,0,0,28403,26.0,,s
151,2,"bateman, rev. robert james",male,51.0,0,0,s.o.p. 1166,12.525,,s
628,1,"longley, miss. gretchen fiske",female,21.0,0,0,13502,77.9583,d9,s
401,3,"niskanen, mr. juha",male,39.0,0,0,ston/o 2. 3101289,7.925,,s
559,1,"taussig, mrs. emil (tillie mandelbaum)",female,39.0,1,1,110413,79.65,e67,s
746,1,"crosby, capt. edward gifford",male,70.0,1,1,we/p 5735,71.0,b22,s
377,3,"landergren, miss. aurora adelia",female,22.0,0,0,c 7077,7.25,,s
805,3,"hedman, mr. oskar arvid",male,27.0,0,0,347089,6.975,,s
824,3,"moor, mrs. (beila)",female,27.0,0,1,392096,12.475,e121,s
52,3,"nosworthy, mr. richard cater",male,21.0,0,0,a/4. 39886,7.8,,s
519,2,"angle, mrs. william a (florence ""mary"" agnes hughes)",female,36.0,1,0,226875,26.0,,s
777,3,"tobin, mr. roger",male,,0,0,383121,7.75,f38,q
364,3,"asim, mr. adola",male,35.0,0,0,soton/o.q. 3101310,7.05,,s
570,3,"jonsson, mr. carl",male,32.0,0,0,350417,7.8542,,s
63,1,"harris, mr. henry birkhardt",male,45.0,1,0,36973,83.475,c83,s
623,3,"nakid, mr. sahid",male,20.0,1,1,2653,15.7417,,c
861,3,"hansen, mr. claus peter",male,41.0,2,0,350026,14.1083,,s
390,2,"lehmann, miss. bertha",female,17.0,0,0,sc 1748,12.0,,c
471,3,"keefe, mr. arthur",male,,0,0,323592,7.25,,s
188,1,"romaine, mr. charles hallace (""mr c rolmane"")",male,45.0,0,0,111428,26.55,,s
34,2,"wheadon, mr. edward h",male,66.0,0,0,c.a. 24579,10.5,,s
393,3,"gustafsson, mr. johan birger",male,28.0,2,0,3101277,7.925,,s
534,3,"peter, mrs. catherine (catherine rizk)",female,,0,2,2668,22.3583,,c
574,3,"kelly, miss. mary",female,,0,0,14312,7.75,,q
525,3,"kassem, mr. fared",male,,0,0,2700,7.2292,,c
635,3,"skoog, miss. mabel",female,9.0,3,2,347088,27.9,,s
606,3,"lindell, mr. edvard bengtsson",male,36.0,1,0,349910,15.55,,s
665,3,"lindqvist, mr. eino william",male,20.0,1,0,ston/o 2. 3101285,7.925,,s
268,3,"persson, mr. ernst ulrik",male,25.0,1,0,347083,7.775,,s
703,3,"barbara, miss. saiide",female,18.0,0,1,2691,14.4542,,c
105,3,"gustafsson, mr. anders vilhelm",male,37.0,2,0,3101276,7.925,,s
521,1,"perreault, miss. anne",female,30.0,0,0,12749,93.5,b73,s
474,2,"jerwan, mrs. amin s (marie marthe thuillard)",female,23.0,0,0,sc/ah basle 541,13.7917,d,c
880,1,"potter, mrs. thomas jr (lily alexenia wilson)",female,56.0,0,1,11767,83.1583,c50,c
694,3,"saad, mr. khalil",male,25.0,0,0,2672,7.225,,c
289,2,"hosono, mr. masabumi",male,42.0,0,0,237798,13.0,,s
141,3,"boulos, mrs. joseph (sultana)",female,,0,2,2678,15.2458,,c
162,2,"watt, mrs. james (elizabeth ""bessie"" inglis milne)",female,40.0,0,0,c.a. 33595,15.75,,s
575,3,"rush, mr. alfred george john",male,16.0,0,0,a/4. 20589,8.05,,s
679,3,"goodwin, mrs. frederick (augusta tyler)",female,43.0,1,6,ca 2144,46.9,,s
71,2,"jenkin, mr. stephen curnow",male,32.0,0,0,c.a. 33111,10.5,,s
526,3,"farrell, mr. james",male,40.5,0,0,367232,7.75,,q
737,3,"ford, mrs. edward (margaret ann watson)",female,48.0,1,3,w./c. 6608,34.375,,s
310,1,"francatelli, miss. laura mabel",female,30.0,0,0,pc 17485,56.9292,e36,c
622,1,"kimball, mr. edwin nelson jr",male,42.0,1,0,11753,52.5542,d19,s
815,3,"tomlin, mr. ernest portage",male,30.5,0,0,364499,8.05,,s
707,2,"kelly, mrs. florence ""fannie""",female,45.0,0,0,223596,13.5,,s
75,3,"bing, mr. lee",male,32.0,0,0,1601,56.4958,,s
407,3,"widegren, mr. carl/charles peter",male,51.0,0,0,347064,7.75,,s
171,1,"van der hoef, mr. wyckoff",male,61.0,0,0,111240,33.5,b19,s
25,3,"palsson, miss. torborg danira",female,8.0,3,1,349909,21.075,,s
190,3,"turcin, mr. stjepan",male,36.0,0,0,349247,7.8958,,s
641,3,"jensen, mr. hans peder",male,20.0,0,0,350050,7.8542,,s
856,3,"aks, mrs. sam (leah rosen)",female,18.0,0,1,392091,9.35,,s
857,1,"wick, mrs. george dennick (mary hitchcock)",female,45.0,1,1,36928,164.8667,,s
435,1,"silvey, mr. william baird",male,50.0,1,0,13507,55.9,e44,s
693,3,"lam, mr. ali",male,,0,0,1601,56.4958,,s
110,3,"moran, miss. bertha",female,,1,0,371110,24.15,,q
318,2,"moraweck, dr. ernest",male,54.0,0,0,29011,14.0,,s
882,3,"markun, mr. johann",male,33.0,0,0,349257,7.8958,,s
461,1,"anderson, mr. harry",male,48.0,0,0,19952,26.55,e12,s
182,2,"pernot, mr. rene",male,,0,0,sc/paris 2131,15.05,,c
28,1,"fortune, mr. charles alexander",male,19.0,3,2,19950,263.0,c23 c25 c27,s
90,3,"celotti, mr. francesco",male,24.0,0,0,343275,8.05,,s
596,3,"van impe, mr. jean baptiste",male,36.0,1,1,345773,24.15,,s
821,1,"hays, mrs. charles melville (clara jennings gregg)",female,52.0,1,1,12749,93.5,b69,s
3,3,"heikkinen, miss. laina",female,26.0,0,0,ston/o2. 3101282,7.925,,s
382,3,"nakid, miss. maria (""mary"")",female,1.0,0,2,2653,15.7417,,c
78,3,"moutal, mr. rahamin haim",male,,0,0,374746,8.05,,s
677,3,"sawyer, mr. frederick charles",male,24.5,0,0,342826,8.05,,s
255,3,"rosblom, mrs. viktor (helena wilhelmina)",female,41.0,0,2,370129,20.2125,,s
66,3,"moubarek, master. gerios",male,,1,1,2661,15.2458,,c
220,2,"harris, mr. walter",male,30.0,0,0,w/c 14208,10.5,,s
742,1,"cavendish, mr. tyrell william",male,36.0,1,0,19877,78.85,c46,s
501,3,"calic, mr. petar",male,17.0,0,0,315086,8.6625,,s
21,2,"fynney, mr. joseph j",male,35.0,0,0,239865,26.0,,s
127,3,"mcmahon, mr. martin",male,,0,0,370372,7.75,,q
404,3,"hakkarainen, mr. pekka pietari",male,28.0,1,0,ston/o2. 3101279,15.85,,s
142,3,"nysten, miss. anna sofia",female,22.0,0,0,347081,7.75,,s
605,1,"homer, mr. harry (""mr e haven"")",male,35.0,0,0,111426,26.55,,c
330,1,"hippach, miss. jean gertrude",female,16.0,0,1,111361,57.9792,b18,c
810,1,"chambers, mrs. norman campbell (bertha griggs)",female,33.0,1,0,113806,53.1,e8,s
155,3,"olsen, mr. ole martin",male,,0,0,fa 265302,7.3125,,s
870,3,"johnson, master. harold theodor",male,4.0,1,1,347742,11.1333,,s
492,3,"windelov, mr. einar",male,21.0,0,0,soton/oq 3101317,7.25,,s
308,1,"penasco y castellana, mrs. victor de satode (maria josefa perez de soto y vallejo)",female,17.0,1,0,pc 17758,108.9,c65,c
661,1,"frauenthal, dr. henry william",male,50.0,2,0,pc 17611,133.65,,s
891,3,"dooley, mr. patrick",male,32.0,0,0,370376,7.75,,q
84,1,"carrau, mr. francisco m",male,28.0,0,0,113059,47.1,,s
786,3,"harmer, mr. abraham (david lishin)",male,25.0,0,0,374887,7.25,,s
123,2,"nasser, mr. nicholas",male,32.5,1,0,237736,30.0708,,c
136,2,"richard, mr. emile",male,23.0,0,0,sc/paris 2133,15.0458,,c
37,3,"mamee, mr. hanna",male,,0,0,2677,7.2292,,c
260,2,"parrish, mrs. (lutie davis)",female,50.0,0,1,230433,26.0,,s
270,1,"bissette, miss. amelia",female,35.0,0,0,pc 17760,135.6333,c99,s
132,3,"coelho, mr. domingos fernandeo",male,20.0,0,0,soton/o.q. 3101307,7.05,,s
884,2,"banfield, mr. frederick james",male,28.0,0,0,c.a./soton 34068,10.5,,s
577,2,"garside, miss. ethel",female,34.0,0,0,243880,13.0,,s
579,3,"caram, mrs. joseph (maria elias)",female,,1,0,2689,14.4583,,c
876,3,"najib, miss. adele kiamie ""jane""",female,15.0,0,0,2667,7.225,,c
266,2,"reeves, mr. david",male,36.0,0,0,c.a. 17248,10.5,,s
305,3,"williams, mr. howard hugh ""harry""",male,,0,0,a/5 2466,8.05,,s
370,1,"aubart, mme. leontine pauline",female,24.0,0,0,pc 17477,69.3,b35,c
793,3,"sage, miss. stella anna",female,,8,2,ca. 2343,69.55,,s
691,1,"dick, mr. albert adrian",male,31.0,1,0,17474,57.0,b20,s
290,3,"connolly, miss. kate",female,22.0,0,0,370373,7.75,,q
614,3,"horgan, mr. john",male,,0,0,370377,7.75,,q
738,1,"lesurer, mr. gustave j",male,35.0,0,0,pc 17755,512.3292,b101,c
632,3,"lundahl, mr. johan svensson",male,51.0,0,0,347743,7.0542,,s
445,3,"johannesen-bratthammer, mr. bernt",male,,0,0,65306,8.1125,,s
225,1,"hoyt, mr. frederick maxfield",male,38.0,1,0,19943,90.0,c93,s
648,1,"simonius-blumer, col. oberst alfons",male,56.0,0,0,13213,35.5,a26,c
88,3,"slocovski, mr. selman francis",male,,0,0,soton/oq 392086,8.05,,s
587,2,"jarvis, mr. john denzil",male,47.0,0,0,237565,15.0,,s
58,3,"novel, mr. mansouer",male,28.5,0,0,2697,7.2292,,c
757,3,"carlsson, mr. august sigfrid",male,28.0,0,0,350042,7.7958,,s
535,3,"cacic, miss. marija",female,30.0,0,0,315084,8.6625,,s
120,3,"andersson, miss. ellis anna maria",female,2.0,4,2,347082,31.275,,s
263,1,"taussig, mr. emil",male,52.0,1,1,110413,79.65,e67,s
406,2,"gale, mr. shadrach",male,34.0,1,0,28664,21.0,,s
674,2,"wilhelms, mr. charles",male,31.0,0,0,244270,13.0,,s
67,2,"nye, mrs. (elizabeth ramell)",female,29.0,0,0,c.a. 29395,10.5,f33,s
643,3,"skoog, miss. margit elizabeth",female,2.0,3,2,347088,27.9,,s
542,3,"andersson, miss. ingeborg constanzia",female,9.0,4,2,347082,31.275,,s
482,2,"frost, mr. anthony wood ""archie""",male,,0,0,239854,0.0,,s
790,1,"guggenheim, mr. benjamin",male,46.0,0,0,pc 17593,79.2,b82 b84,c
725,1,"chambers, mr. norman campbell",male,27.0,1,0,113806,53.1,e8,s
121,2,"hickman, mr. stanley george",male,21.0,2,0,s.o.c. 14879,73.5,,s
238,2,"collyer, miss. marjorie ""lottie""",female,8.0,0,2,c.a. 31921,26.25,,s
657,3,"radeff, mr. alexander",male,,0,0,349223,7.8958,,s
585,3,"paulner, mr. uscher",male,,0,0,3411,8.7125,,c
835,3,"allum, mr. owen george",male,18.0,0,0,2223,8.3,,s
179,2,"hale, mr. reginald",male,30.0,0,0,250653,13.0,,s
668,3,"rommetvedt, mr. knud paust",male,,0,0,312993,7.775,,s
645,3,"baclini, miss. eugenie",female,0.75,2,1,2666,19.2583,,c
889,3,"johnston, miss. catherine helen ""carrie""",female,,1,2,w./c. 6607,23.45,,s
552,2,"sharp, mr. percival james r",male,27.0,0,0,244358,26.0,,s
51,3,"panula, master. juha niilo",male,7.0,4,1,3101295,39.6875,,s
14,3,"andersson, mr. anders johan",male,39.0,1,5,347082,31.275,,s
863,1,"swift, mrs. frederick joel (margaret welles barron)",female,48.0,0,0,17466,25.9292,d17,s
700,3,"humblen, mr. adolf mathias nicolai olsen",male,42.0,0,0,348121,7.65,f g63,s
408,2,"richards, master. william rowe",male,3.0,1,1,29106,18.75,,s
851,3,"andersson, master. sigvard harald elias",male,4.0,4,2,347082,31.275,,s
411,3,"sdycoff, mr. todor",male,,0,0,349222,7.8958,,s
201,3,"vande walle, mr. nestor cyriel",male,28.0,0,0,345770,9.5,,s
717,1,"endres, miss. caroline louise",female,38.0,0,0,pc 17757,227.525,c45,c
720,3,"johnson, mr. malkolm joackim",male,33.0,0,0,347062,7.775,,s
246,1,"minahan, dr. william edward",male,44.0,2,0,19928,90.0,c78,q
197,3,"mernagh, mr. robert",male,,0,0,368703,7.75,,q
346,2,"brown, miss. amelia ""mildred""",female,24.0,0,0,248733,13.0,f33,s
379,3,"betros, mr. tannous",male,20.0,0,0,2648,4.0125,,c
253,1,"stead, mr. william thomas",male,62.0,0,0,113514,26.55,c87,s
367,1,"warren, mrs. frank manley (anna sophia atkinson)",female,60.0,1,0,110813,75.25,d37,c
849,2,"harper, rev. john",male,28.0,0,1,248727,33.0,,s
728,3,"mannion, miss. margareth",female,,0,0,36866,7.7375,,q
433,2,"louch, mrs. charles alexander (alice adelaide slow)",female,42.0,1,0,sc/ah 3085,26.0,,s
368,3,"moussa, mrs. (mantoura boulos)",female,,0,0,2626,7.2292,,c
505,1,"maioni, miss. roberta",female,16.0,0,0,110152,86.5,b79,s
44,2,"laroche, miss. simonne marie anne andree",female,3.0,1,2,sc/paris 2123,41.5792,,c
444,2,"reynaldo, ms. encarnacion",female,28.0,0,0,230434,13.0,,s
494,1,"artagaveytia, mr. ramon",male,71.0,0,0,pc 17609,49.5042,,c
442,3,"hampe, mr. leon",male,20.0,0,0,345769,9.5,,s
321,3,"dennis, mr. samuel",male,22.0,0,0,a/5 21172,7.25,,s
172,3,"rice, master. arthur",male,4.0,4,1,382652,29.125,,q
681,3,"peters, miss. katie",female,,0,0,330935,8.1375,,q
347,2,"smith, miss. marion elsie",female,40.0,0,0,31418,13.0,,s
890,1,"behr, mr. karl howell",male,26.0,0,0,111369,30.0,c148,c
378,1,"widener, mr. harry elkins",male,27.0,0,2,113503,211.5,c82,c
730,3,"ilmakangas, miss. pieta sofia",female,25.0,1,0,ston/o2. 3101271,7.925,,s
312,1,"ryerson, miss. emily borie",female,18.0,2,2,pc 17608,262.375,b57 b59 b63 b66,c
331,3,"mccoy, miss. agnes",female,,2,0,367226,23.25,,q
159,3,"smiljanic, mr. mile",male,,0,0,315037,8.6625,,s
180,3,"leonard, mr. lionel",male,36.0,0,0,line,0.0,,s
660,1,"newell, mr. arthur webster",male,58.0,0,2,35273,113.275,d48,c
244,3,"maenpaa, mr. matti alexanteri",male,22.0,0,0,ston/o 2. 3101275,7.125,,s
277,3,"lindblom, miss. augusta charlotta",female,45.0,0,0,347073,7.75,,s
498,3,"shellard, mr. frederick william",male,,0,0,c.a. 6212,15.1,,s
332,1,"partner, mr. austen",male,45.5,0,0,113043,28.5,c124,s
450,1,"peuchen, major. arthur godfrey",male,52.0,0,0,113786,30.5,c104,s
7,1,"mccarthy, mr. timothy j",male,54.0,0,0,17463,51.8625,e46,s
678,3,"turja, miss. anna sofia",female,18.0,0,0,4138,9.8417,,s
624,3,"hansen, mr. henry damsgaard",male,21.0,0,0,350029,7.8542,,s
637,3,"leinonen, mr. antti gustaf",male,32.0,0,0,ston/o 2. 3101292,7.925,,s
403,3,"jussila, miss. mari aina",female,21.0,1,0,4137,9.825,,s
452,3,"hagland, mr. ingvald olai olsen",male,,1,0,65303,19.9667,,s
554,3,"leeni, mr. fahim (""philip zenni"")",male,22.0,0,0,2620,7.225,,c
73,2,"hood, mr. ambrose jr",male,21.0,0,0,s.o.c. 14879,73.5,,s
719,3,"mcevoy, mr. michael",male,,0,0,36568,15.5,,q
447,2,"mellinger, miss. madeleine violet",female,13.0,0,1,250644,19.5,,s
822,3,"lulic, mr. nikola",male,27.0,0,0,315098,8.6625,,s
359,3,"mcgovern, miss. mary",female,,0,0,330931,7.8792,,q
39,3,"vander planke, miss. augusta maria",female,18.0,2,0,345764,18.0,,s
832,2,"richards, master. george sibley",male,0.83,1,1,29106,18.75,,s
580,3,"jussila, mr. eiriik",male,32.0,0,0,ston/o 2. 3101286,7.925,,s
613,3,"murphy, miss. margaret jane",female,,1,0,367230,15.5,,q
798,3,"osman, mrs. mara",female,31.0,0,0,349244,8.6833,,s
886,3,"rice, mrs. william (margaret norton)",female,39.0,0,5,382652,29.125,,q
646,1,"harper, mr. henry sleeper",male,48.0,1,0,pc 17572,76.7292,d33,c
718,2,"troutt, miss. edwina celia ""winnie""",female,27.0,0,0,34218,10.5,e101,s
692,3,"karun, miss. manca",female,4.0,0,1,349256,13.4167,,c
809,2,"meyer, mr. august",male,39.0,0,0,248723,13.0,,s
762,3,"nirva, mr. iisakki antino aijo",male,41.0,0,0,soton/o2 3101272,7.125,,s
885,3,"sutehall, mr. henry jr",male,25.0,0,0,soton/oq 392076,7.05,,s
806,3,"johansson, mr. karl johan",male,31.0,0,0,347063,7.775,,s
418,2,"silven, miss. lyyli karoliina",female,18.0,0,2,250652,13.0,,s
281,3,"duane, mr. frank",male,65.0,0,0,336439,7.75,,q
478,3,"braund, mr. lewis richard",male,29.0,1,0,3460,7.0458,,s
15,3,"vestrom, miss. hulda amanda adolfina",female,14.0,0,0,350406,7.8542,,s
358,2,"funk, miss. annie clemmer",female,38.0,0,0,237671,13.0,,s
724,2,"hodges, mr. henry price",male,50.0,0,0,250643,13.0,,s
676,3,"edvardsson, mr. gustaf hjalmar",male,18.0,0,0,349912,7.775,,s
887,2,"montvila, rev. juozas",male,27.0,0,0,211536,13.0,,s
454,1,"goldenberg, mr. samuel l",male,49.0,1,0,17453,89.1042,c92,c
739,3,"ivanoff, mr. kanio",male,,0,0,349201,7.8958,,s
77,3,"staneff, mr. ivan",male,,0,0,349208,7.8958,,s
228,3,"lovell, mr. john hall (""henry"")",male,20.5,0,0,a/5 21173,7.25,,s
431,1,"bjornstrom-steffansson, mr. mauritz hakan",male,28.0,0,0,110564,26.55,c52,s
532,3,"toufik, mr. nakli",male,,0,0,2641,7.2292,,c
74,3,"chronopoulos, mr. apostolos",male,26.0,1,0,2680,14.4542,,c
881,2,"shelley, mrs. william (imanita parrish hall)",female,25.0,0,1,230433,26.0,,s
175,1,"smith, mr. james clinch",male,56.0,0,0,17764,30.6958,a7,c
761,3,"garfirth, mr. john",male,,0,0,358585,14.5,,s
107,3,"salkjelsvik, miss. anna kristine",female,21.0,0,0,343120,7.65,,s
135,2,"sobey, mr. samuel james hayden",male,25.0,0,0,c.a. 29178,13.0,,s
230,3,"lefebre, miss. mathilde",female,,3,1,4133,25.4667,,s
93,1,"chaffee, mr. herbert fuller",male,46.0,1,0,w.e.p. 5734,61.175,e31,s
383,3,"tikkanen, mr. juho",male,32.0,0,0,ston/o 2. 3101293,7.925,,s
795,3,"dantcheff, mr. ristiu",male,25.0,0,0,349203,7.8958,,s
592,1,"stephenson, mrs. walter bertram (martha eustis)",female,52.0,1,0,36947,78.2667,d20,c
192,2,"carbines, mr. william",male,19.0,0,0,28424,13.0,,s
467,2,"campbell, mr. william",male,,0,0,239853,0.0,,s
10,2,"nasser, mrs. nicholas (adele achem)",female,14.0,1,0,237736,30.0708,,c
796,2,"otter, mr. richard",male,39.0,0,0,28213,13.0,,s
137,1,"newsom, miss. helen monypeny",female,19.0,0,2,11752,26.2833,d47,s
515,3,"coleff, mr. satio",male,24.0,0,0,349209,7.4958,,s
279,3,"rice, master. eric",male,7.0,4,1,382652,29.125,,q
99,2,"doling, mrs. john t (ada julia bone)",female,34.0,0,1,231919,23.0,,s
11,3,"sandstrom, miss. marguerite rut",female,4.0,1,1,pp 9549,16.7,g6,s
782,1,"dick, mrs. albert adrian (vera gillespie)",female,17.0,1,0,17474,57.0,b20,s
103,1,"white, mr. richard frasar",male,21.0,0,1,35281,77.2875,d26,s
463,1,"gee, mr. arthur h",male,47.0,0,0,111320,38.5,e63,s
278,2,"parkes, mr. francis ""frank""",male,,0,0,239853,0.0,,s
564,3,"simmons, mr. john",male,,0,0,soton/oq 392082,8.05,,s
344,2,"sedgwick, mr. charles frederick waddington",male,25.0,0,0,244361,13.0,,s
181,3,"sage, miss. constance gladys",female,,8,2,ca. 2343,69.55,,s
72,3,"goodwin, miss. lillian amy",female,16.0,5,2,ca 2144,46.9,,s
79,2,"caldwell, master. alden gates",male,0.83,0,2,248738,29.0,,s
630,3,"o'connell, mr. patrick d",male,,0,0,334912,7.7333,,q
414,2,"cunningham, mr. alfred fleming",male,,0,0,239853,0.0,,s
546,1,"nicholson, mr. arthur ernest",male,64.0,0,0,693,26.0,,s
400,2,"trout, mrs. william h (jessie l)",female,28.0,0,0,240929,12.65,,s
65,1,"stewart, mr. albert a",male,,0,0,pc 17605,27.7208,,c
176,3,"klasen, mr. klas albin",male,18.0,1,1,350404,7.8542,,s
292,1,"bishop, mrs. dickinson h (helen walton)",female,19.0,1,0,11967,91.0792,b49,c
836,1,"compton, miss. sara rebecca",female,39.0,1,1,pc 17756,83.1583,e49,c
1,3,"braund, mr. owen harris",male,22.0,1,0,a/5 21171,7.25,,s
423,3,"zimmerman, mr. leo",male,29.0,0,0,315082,7.875,,s
487,1,"hoyt, mrs. frederick maxfield (jane anne forby)",female,35.0,1,0,19943,90.0,c93,s
42,2,"turpin, mrs. william john robert (dorothy ann wonnacott)",female,27.0,1,0,11668,21.0,,s
680,1,"cardeza, mr. thomas drake martinez",male,36.0,0,1,pc 17755,512.3292,b51 b53 b55,c
47,3,"lennon, mr. denis",male,,1,0,370371,15.5,,q
741,1,"hawksford, mr. walter james",male,,0,0,16988,30.0,d45,s
128,3,"madsen, mr. fridtjof arne",male,24.0,0,0,c 17369,7.1417,,s
343,2,"collander, mr. erik gustaf",male,28.0,0,0,248740,13.0,,s
426,3,"wiseman, mr. phillippe",male,,0,0,a/4. 34244,7.25,,s
122,3,"moore, mr. leonard charles",male,,0,0,a4. 54510,8.05,,s
29,3,"o'dwyer, miss. ellen ""nellie""",female,,0,0,330959,7.8792,,q
203,3,"johanson, mr. jakob alfred",male,34.0,0,0,3101264,6.4958,,s
102,3,"petroff, mr. pastcho (""pentcho"")",male,,0,0,349215,7.8958,,s
667,2,"butler, mr. reginald fenton",male,25.0,0,0,234686,13.0,,s
198,3,"olsen, mr. karl siegwart andreas",male,42.0,0,1,4579,8.4042,,s
353,3,"elias, mr. tannous",male,15.0,1,1,2695,7.2292,,c
536,2,"hart, miss. eva miriam",female,7.0,0,2,f.c.c. 13529,26.25,,s
158,3,"corn, mr. harry",male,30.0,0,0,soton/oq 392090,8.05,,s
173,3,"johnson, miss. eleanor ileen",female,1.0,1,1,347742,11.1333,,s
701,1,"astor, mrs. john jacob (madeleine talmadge force)",female,18.0,1,0,pc 17757,227.525,c62 c64,c
154,3,"van billiard, mr. austin blyler",male,40.5,0,2,a/5. 851,14.5,,s
443,3,"petterson, mr. johan emil",male,25.0,1,0,347076,7.775,,s
386,2,"davies, mr. charles henry",male,18.0,0,0,s.o.c. 14879,73.5,,s
464,2,"milling, mr. jacob christian",male,48.0,0,0,234360,13.0,,s
838,3,"sirota, mr. maurice",male,,0,0,392092,8.05,,s
27,3,"emir, mr. farred chehab",male,,0,0,2631,7.225,,c
126,3,"nicola-yarred, master. elias",male,12.0,1,0,2651,11.2417,,c
686,2,"laroche, mr. joseph philippe lemercier",male,25.0,1,2,sc/paris 2123,41.5792,,c
664,3,"coleff, mr. peju",male,36.0,0,0,349210,7.4958,,s
69,3,"andersson, miss. erna alexandra",female,17.0,4,2,3101281,7.925,,s
248,2,"hamalainen, mrs. william (anna)",female,24.0,0,2,250649,14.5,,s
479,3,"karlsson, mr. nils august",male,22.0,0,0,350060,7.5208,,s
626,1,"sutton, mr. frederick",male,61.0,0,0,36963,32.3208,d50,s
573,1,"flynn, mr. john irwin (""irving"")",male,36.0,0,0,pc 17474,26.3875,e25,s
62,1,"icard, miss. amelie",female,38.0,0,0,113572,80.0,b28,
481,3,"goodwin, master. harold victor",male,9.0,5,2,ca 2144,46.9,,s
758,2,"bailey, mr. percy andrew",male,18.0,0,0,29108,11.5,,s
814,3,"andersson, miss. ebba iris alfrida",female,6.0,4,2,347082,31.275,,s
296,1,"lewy, mr. ervin g",male,,0,0,pc 17612,27.7208,,c
262,3,"asplund, master. edvin rojj felix",male,3.0,4,2,347077,31.3875,,s
147,3,"andersson, mr. august edvard (""wennerstrom"")",male,27.0,0,0,350043,7.7958,,s
243,2,"coleridge, mr. reginald charles",male,29.0,0,0,w./c. 14263,10.5,,s
219,1,"bazzani, miss. albina",female,32.0,0,0,11813,76.2917,d15,c
563,2,"norman, mr. robert douglas",male,28.0,0,0,218629,13.5,,s
209,3,"carr, miss. helen ""ellen""",female,16.0,0,0,367231,7.75,,q
727,2,"renouf, mrs. peter henry (lillian jefferys)",female,30.0,3,0,31027,21.0,,s
638,2,"collyer, mr. harvey",male,31.0,1,1,c.a. 31921,26.25,,s
231,1,"harris, mrs. henry birkhardt (irene wallach)",female,35.0,1,0,36973,83.475,c83,s
497,1,"eustis, miss. elizabeth mussey",female,54.0,1,0,36947,78.2667,d20,c
314,3,"hendekovic, mr. ignjac",male,28.0,0,0,349243,7.8958,,s
153,3,"meo, mr. alfonzo",male,55.5,0,0,a.5. 11206,8.05,,s
301,3,"kelly, miss. anna katherine ""annie kate""",female,,0,0,9234,7.75,,q
799,3,"ibrahim shawah, mr. yousseff",male,30.0,0,0,2685,7.2292,,c
687,3,"panula, mr. jaako arnold",male,14.0,4,1,3101295,39.6875,,s
376,1,"meyer, mrs. edgar joseph (leila saks)",female,,1,0,pc 17604,82.1708,,c
211,3,"ali, mr. ahmed",male,24.0,0,0,soton/o.q. 3101311,7.05,,s
697,3,"kelly, mr. james",male,44.0,0,0,363592,8.05,,s
716,3,"soholt, mr. peter andreas lauritz andersen",male,19.0,0,0,348124,7.65,f g73,s
875,2,"abelson, mrs. samuel (hannah wizosky)",female,28.0,1,0,p/pp 3381,24.0,,c
337,1,"pears, mr. thomas clinton",male,29.0,1,0,113776,66.6,c2,s
224,3,"nenkoff, mr. christo",male,,0,0,349234,7.8958,,s
751,2,"wells, miss. joan",female,4.0,1,1,29103,23.0,,s
561,3,"morrow, mr. thomas rowan",male,,0,0,372622,7.75,,q
8,3,"palsson, master. gosta leonard",male,2.0,3,1,349909,21.075,,s
323,2,"slayter, miss. hilda mary",female,30.0,0,0,234818,12.35,,q
249,1,"beckwith, mr. richard leonard",male,37.0,1,1,11751,52.5542,d35,s
804,3,"thomas, master. assad alexander",male,0.42,0,1,2625,8.5167,,c
356,3,"vanden steen, mr. leo peter",male,28.0,0,0,345783,9.5,,s
430,3,"pickard, mr. berk (berk trembisky)",male,32.0,0,0,soton/o.q. 392078,8.05,e10,s
872,1,"beckwith, mrs. richard leonard (sallie monypeny)",female,47.0,1,1,11751,52.5542,d35,s
673,2,"mitchell, mr. henry michael",male,70.0,0,0,c.a. 24580,10.5,,s
823,1,"reuchlin, jonkheer. john george",male,38.0,0,0,19972,0.0,,s
765,3,"eklund, mr. hans linus",male,16.0,0,0,347074,7.775,,s
254,3,"lobb, mr. william arthur",male,30.0,1,0,a/5. 3336,16.1,,s
194,2,"navratil, master. michel m",male,3.0,1,1,230080,26.0,f2,s
524,1,"hippach, mrs. louis albert (ida sophia fischer)",female,44.0,0,1,111361,57.9792,b18,c
792,2,"gaskell, mr. alfred",male,16.0,0,0,239865,26.0,,s
30,3,"todoroff, mr. lalio",male,,0,0,349216,7.8958,,s
507,2,"quick, mrs. frederick charles (jane richards)",female,33.0,0,2,26360,26.0,,s
115,3,"attalah, miss. malake",female,17.0,0,0,2627,14.4583,,c
833,3,"saad, mr. amin",male,,0,0,2671,7.2292,,c
529,3,"salonen, mr. johan werner",male,39.0,0,0,3101296,7.925,,s
743,1,"ryerson, miss. susan parker ""suzette""",female,21.0,2,2,pc 17608,262.375,b57 b59 b63 b66,c
841,3,"alhomaki, mr. ilmari rudolf",male,20.0,0,0,soton/o2 3101287,7.925,,s
553,3,"o'brien, mr. timothy",male,,0,0,330979,7.8292,,q
45,3,"devaney, miss. margaret delia",female,19.0,0,0,330958,7.8792,,q
530,2,"hocking, mr. richard george",male,23.0,2,1,29104,11.5,,s
92,3,"andreasson, mr. paul edvin",male,20.0,0,0,347466,7.8542,,s
763,3,"barah, mr. hanna assi",male,20.0,0,0,2663,7.2292,,c
775,2,"hocking, mrs. elizabeth (eliza needs)",female,54.0,1,3,29105,23.0,,s
533,3,"elias, mr. joseph jr",male,17.0,1,1,2690,7.2292,,c
651,3,"mitkoff, mr. mito",male,,0,0,349221,7.8958,,s
604,3,"torber, mr. ernst william",male,44.0,0,0,364511,8.05,,s
726,3,"oreskovic, mr. luka",male,20.0,0,0,315094,8.6625,,s
269,1,"graham, mrs. william thompson (edith junkins)",female,58.0,0,1,pc 17582,153.4625,c125,s
750,3,"connaghton, mr. michael",male,31.0,0,0,335097,7.75,,q
241,3,"zabour, miss. thamine",female,,1,0,2665,14.4542,,c
438,2,"richards, mrs. sidney (emily hocking)",female,24.0,2,3,29106,18.75,,s
410,3,"lefebre, miss. ida",female,,3,1,4133,25.4667,,s
843,1,"serepeca, miss. augusta",female,30.0,0,0,113798,31.0,,c
24,1,"sloper, mr. william thompson",male,28.0,0,0,113788,35.5,a6,s
199,3,"madigan, miss. margaret ""maggie""",female,,0,0,370370,7.75,,q
226,3,"berglund, mr. karl ivar sven",male,22.0,0,0,pp 4348,9.35,,s
208,3,"albimona, mr. nassef cassem",male,26.0,0,0,2699,18.7875,,c
251,3,"reed, mr. james george",male,,0,0,362316,7.25,,s
373,3,"beavan, mr. william thomas",male,19.0,0,0,323951,8.05,,s
152,1,"pears, mrs. thomas (edith wearne)",female,22.0,1,0,113776,66.6,c2,s
537,1,"butt, major. archibald willingham",male,45.0,0,0,113050,26.55,b38,s
35,1,"meyer, mr. edgar joseph",male,28.0,1,0,pc 17604,82.1708,,c
780,1,"robert, mrs. edward scott (elisabeth walton mcmillan)",female,43.0,0,1,24160,211.3375,b3,s
165,3,"panula, master. eino viljami",male,1.0,4,1,3101295,39.6875,,s
488,1,"kent, mr. edward austin",male,58.0,0,0,11771,29.7,b37,c
599,3,"boulos, mr. hanna",male,,0,0,2664,7.225,,c
873,1,"carlsson, mr. frans olof",male,33.0,0,0,695,5.0,b51 b53 b55,s
753,3,"vande velde, mr. johannes joseph",male,33.0,0,0,345780,9.5,,s
567,3,"stoytcheff, mr. ilia",male,19.0,0,0,349205,7.8958,,s
610,1,"shutes, miss. elizabeth w",female,40.0,0,0,pc 17582,153.4625,c125,s
55,1,"ostby, mr. engelhart cornelius",male,65.0,0,1,113509,61.9792,b30,c
222,2,"bracken, mr. james h",male,27.0,0,0,220367,13.0,,s
699,1,"thayer, mr. john borland",male,49.0,1,1,17421,110.8833,c68,c
420,3,"van impe, miss. catharina",female,10.0,0,2,345773,24.15,,s
877,3,"gustafsson, mr. alfred ossian",male,20.0,0,0,7534,9.8458,,s
395,3,"sandstrom, mrs. hjalmar (agnes charlotta bengtsson)",female,24.0,0,2,pp 9549,16.7,g6,s
862,2,"giles, mr. frederick edward",male,21.0,1,0,28134,11.5,,s
311,1,"hays, miss. margaret bechstein",female,24.0,0,0,11767,83.1583,c54,c
781,3,"ayoub, miss. banoura",female,13.0,0,0,2687,7.2292,,c
439,1,"fortune, mr. mark",male,64.0,1,4,19950,263.0,c23 c25 c27,s
272,3,"tornquist, mr. william henry",male,25.0,0,0,line,0.0,,s
325,3,"sage, mr. george john jr",male,,8,2,ca. 2343,69.55,,s
827,3,"lam, mr. len",male,,0,0,1601,56.4958,,s
826,3,"flynn, mr. john",male,,0,0,368323,6.95,,q
112,3,"zabour, miss. hileni",female,14.5,1,0,2665,14.4542,,c
656,2,"hickman, mr. leonard mark",male,24.0,2,0,s.o.c. 14879,73.5,,s
342,1,"fortune, miss. alice elizabeth",female,24.0,3,2,19950,263.0,c23 c25 c27,s
735,2,"troupiansky, mr. moses aaron",male,23.0,0,0,233639,13.0,,s
160,3,"sage, master. thomas henry",male,,8,2,ca. 2343,69.55,,s
259,1,"ward, miss. anna",female,35.0,0,0,pc 17755,512.3292,,c
675,2,"watson, mr. ennis hastings",male,,0,0,239856,0.0,,s
150,2,"byles, rev. thomas roussel davids",male,42.0,0,0,244310,13.0,,s
229,2,"fahlstrom, mr. arne jonas",male,18.0,0,0,236171,13.0,,s
759,3,"theobald, mr. thomas leonard",male,34.0,0,0,363294,8.05,,s
517,2,"lemore, mrs. (amelia milley)",female,34.0,0,0,c.a. 34260,10.5,f33,s
388,2,"buss, miss. kate",female,36.0,0,0,27849,13.0,,s
104,3,"johansson, mr. gustaf joel",male,33.0,0,0,7540,8.6542,,s
594,3,"bourke, miss. mary",female,,0,2,364848,7.75,,q
778,3,"emanuel, miss. virginia ethel",female,5.0,0,0,364516,12.475,,s
101,3,"petranec, miss. matilda",female,28.0,0,0,349245,7.8958,,s
834,3,"augustsson, mr. albert",male,23.0,0,0,347468,7.8542,,s
689,3,"fischer, mr. eberhard thelander",male,18.0,0,0,350036,7.7958,,s
801,2,"ponesell, mr. martin",male,34.0,0,0,250647,13.0,,s
859,3,"baclini, mrs. solomon (latifa qurban)",female,24.0,0,3,2666,19.2583,,c
164,3,"calic, mr. jovo",male,17.0,0,0,315093,8.6625,,s
256,3,"touma, mrs. darwis (hanne youssef razi)",female,29.0,0,2,2650,15.2458,,c
548,2,"padro y manent, mr. julian",male,,0,0,sc/paris 2146,13.8625,,c
394,1,"newell, miss. marjorie",female,23.0,1,0,35273,113.275,d36,c
391,1,"carter, mr. william ernest",male,36.0,1,2,113760,120.0,b96 b98,s
617,3,"danbom, mr. ernst gilbert",male,34.0,1,1,347080,14.4,,s
589,3,"gilinski, mr. eliezer",male,22.0,0,0,14973,8.05,,s
397,3,"olsson, miss. elina",female,31.0,0,0,350407,7.8542,,s
212,2,"cameron, miss. clear annie",female,35.0,0,0,f.c.c. 13528,21.0,,s
705,3,"hansen, mr. henrik juul",male,26.0,1,0,350025,7.8542,,s
523,3,"lahoud, mr. sarkis",male,,0,0,2624,7.225,,c
91,3,"christmann, mr. emil",male,29.0,0,0,343276,8.05,,s
829,3,"mccormack, mr. thomas joseph",male,,0,0,367228,7.75,,q
640,3,"thorneycroft, mr. percival",male,,1,0,376564,16.1,,s
734,2,"berriman, mr. william john",male,23.0,0,0,28425,13.0,,s
818,2,"mallet, mr. albert",male,31.0,1,1,s.c./paris 2079,37.0042,,c
768,3,"mangan, miss. mary",female,30.5,0,0,364850,7.75,,q
602,3,"slabenoff, mr. petco",male,,0,0,349214,7.8958,,s
855,2,"carter, mrs. ernest courtenay (lilian hughes)",female,44.0,1,0,244252,26.0,,s
360,3,"mockler, miss. helen mary ""ellie""",female,,0,0,330980,7.8792,,q
465,3,"maisner, mr. simon",male,,0,0,a/s 2816,8.05,,s
80,3,"dowdell, miss. elizabeth",female,30.0,0,0,364516,12.475,,s
621,3,"yasbeck, mr. antoni",male,27.0,1,0,2659,14.4542,,c
116,3,"pekoniemi, mr. edvard",male,21.0,0,0,ston/o 2. 3101294,7.925,,s
878,3,"petroff, mr. nedelio",male,19.0,0,0,349212,7.8958,,s
495,3,"stanley, mr. edward roland",male,21.0,0,0,a/4 45380,8.05,,s
195,1,"brown, mrs. james joseph (margaret tobin)",female,44.0,0,0,pc 17610,27.7208,b4,c
504,3,"laitinen, miss. kristina sofia",female,37.0,0,0,4135,9.5875,,s
760,1,"rothes, the countess. of (lucy noel martha dyer-edwards)",female,33.0,0,0,110152,86.5,b77,s
250,2,"carter, rev. ernest courtenay",male,54.0,1,0,244252,26.0,,s
696,2,"chapman, mr. charles henry",male,52.0,0,0,248731,13.5,,s
688,3,"dakic, mr. branko",male,19.0,0,0,349228,10.1708,,s
503,3,"o'sullivan, miss. bridget mary",female,,0,0,330909,7.6292,,q
64,3,"skoog, master. harald",male,4.0,3,2,347088,27.9,,s
242,3,"murphy, miss. katherine ""kate""",female,,1,0,367230,15.5,,q
460,3,"o'connor, mr. maurice",male,,0,0,371060,7.75,,q
223,3,"green, mr. george henry",male,51.0,0,0,21440,8.05,,s
500,3,"svensson, mr. olof",male,24.0,0,0,350035,7.7958,,s
715,2,"greenberg, mr. samuel",male,52.0,0,0,250647,13.0,,s
850,1,"goldenberg, mrs. samuel l (edwiga grabowska)",female,,1,0,17453,89.1042,c92,c
191,2,"pinsky, mrs. (rosa)",female,32.0,0,0,234604,13.0,,s
303,3,"johnson, mr. william cahoone jr",male,19.0,0,0,line,0.0,,s
185,3,"kink-heilmann, miss. luise gretchen",female,4.0,0,2,315153,22.025,,s
620,2,"gavey, mr. lawrence",male,26.0,0,0,31028,10.5,,s
499,1,"allison, mrs. hudson j c (bessie waldo daniels)",female,25.0,1,2,113781,151.55,c22 c26,s
649,3,"willey, mr. edward",male,,0,0,s.o./p.p. 751,7.55,,s
177,3,"lefebre, master. henry forbes",male,,3,1,4133,25.4667,,s
458,1,"kenyon, mrs. frederick r (marion)",female,,1,0,17464,51.8625,d21,s
320,1,"spedden, mrs. frederic oakley (margaretta corning stone)",female,40.0,1,1,16966,134.5,e34,c
469,3,"scanlan, mr. james",male,,0,0,36209,7.725,,q
615,3,"brocklebank, mr. william alfred",male,35.0,0,0,364512,8.05,,s
416,3,"meek, mrs. thomas (annie louise rowley)",female,,0,0,343095,8.05,,s
365,3,"o'brien, mr. thomas",male,,1,0,370365,15.5,,q
287,3,"de mulder, mr. theodore",male,30.0,0,0,345774,9.5,,s
848,3,"markoff, mr. marin",male,35.0,0,0,349213,7.8958,,c
576,3,"patchett, mr. george",male,19.0,0,0,358585,14.5,,s
709,1,"cleaver, miss. alice",female,22.0,0,0,113781,151.55,,s
31,1,"uruchurtu, don. manuel e",male,40.0,0,0,pc 17601,27.7208,,c
53,1,"harper, mrs. henry sleeper (myna haxtun)",female,49.0,1,0,pc 17572,76.7292,d33,c
813,2,"slemen, mr. richard james",male,35.0,0,0,28206,10.5,,s
566,3,"davies, mr. alfred j",male,24.0,2,0,a/4 48871,24.15,,s
441,2,"hart, mrs. benjamin (esther ada bloomfield)",female,45.0,1,1,f.c.c. 13529,26.25,,s
307,1,"fleming, miss. margaret",female,,0,0,17421,110.8833,,c
144,3,"burke, mr. jeremiah",male,19.0,0,0,365222,6.75,,q
560,3,"de messemaeker, mrs. guillaume joseph (emma)",female,36.0,1,0,345572,17.4,,s
555,3,"ohman, miss. velin",female,22.0,0,0,347085,7.775,,s
706,2,"morley, mr. henry samuel (""mr henry marshall"")",male,39.0,0,0,250655,26.0,,s
369,3,"jermyn, miss. annie",female,,0,0,14313,7.75,,q
845,3,"culumovic, mr. jeso",male,17.0,0,0,315090,8.6625,,s
466,3,"goncalves, mr. manuel estanslas",male,38.0,0,0,soton/o.q. 3101306,7.05,,s
429,3,"flynn, mr. james",male,,0,0,364851,7.75,,q
186,1,"rood, mr. hugh roscoe",male,,0,0,113767,50.0,a32,s
803,1,"carter, master. william thornton ii",male,11.0,1,2,113760,120.0,b96 b98,s
163,3,"bengtsson, mr. john viktor",male,26.0,0,0,347068,7.775,,s
187,3,"o'brien, mrs. thomas (johanna ""hannah"" godfrey)",female,,1,0,370365,15.5,,q
867,2,"duran y more, miss. asuncion",female,27.0,1,0,sc/paris 2149,13.8583,,c
265,3,"henry, miss. delia",female,,0,0,382649,7.75,,q
2,1,"cumings, mrs. john bradley (florence briggs thayer)",female,38.0,1,0,pc 17599,71.2833,c85,c
744,3,"mcnamee, mr. neal",male,24.0,1,0,376566,16.1,,s
496,3,"yousseff, mr. gerious",male,,0,0,2627,14.4583,,c
788,3,"rice, master. george hugh",male,8.0,4,1,382652,29.125,,q
828,2,"mallet, master. andre",male,1.0,0,2,s.c./paris 2079,37.0042,,c
593,3,"elsbury, mr. william james",male,47.0,0,0,a/5 3902,7.25,,s
258,1,"cherry, miss. gladys",female,30.0,0,0,110152,86.5,b77,s
812,3,"lester, mr. james",male,39.0,0,0,a/4 48871,24.15,,s
129,3,"peter, miss. anna",female,,1,1,2668,22.3583,f e69,c
361,3,"skoog, mr. wilhelm",male,40.0,1,4,347088,27.9,,s
538,1,"leroy, miss. bertha",female,30.0,0,0,pc 17761,106.425,,c
384,1,"holverson, mrs. alexander oskar (mary aline towner)",female,35.0,1,0,113789,52.0,,s
770,3,"gronnestad, mr. daniel danielsen",male,32.0,0,0,8471,8.3625,,s
12,1,"bonnell, miss. elizabeth",female,58.0,0,0,113783,26.55,c103,s
802,2,"collyer, mrs. harvey (charlotte annie tate)",female,31.0,1,1,c.a. 31921,26.25,,s
60,3,"goodwin, master. william frederick",male,11.0,5,2,ca 2144,46.9,,s
860,3,"razi, mr. raihed",male,,0,0,2629,7.2292,,c
627,2,"kirkland, rev. charles leonard",male,57.0,0,0,219533,12.35,,q
40,3,"nicola-yarred, miss. jamila",female,14.0,1,0,2651,11.2417,,c
607,3,"karaic, mr. milan",male,30.0,0,0,349246,7.8958,,s
399,2,"pain, dr. alfred",male,23.0,0,0,244278,10.5,,s
446,1,"dodge, master. washington",male,4.0,0,2,33638,81.8583,a34,s
97,1,"goldschmidt, mr. george b",male,71.0,0,0,pc 17754,34.6542,a5,c
17,3,"rice, master. eugene",male,2.0,4,1,382652,29.125,,q
324,2,"caldwell, mrs. albert francis (sylvia mae harbaugh)",female,22.0,1,1,248738,29.0,,s
134,2,"weisz, mrs. leopold (mathilde francoise pede)",female,29.0,1,0,228414,26.0,,s
736,3,"williams, mr. leslie",male,28.5,0,0,54636,16.1,,s
22,2,"beesley, mr. lawrence",male,34.0,0,0,248698,13.0,d56,s
334,3,"vander planke, mr. leo edmondus",male,16.0,2,0,345764,18.0,,s
583,2,"downton, mr. william james",male,54.0,0,0,28403,26.0,,s
733,2,"knight, mr. robert j",male,,0,0,239855,0.0,,s
140,1,"giglio, mr. victor",male,24.0,0,0,pc 17593,79.2,b86,c
306,1,"allison, master. hudson trevor",male,0.92,1,2,113781,151.55,c22 c26,s
723,2,"gillespie, mr. william henry",male,34.0,0,0,12233,13.0,,s
558,1,"robbins, mr. victor",male,,0,0,pc 17757,227.525,,c
590,3,"murdlin, mr. joseph",male,,0,0,a./5. 3235,8.05,,s
434,3,"kallio, mr. nikolai erland",male,17.0,0,0,ston/o 2. 3101274,7.125,,s
547,2,"beane, mrs. edward (ethel clarke)",female,19.0,1,0,2908,26.0,,s
285,1,"smith, mr. richard william",male,,0,0,113056,26.0,a19,s
545,1,"douglas, mr. walter donald",male,50.0,1,0,pc 17761,106.425,c86,c
883,3,"dahlberg, miss. gerda ulrika",female,22.0,0,0,7552,10.5167,,s
800,3,"van impe, mrs. jean baptiste (rosalie paula govaert)",female,30.0,1,1,345773,24.15,,s
493,1,"molson, mr. harry markland",male,55.0,0,0,113787,30.5,c30,s
424,3,"danbom, mrs. ernst gilbert (anna sigrid maria brogren)",female,28.0,1,1,347080,14.4,,s
663,1,"colley, mr. edward pomeroy",male,47.0,0,0,5727,25.5875,e58,s
413,1,"minahan, miss. daisy e",female,33.0,1,0,19928,90.0,c78,q
4,1,"futrelle, mrs. jacques heath (lily may peel)",female,35.0,1,0,113803,53.1,c123,s
653,3,"kalvik, mr. johannes halvorsen",male,21.0,0,0,8475,8.4333,,s
341,2,"navratil, master. edmond roger",male,2.0,1,1,230080,26.0,f2,s
807,1,"andrews, mr. thomas jr",male,39.0,0,0,112050,0.0,a36,s
98,1,"greenfield, mr. william bertram",male,23.0,0,1,pc 17759,63.3583,d10 d12,c
283,3,"de pelsmaeker, mr. alfons",male,16.0,0,0,345778,9.5,,s
710,3,"moubarek, master. halim gonios (""william george"")",male,,1,1,2661,15.2458,,c
232,3,"larsson, mr. bengt edvin",male,29.0,0,0,347067,7.775,,s
59,2,"west, miss. constance mirium",female,5.0,1,2,c.a. 34651,27.75,,s
470,3,"baclini, miss. helene barbara",female,0.75,2,1,2666,19.2583,,c
879,3,"laleff, mr. kristo",male,,0,0,349217,7.8958,,s
550,2,"davies, master. john morgan jr",male,8.0,1,1,c.a. 33112,36.75,,s
297,3,"hanna, mr. mansour",male,23.5,0,0,2693,7.2292,,c
562,3,"sivic, mr. husein",male,40.0,0,0,349251,7.8958,,s
236,3,"harknett, miss. alice phoebe",female,,0,0,w./c. 6609,7.55,,s
326,1,"young, miss. marie grice",female,36.0,0,0,pc 17760,135.6333,c32,c
702,1,"silverthorne, mr. spencer victor",male,35.0,0,0,pc 17475,26.2875,e24,s
252,3,"strom, mrs. wilhelm (elna matilda persson)",female,29.0,1,1,347054,10.4625,g6,s
