PassengerId,Pclass,Name,Sex,Age,SibSp,Parch,Ticket,Fare,Cabin,Embarked
846,3,"abbing, mr. anthony",male,42.0,0,0,c.a. 5547,7.55,,s
12,1,"bonnell, miss. elizabeth",female,58.0,0,0,113783,26.55,c103,s
133,3,"robins, mrs. alexander a (grace charity laury)",female,47.0,1,0,a/5. 3337,14.5,,s
703,3,"barbara, miss. saiide",female,18.0,0,1,2691,14.4542,,c
778,3,"emanuel, miss. virginia ethel",female,5.0,0,0,364516,12.475,,s
335,1,"frauenthal, mrs. henry william (clara heinsheimer)",female,,1,0,pc 17611,133.65,,s
304,2,"keane, miss. nora a",female,,0,0,226593,12.35,e101,q
479,3,"karlsson, mr. nils august",male,22.0,0,0,350060,7.5208,,s
314,3,"hendekovic, mr. ignjac",male,28.0,0,0,349243,7.8958,,s
394,1,"newell, miss. marjorie",female,23.0,1,0,35273,113.275,d36,c
526,3,"farrell, mr. james",male,40.5,0,0,367232,7.75,,q
131,3,"drazenoic, mr. jozef",male,33.0,0,0,349241,7.8958,,c
553,3,"o'brien, mr. timothy",male,,0,0,330979,7.8292,,q
264,1,"harrison, mr. william",male,40.0,0,0,112059,0.0,b94,s
652,2,"doling, miss. elsie",female,18.0,0,1,231919,23.0,,s
390,2,"lehmann, miss. bertha",female,17.0,0,0,sc 1748,12.0,,c
588,1,"frolicher-stehli, mr. maxmillian",male,60.0,1,1,13567,79.2,b41,c
771,3,"lievens, mr. rene aime",male,24.0,0,0,345781,9.5,,s
411,3,"sdycoff, mr. todor",male,,0,0,349222,7.8958,,s
222,2,"bracken, mr. james h",male,27.0,0,0,220367,13.0,,s
81,3,"waelens, mr. achille",male,22.0,0,0,345767,9.0,,s
874,3,"vander cruyssen, mr. victor",male,47.0,0,0,345765,9.0,,s
827,3,"lam, mr. len",male,,0,0,1601,56.4958,,s
749,1,"marvin, mr. daniel warner",male,19.0,1,0,113773,53.1,d30,s
266,2,"reeves, mr. david",male,36.0,0,0,c.a. 17248,10.5,,s
247,3,"lindahl, miss. agda thorilda viktoria",female,25.0,0,0,347071,7.775,,s
241,3,"zabour, miss. thamine",female,,1,0,2665,14.4542,,c
696,2,"chapman, mr. charles henry",male,52.0,0,0,248731,13.5,,s
121,2,"hickman, mr. stanley george",male,21.0,2,0,s.o.c. 14879,73.5,,s
268,3,"persson, mr. ernst ulrik",male,25.0,1,0,347083,7.775,,s
889,3,"johnston, miss. catherine helen ""carrie""",female,,1,2,w./c. 6607,23.45,,s
291,1,"barber, miss. ellen ""nellie""",female,26.0,0,0,19877,78.85,,s
240,2,"hunt, mr. george henry",male,33.0,0,0,sco/w 1585,12.275,,s
86,3,"backstrom, mrs. karl alfred (maria mathilda gustafsson)",female,33.0,3,0,3101278,15.85,,s
317,2,"kantor, mrs. sinai (miriam sternin)",female,24.0,1,0,244367,26.0,,s
587,2,"jarvis, mr. john denzil",male,47.0,0,0,237565,15.0,,s
648,1,"simonius-blumer, col. oberst alfons",male,56.0,0,0,13213,35.5,a26,c
635,3,"skoog, miss. mabel",female,9.0,3,2,347088,27.9,,s
705,3,"hansen, mr. henrik juul",male,26.0,1,0,350025,7.8542,,s
761,3,"garfirth, mr. john",male,,0,0,358585,14.5,,s
362,2,"del carlo, mr. sebastiano",male,29.0,1,0,sc/paris 2167,27.7208,,c
702,1,"silverthorne, mr. spencer victor",male,35.0,0,0,pc 17475,26.2875,e24,s
620,2,"gavey, mr. lawrence",male,26.0,0,0,31028,10.5,,s
111,1,"porter, mr. walter chamberlain",male,47.0,0,0,110465,52.0,c110,s
763,3,"barah, mr. hanna assi",male,20.0,0,0,2663,7.2292,,c
794,1,"hoyt, mr. william fisher",male,,0,0,pc 17600,30.6958,,c
533,3,"elias, mr. joseph jr",male,17.0,1,1,2690,7.2292,,c
687,3,"panula, mr. jaako arnold",male,14.0,4,1,3101295,39.6875,,s
456,3,"jalsevac, mr. ivan",male,29.0,0,0,349240,7.8958,,c
881,2,"shelley, mrs. william (imanita parrish hall)",female,25.0,0,1,230433,26.0,,s
299,1,"saalfeld, mr. adolphe",male,,0,0,19988,30.5,c106,s
817,3,"heininen, miss. wendla maria",female,23.0,0,0,ston/o2. 3101290,7.925,,s
308,1,"penasco y castellana, mrs. victor de satode (maria josefa perez de soto y vallejo)",female,17.0,1,0,pc 17758,108.9,c65,c
885,3,"sutehall, mr. henry jr",male,25.0,0,0,soton/oq 392076,7.05,,s
243,2,"coleridge, mr. reginald charles",male,29.0,0,0,w./c. 14263,10.5,,s
831,3,"yasbeck, mrs. antoni (selini alexander)",female,15.0,1,0,2659,14.4542,,c
56,1,"woolner, mr. hugh",male,,0,0,19947,35.5,c52,s
439,1,"fortune, mr. mark",male,64.0,1,4,19950,263.0,c23 c25 c27,s
814,3,"andersson, miss. ebba iris alfrida",female,6.0,4,2,347082,31.275,,s
745,3,"stranden, mr. juho",male,31.0,0,0,ston/o 2. 3101288,7.925,,s
455,3,"peduzzi, mr. joseph",male,,0,0,a/5 2817,8.05,,s
197,3,"mernagh, mr. robert",male,,0,0,368703,7.75,,q
301,3,"kelly, miss. anna katherine ""annie kate""",female,,0,0,9234,7.75,,q
498,3,"shellard, mr. frederick william",male,,0,0,c.a. 6212,15.1,,s
417,2,"drew, mrs. james vivian (lulu thorne christian)",female,34.0,1,1,28220,32.5,,s
560,3,"de messemaeker, mrs. guillaume joseph (emma)",female,36.0,1,0,345572,17.4,,s
853,3,"boulos, miss. nourelain",female,9.0,1,1,2678,15.2458,,c
810,1,"chambers, mrs. norman campbell (bertha griggs)",female,33.0,1,0,113806,53.1,e8,s
399,2,"pain, dr. alfred",male,23.0,0,0,244278,10.5,,s
727,2,"renouf, mrs. peter henry (lillian jefferys)",female,30.0,3,0,31027,21.0,,s
481,3,"goodwin, master. harold victor",male,9.0,5,2,ca 2144,46.9,,s
138,1,"futrelle, mr. jacques heath",male,37.0,1,0,113803,53.1,c123,s
409,3,"birkeland, mr. hans martin monsen",male,21.0,0,0,312992,7.775,,s
316,3,"nilsson, miss. helmina josefina",female,26.0,0,0,347470,7.8542,,s
463,1,"gee, mr. arthur h",male,47.0,0,0,111320,38.5,e63,s
764,1,"carter, mrs. william ernest (lucile polk)",female,36.0,1,2,113760,120.0,b96 b98,s
584,1,"ross, mr. john hugo",male,36.0,0,0,13049,40.125,a10,c
137,1,"newsom, miss. helen monypeny",female,19.0,0,2,11752,26.2833,d47,s
71,2,"jenkin, mr. stephen curnow",male,32.0,0,0,c.a. 33111,10.5,,s
15,3,"vestrom, miss. hulda amanda adolfina",female,14.0,0,0,350406,7.8542,,s
619,2,"becker, miss. marion louise",female,4.0,2,1,230136,39.0,f4,s
287,3,"de mulder, mr. theodore",male,30.0,0,0,345774,9.5,,s
125,1,"white, mr. percival wayland",male,54.0,0,1,35281,77.2875,d26,s
228,3,"lovell, mr. john hall (""henry"")",male,20.5,0,0,a/5 21173,7.25,,s
252,3,"strom, mrs. wilhelm (elna matilda persson)",female,29.0,1,1,347054,10.4625,g6,s
757,3,"carlsson, mr. august sigfrid",male,28.0,0,0,350042,7.7958,,s
860,3,"razi, mr. raihed",male,,0,0,2629,7.2292,,c
689,3,"fischer, mr. eberhard thelander",male,18.0,0,0,350036,7.7958,,s
272,3,"tornquist, mr. william henry",male,25.0,0,0,line,0.0,,s
434,3,"kallio, mr. nikolai erland",male,17.0,0,0,ston/o 2. 3101274,7.125,,s
425,3,"rosblom, mr. viktor richard",male,18.0,1,1,370129,20.2125,,s
61,3,"sirayanian, mr. orsen",male,22.0,0,0,2669,7.2292,,c
655,3,"hegarty, miss. hanora ""nora""",female,18.0,0,0,365226,6.75,,q
734,2,"berriman, mr. william john",male,23.0,0,0,28425,13.0,,s
662,3,"badt, mr. mohamed",male,40.0,0,0,2623,7.225,,c
458,1,"kenyon, mrs. frederick r (marion)",female,,1,0,17464,51.8625,d21,s
709,1,"cleaver, miss. alice",female,22.0,0,0,113781,151.55,,s
536,2,"hart, miss. eva miriam",female,7.0,0,2,f.c.c. 13529,26.25,,s
91,3,"christmann, mr. emil",male,29.0,0,0,343276,8.05,,s
471,3,"keefe, mr. arthur",male,,0,0,323592,7.25,,s
152,1,"pears, mrs. thomas (edith wearne)",female,22.0,1,0,113776,66.6,c2,s
777,3,"tobin, mr. roger",male,,0,0,383121,7.75,f38,q
92,3,"andreasson, mr. paul edvin",male,20.0,0,0,347466,7.8542,,s
642,1,"sagesser, mlle. emma",female,24.0,0,0,pc 17477,69.3,b35,c
579,3,"caram, mrs. joseph (maria elias)",female,,1,0,2689,14.4583,,c
445,3,"johannesen-bratthammer, mr. bernt",male,,0,0,65306,8.1125,,s
315,2,"hart, mr. benjamin",male,43.0,1,1,f.c.c. 13529,26.25,,s
153,3,"meo, mr. alfonzo",male,55.5,0,0,a.5. 11206,8.05,,s
401,3,"niskanen, mr. juha",male,39.0,0,0,ston/o 2. 3101289,7.925,,s
6,3,"moran, mr. james",male,,0,0,330877,8.4583,,q
850,1,"goldenberg, mrs. samuel l (edwiga grabowska)",female,,1,0,17453,89.1042,c92,c
838,3,"sirota, mr. maurice",male,,0,0,392092,8.05,,s
759,3,"theobald, mr. thomas leonard",male,34.0,0,0,363294,8.05,,s
630,3,"o'connell, mr. patrick d",male,,0,0,334912,7.7333,,q
733,2,"knight, mr. robert j",male,,0,0,239855,0.0,,s
663,1,"colley, mr. edward pomeroy",male,47.0,0,0,5727,25.5875,e58,s
712,1,"klaber, mr. herman",male,,0,0,113028,26.55,c124,s
388,2,"buss, miss. kate",female,36.0,0,0,27849,13.0,,s
277,3,"lindblom, miss. augusta charlotta",female,45.0,0,0,347073,7.75,,s
781,3,"ayoub, miss. banoura",female,13.0,0,0,2687,7.2292,,c
182,2,"pernot, mr. rene",male,,0,0,sc/paris 2131,15.05,,c
357,1,"bowerman, miss. elsie edith",female,22.0,0,1,113505,55.0,e33,s
621,3,"yasbeck, mr. antoni",male,27.0,1,0,2659,14.4542,,c
215,3,"kiernan, mr. philip",male,,1,0,367229,7.75,,q
870,3,"johnson, master. harold theodor",male,4.0,1,1,347742,11.1333,,s
593,3,"elsbury, mr. william james",male,47.0,0,0,a/5 3902,7.25,,s
288,3,"naidenoff, mr. penko",male,22.0,0,0,349206,7.8958,,s
115,3,"attalah, miss. malake",female,17.0,0,0,2627,14.4583,,c
695,1,"weir, col. john",male,60.0,0,0,113800,26.55,,s
171,1,"van der hoef, mr. wyckoff",male,61.0,0,0,111240,33.5,b19,s
724,2,"hodges, mr. henry price",male,50.0,0,0,250643,13.0,,s
190,3,"turcin, mr. stjepan",male,36.0,0,0,349247,7.8958,,s
796,2,"otter, mr. richard",male,39.0,0,0,28213,13.0,,s
807,1,"andrews, mr. thomas jr",male,39.0,0,0,112050,0.0,a36,s
75,3,"bing, mr. lee",male,32.0,0,0,1601,56.4958,,s
334,3,"vander planke, mr. leo edmondus",male,16.0,2,0,345764,18.0,,s
35,1,"meyer, mr. edgar joseph",male,28.0,1,0,pc 17604,82.1708,,c
457,1,"millet, mr. francis davis",male,65.0,0,0,13509,26.55,e38,s
181,3,"sage, miss. constance gladys",female,,8,2,ca. 2343,69.55,,s
890,1,"behr, mr. karl howell",male,26.0,0,0,111369,30.0,c148,c
572,1,"appleton, mrs. edward dale (charlotte lamson)",female,53.0,2,0,11769,51.4792,c101,s
828,2,"mallet, master. andre",male,1.0,0,2,s.c./paris 2079,37.0042,,c
716,3,"soholt, mr. peter andreas lauritz andersen",male,19.0,0,0,348124,7.65,f g73,s
165,3,"panula, master. eino viljami",male,1.0,4,1,3101295,39.6875,,s
376,1,"meyer, mrs. edgar joseph (leila saks)",female,,1,0,pc 17604,82.1708,,c
163,3,"bengtsson, mr. john viktor",male,26.0,0,0,347068,7.775,,s
192,2,"carbines, mr. william",male,19.0,0,0,28424,13.0,,s
768,3,"mangan, miss. mary",female,30.5,0,0,364850,7.75,,q
786,3,"harmer, mr. abraham (david lishin)",male,25.0,0,0,374887,7.25,,s
528,1,"farthing, mr. john",male,,0,0,pc 17483,221.7792,c95,s
449,3,"baclini, miss. marie catherine",female,5.0,2,1,2666,19.2583,,c
63,1,"harris, mr. henry birkhardt",male,45.0,1,0,36973,83.475,c83,s
837,3,"pasic, mr. jakob",male,21.0,0,0,315097,8.6625,,s
149,2,"navratil, mr. michel (""louis m hoffman"")",male,36.5,0,2,230080,26.0,f2,s
359,3,"mcgovern, miss. mary",female,,0,0,330931,7.8792,,q
511,3,"daly, mr. eugene patrick",male,29.0,0,0,382651,7.75,,q
438,2,"richards, mrs. sidney (emily hocking)",female,24.0,2,3,29106,18.75,,s
161,3,"cribb, mr. john hatfield",male,44.0,0,1,371362,16.1,,s
189,3,"bourke, mr. john",male,40.0,1,1,364849,15.5,,q
94,3,"dean, mr. bertram frank",male,26.0,1,2,c.a. 2315,20.575,,s
805,3,"hedman, mr. oskar arvid",male,27.0,0,0,347089,6.975,,s
497,1,"eustis, miss. elizabeth mussey",female,54.0,1,0,36947,78.2667,d20,c
839,3,"chip, mr. chang",male,32.0,0,0,1601,56.4958,,s
349,3,"coutts, master. william loch ""william""",male,3.0,1,1,c.a. 37671,15.9,,s
742,1,"cavendish, mr. tyrell william",male,36.0,1,0,19877,78.85,c46,s
342,1,"fortune, miss. alice elizabeth",female,24.0,3,2,19950,263.0,c23 c25 c27,s
53,1,"harper, mrs. henry sleeper (myna haxtun)",female,49.0,1,0,pc 17572,76.7292,d33,c
237,2,"hold, mr. stephen",male,44.0,1,0,26707,26.0,,s
542,3,"andersson, miss. ingeborg constanzia",female,9.0,4,2,347082,31.275,,s
7,1,"mccarthy, mr. timothy j",male,54.0,0,0,17463,51.8625,e46,s
146,2,"nicholls, mr. joseph charles",male,19.0,1,1,c.a. 33112,36.75,,s
505,1,"maioni, miss. roberta",female,16.0,0,0,110152,86.5,b79,s
207,3,"backstrom, mr. karl alfred",male,32.0,1,0,3101278,15.85,,s
325,3,"sage, mr. george john jr",male,,8,2,ca. 2343,69.55,,s
452,3,"hagland, mr. ingvald olai olsen",male,,1,0,65303,19.9667,,s
430,3,"pickard, mr. berk (berk trembisky)",male,32.0,0,0,soton/o.q. 392078,8.05,e10,s
477,2,"renouf, mr. peter henry",male,34.0,1,0,31027,21.0,,s
333,1,"graham, mr. george edward",male,38.0,0,1,pc 17582,153.4625,c91,s
531,2,"quick, miss. phyllis may",female,2.0,1,1,26360,26.0,,s
73,2,"hood, mr. ambrose jr",male,21.0,0,0,s.o.c. 14879,73.5,,s
341,2,"navratil, master. edmond roger",male,2.0,1,1,230080,26.0,f2,s
389,3,"sadlier, mr. matthew",male,,0,0,367655,7.7292,,q
204,3,"youseff, mr. gerious",male,45.5,0,0,2628,7.225,,c
223,3,"green, mr. george henry",male,51.0,0,0,21440,8.05,,s
18,2,"williams, mr. charles eugene",male,,0,0,244373,13.0,,s
59,2,"west, miss. constance mirium",female,5.0,1,2,c.a. 34651,27.75,,s
580,3,"jussila, mr. eiriik",male,32.0,0,0,ston/o 2. 3101286,7.925,,s
464,2,"milling, mr. jacob christian",male,48.0,0,0,234360,13.0,,s
26,3,"asplund, mrs. carl oscar (selma augusta emilia johansson)",female,38.0,1,5,347077,31.3875,,s
254,3,"lobb, mr. william arthur",male,30.0,1,0,a/5. 3336,16.1,,s
203,3,"johanson, mr. jakob alfred",male,34.0,0,0,3101264,6.4958,,s
738,1,"lesurer, mr. gustave j",male,35.0,0,0,pc 17755,512.3292,b101,c
614,3,"horgan, mr. john",male,,0,0,370377,7.75,,q
575,3,"rush, mr. alfred george john",male,16.0,0,0,a/4. 20589,8.05,,s
476,1,"clifford, mr. george quincy",male,,0,0,110465,52.0,a14,s
1,3,"braund, mr. owen harris",male,22.0,1,0,a/5 21171,7.25,,s
22,2,"beesley, mr. lawrence",male,34.0,0,0,248698,13.0,d56,s
282,3,"olsson, mr. nils johan goransson",male,28.0,0,0,347464,7.8542,,s
453,1,"foreman, mr. benjamin laventall",male,30.0,0,0,113051,27.75,c111,c
142,3,"nysten, miss. anna sofia",female,22.0,0,0,347081,7.75,,s
713,1,"taylor, mr. elmer zebley",male,48.0,1,0,19996,52.0,c126,s
185,3,"kink-heilmann, miss. luise gretchen",female,4.0,0,2,315153,22.025,,s
208,3,"albimona, mr. nassef cassem",male,26.0,0,0,2699,18.7875,,c
625,3,"bowen, mr. david john ""dai""",male,21.0,0,0,54636,16.1,,s
636,2,"davis, miss. mary",female,28.0,0,0,237668,13.0,,s
782,1,"dick, mrs. albert adrian (vera gillespie)",female,17.0,1,0,17474,57.0,b20,s
601,2,"jacobsohn, mrs. sidney samuel (amy frances christy)",female,24.0,2,1,243847,27.0,,s
799,3,"ibrahim shawah, mr. yousseff",male,30.0,0,0,2685,7.2292,,c
454,1,"goldenberg, mr. samuel l",male,49.0,1,0,17453,89.1042,c92,c
25,3,"palsson, miss. torborg danira",female,8.0,3,1,349909,21.075,,s
406,2,"gale, mr. shadrach",male,34.0,1,0,28664,21.0,,s
527,2,"ridsdale, miss. lucy",female,50.0,0,0,w./c. 14258,10.5,,s
96,3,"shorney, mr. charles joseph",male,,0,0,374910,8.05,,s
701,1,"astor, mrs. john jacob (madeleine talmadge force)",female,18.0,1,0,pc 17757,227.525,c62 c64,c
668,3,"rommetvedt, mr. knud paust",male,,0,0,312993,7.775,,s
483,3,"rouse, mr. richard henry",male,50.0,0,0,a/5 3594,8.05,,s
65,1,"stewart, mr. albert a",male,,0,0,pc 17605,27.7208,,c
518,3,"ryan, mr. patrick",male,,0,0,371110,24.15,,q
112,3,"zabour, miss. hileni",female,14.5,1,0,2665,14.4542,,c
882,3,"markun, mr. johann",male,33.0,0,0,349257,7.8958,,s
364,3,"asim, mr. adola",male,35.0,0,0,soton/o.q. 3101310,7.05,,s
38,3,"cann, mr. ernest charles",male,21.0,0,0,a./5. 2152,8.05,,s
706,2,"morley, mr. henry samuel (""mr henry marshall"")",male,39.0,0,0,250655,26.0,,s
482,2,"frost, mr. anthony wood ""archie""",male,,0,0,239854,0.0,,s
87,3,"ford, mr. william neal",male,16.0,1,3,w./c. 6608,34.375,,s
766,1,"hogeboom, mrs. john c (anna andrews)",female,51.0,1,0,13502,77.9583,d11,s
279,3,"rice, master. eric",male,7.0,4,1,382652,29.125,,q
145,2,"andrew, mr. edgardo samuel",male,18.0,0,0,231945,11.5,,s
143,3,"hakkarainen, mrs. pekka pietari (elin matilda dolck)",female,24.0,1,0,ston/o2. 3101279,15.85,,s
644,3,"foo, mr. choong",male,,0,0,1601,56.4958,,s
123,2,"nasser, mr. nicholas",male,32.5,1,0,237736,30.0708,,c
643,3,"skoog, miss. margit elizabeth",female,2.0,3,2,347088,27.9,,s
444,2,"reynaldo, ms. encarnacion",female,28.0,0,0,230434,13.0,,s
804,3,"thomas, master. assad alexander",male,0.42,0,1,2625,8.5167,,c
72,3,"goodwin, miss. lillian amy",female,16.0,5,2,ca 2144,46.9,,s
690,1,"madill, miss. georgette alexandra",female,15.0,0,1,24160,211.3375,b5,s
812,3,"lester, mr. james",male,39.0,0,0,a/4 48871,24.15,,s
431,1,"bjornstrom-steffansson, mr. mauritz hakan",male,28.0,0,0,110564,26.55,c52,s
353,3,"elias, mr. tannous",male,15.0,1,1,2695,7.2292,,c
386,2,"davies, mr. charles henry",male,18.0,0,0,s.o.c. 14879,73.5,,s
68,3,"crease, mr. ernest james",male,19.0,0,0,s.p. 3464,8.1583,,s
33,3,"glynn, miss. mary agatha",female,,0,0,335677,7.75,,q
629,3,"bostandyeff, mr. guentcho",male,26.0,0,0,349224,7.8958,,s
2,1,"cumings, mrs. john bradley (florence briggs thayer)",female,38.0,1,0,pc 17599,71.2833,c85,c
647,3,"cor, mr. liudevit",male,19.0,0,0,349231,7.8958,,s
119,1,"baxter, mr. quigg edmond",male,24.0,0,1,pc 17558,247.5208,b58 b60,c
267,3,"panula, mr. ernesti arvid",male,16.0,4,1,3101295,39.6875,,s
624,3,"hansen, mr. henry damsgaard",male,21.0,0,0,350029,7.8542,,s
685,2,"brown, mr. thomas william solomon",male,60.0,1,1,29750,39.0,,s
725,1,"chambers, mr. norman campbell",male,27.0,1,0,113806,53.1,e8,s
816,1,"fry, mr. richard",male,,0,0,112058,0.0,b102,s
491,3,"hagland, mr. konrad mathias reiersen",male,,1,0,65304,19.9667,,s
694,3,"saad, mr. khalil",male,25.0,0,0,2672,7.225,,c
808,3,"pettersson, miss. ellen natalia",female,18.0,0,0,347087,7.775,,s
485,1,"bishop, mr. dickinson h",male,25.0,1,0,11967,91.0792,b49,c
460,3,"o'connor, mr. maurice",male,,0,0,371060,7.75,,q
398,2,"mckane, mr. peter david",male,46.0,0,0,28403,26.0,,s
84,1,"carrau, mr. francisco m",male,28.0,0,0,113059,47.1,,s
200,2,"yrois, miss. henriette (""mrs harbeck"")",female,24.0,0,0,248747,13.0,,s
787,3,"sjoblom, miss. anna sofia",female,18.0,0,0,3101265,7.4958,,s
503,3,"o'sullivan, miss. bridget mary",female,,0,0,330909,7.6292,,q
571,2,"harris, mr. george",male,62.0,0,0,s.w./pp 752,10.5,,s
379,3,"betros, mr. tannous",male,20.0,0,0,2648,4.0125,,c
427,2,"clarke, mrs. charles v (ada maria winfield)",female,28.0,1,0,2003,26.0,,s
710,3,"moubarek, master. halim gonios (""william george"")",male,,1,1,2661,15.2458,,c
502,3,"canavan, miss. mary",female,21.0,0,0,364846,7.75,,q
602,3,"slabenoff, mr. petco",male,,0,0,349214,7.8958,,s
754,3,"jonkoff, mr. lalio",male,23.0,0,0,349204,7.8958,,s
104,3,"johansson, mr. gustaf joel",male,33.0,0,0,7540,8.6542,,s
321,3,"dennis, mr. samuel",male,22.0,0,0,a/5 21172,7.25,,s
329,3,"goldsmith, mrs. frank john (emily alice brown)",female,31.0,1,1,363291,20.525,,s
848,3,"markoff, mr. marin",male,35.0,0,0,349213,7.8958,,c
532,3,"toufik, mr. nakli",male,,0,0,2641,7.2292,,c
436,1,"carter, miss. lucile polk",female,14.0,1,2,113760,120.0,b96 b98,s
384,1,"holverson, mrs. alexander oskar (mary aline towner)",female,35.0,1,0,113789,52.0,,s
461,1,"anderson, mr. harry",male,48.0,0,0,19952,26.55,e12,s
594,3,"bourke, miss. mary",female,,0,2,364848,7.75,,q
524,1,"hippach, mrs. louis albert (ida sophia fischer)",female,44.0,0,1,111361,57.9792,b18,c
217,3,"honkanen, miss. eliina",female,27.0,0,0,ston/o2. 3101283,7.925,,s
206,3,"strom, miss. telma matilda",female,2.0,0,1,347054,10.4625,g6,s
865,2,"gill, mr. john william",male,24.0,0,0,233866,13.0,,s
607,3,"karaic, mr. milan",male,30.0,0,0,349246,7.8958,,s
566,3,"davies, mr. alfred j",male,24.0,2,0,a/4 48871,24.15,,s
682,1,"hassab, mr. hammad",male,27.0,0,0,pc 17572,76.7292,d49,c
442,3,"hampe, mr. leon",male,20.0,0,0,345769,9.5,,s
188,1,"romaine, mr. charles hallace (""mr c rolmane"")",male,45.0,0,0,111428,26.55,,s
523,3,"lahoud, mr. sarkis",male,,0,0,2624,7.225,,c
414,2,"cunningham, mr. alfred fleming",male,,0,0,239853,0.0,,s
862,2,"giles, mr. frederick edward",male,21.0,1,0,28134,11.5,,s
541,1,"crosby, miss. harriet r",female,36.0,0,2,we/p 5735,71.0,b22,s
429,3,"flynn, mr. james",male,,0,0,364851,7.75,,q
741,1,"hawksford, mr. walter james",male,,0,0,16988,30.0,d45,s
78,3,"moutal, mr. rahamin haim",male,,0,0,374746,8.05,,s
227,2,"mellors, mr. william john",male,19.0,0,0,sw/pp 751,10.5,,s
331,3,"mccoy, miss. agnes",female,,2,0,367226,23.25,,q
216,1,"newell, miss. madeleine",female,31.0,1,0,35273,113.275,d36,c
775,2,"hocking, mrs. elizabeth (eliza needs)",female,54.0,1,3,29105,23.0,,s
578,1,"silvey, mrs. william baird (alice munger)",female,39.0,1,0,13507,55.9,e44,s
599,3,"boulos, mr. hanna",male,,0,0,2664,7.225,,c
172,3,"rice, master. arthur",male,4.0,4,1,382652,29.125,,q
381,1,"bidois, miss. rosalie",female,42.0,0,0,pc 17757,227.525,,c
100,2,"kantor, mr. sinai",male,34.0,1,0,244367,26.0,,s
500,3,"svensson, mr. olof",male,24.0,0,0,350035,7.7958,,s
867,2,"duran y more, miss. asuncion",female,27.0,1,0,sc/paris 2149,13.8583,,c
410,3,"lefebre, miss. ida",female,,3,1,4133,25.4667,,s
478,3,"braund, mr. lewis richard",male,29.0,1,0,3460,7.0458,,s
169,1,"baumann, mr. john d",male,,0,0,pc 17318,25.925,,s
576,3,"patchett, mr. george",male,19.0,0,0,358585,14.5,,s
748,2,"sinkkonen, miss. anna",female,30.0,0,0,250648,13.0,,s
669,3,"cook, mr. jacob",male,43.0,0,0,a/5 3536,8.05,,s
450,1,"peuchen, major. arthur godfrey",male,52.0,0,0,113786,30.5,c104,s
383,3,"tikkanen, mr. juho",male,32.0,0,0,ston/o 2. 3101293,7.925,,s
847,3,"sage, mr. douglas bullen",male,,8,2,ca. 2343,69.55,,s
622,1,"kimball, mr. edwin nelson jr",male,42.0,1,0,11753,52.5542,d19,s
769,3,"moran, mr. daniel j",male,,1,0,371110,24.15,,q
653,3,"kalvik, mr. johannes halvorsen",male,21.0,0,0,8475,8.4333,,s
501,3,"calic, mr. petar",male,17.0,0,0,315086,8.6625,,s
581,2,"christy, miss. julie rachel",female,25.0,1,1,237789,30.0,,s
261,3,"smith, mr. thomas",male,,0,0,384461,7.75,,q
603,1,"harrington, mr. charles h",male,,0,0,113796,42.4,,s
205,3,"cohen, mr. gurshon ""gus""",male,18.0,0,0,a/5 3540,8.05,,s
191,2,"pinsky, mrs. (rosa)",female,32.0,0,0,234604,13.0,,s
649,3,"willey, mr. edward",male,,0,0,s.o./p.p. 751,7.55,,s
824,3,"moor, mrs. (beila)",female,27.0,0,1,392096,12.475,e121,s
791,3,"keane, mr. andrew ""andy""",male,,0,0,12460,7.75,,q
612,3,"jardin, mr. jose neto",male,,0,0,soton/o.q. 3101305,7.05,,s
337,1,"pears, mr. thomas clinton",male,29.0,1,0,113776,66.6,c2,s
671,2,"brown, mrs. thomas william solomon (elizabeth catherine ford)",female,40.0,1,1,29750,39.0,,s
815,3,"tomlin, mr. ernest portage",male,30.5,0,0,364499,8.05,,s
424,3,"danbom, mrs. ernst gilbert (anna sigrid maria brogren)",female,28.0,1,1,347080,14.4,,s
28,1,"fortune, mr. charles alexander",male,19.0,3,2,19950,263.0,c23 c25 c27,s
346,2,"brown, miss. amelia ""mildred""",female,24.0,0,0,248733,13.0,f33,s
101,3,"petranec, miss. matilda",female,28.0,0,0,349245,7.8958,,s
9,3,"johnson, mrs. oscar w (elisabeth vilhelmina berg)",female,27.0,0,2,347742,11.1333,,s
677,3,"sawyer, mr. frederick charles",male,24.5,0,0,342826,8.05,,s
697,3,"kelly, mr. james",male,44.0,0,0,363592,8.05,,s
238,2,"collyer, miss. marjorie ""lottie""",female,8.0,0,2,c.a. 31921,26.25,,s
82,3,"sheerlinck, mr. jan baptist",male,29.0,0,0,345779,9.5,,s
278,2,"parkes, mr. francis ""frank""",male,,0,0,239853,0.0,,s
730,3,"ilmakangas, miss. pieta sofia",female,25.0,1,0,ston/o2. 3101271,7.925,,s
650,3,"stanley, miss. amy zillah elsie",female,23.0,0,0,ca. 2314,7.55,,s
681,3,"peters, miss. katie",female,,0,0,330935,8.1375,,q
51,3,"panula, master. juha niilo",male,7.0,4,1,3101295,39.6875,,s
255,3,"rosblom, mrs. viktor (helena wilhelmina)",female,41.0,0,2,370129,20.2125,,s
34,2,"wheadon, mr. edward h",male,66.0,0,0,c.a. 24579,10.5,,s
472,3,"cacic, mr. luka",male,38.0,0,0,315089,8.6625,,s
876,3,"najib, miss. adele kiamie ""jane""",female,15.0,0,0,2667,7.225,,c
751,2,"wells, miss. joan",female,4.0,1,1,29103,23.0,,s
113,3,"barton, mr. david john",male,22.0,0,0,324669,8.05,,s
370,1,"aubart, mme. leontine pauline",female,24.0,0,0,pc 17477,69.3,b35,c
419,2,"matthews, mr. william john",male,30.0,0,0,28228,13.0,,s
661,1,"frauenthal, dr. henry william",male,50.0,2,0,pc 17611,133.65,,s
24,1,"sloper, mr. william thompson",male,28.0,0,0,113788,35.5,a6,s
462,3,"morley, mr. william",male,34.0,0,0,364506,8.05,,s
262,3,"asplund, master. edvin rojj felix",male,3.0,4,2,347077,31.3875,,s
120,3,"andersson, miss. ellis anna maria",female,2.0,4,2,347082,31.275,,s
886,3,"rice, mrs. william (margaret norton)",female,39.0,0,5,382652,29.125,,q
547,2,"beane, mrs. edward (ethel clarke)",female,19.0,1,0,2908,26.0,,s
645,3,"baclini, miss. eugenie",female,0.75,2,1,2666,19.2583,,c
50,3,"arnold-franchi, mrs. josef (josefine franchi)",female,18.0,1,0,349237,17.8,,s
510,3,"lang, mr. fang",male,26.0,0,0,1601,56.4958,,s
367,1,"warren, mrs. frank manley (anna sophia atkinson)",female,60.0,1,0,110813,75.25,d37,c
832,2,"richards, master. george sibley",male,0.83,1,1,29106,18.75,,s
271,1,"cairns, mr. alexander",male,,0,0,113798,31.0,,s
698,3,"mullens, miss. katherine ""katie""",female,,0,0,35852,7.7333,,q
480,3,"hirvonen, miss. hildur e",female,2.0,0,1,3101298,12.2875,,s
544,2,"beane, mr. edward",male,32.0,1,0,2908,26.0,,s
105,3,"gustafsson, mr. anders vilhelm",male,37.0,2,0,3101276,7.925,,s
52,3,"nosworthy, mr. richard cater",male,21.0,0,0,a/4. 39886,7.8,,s
8,3,"palsson, master. gosta leonard",male,2.0,3,1,349909,21.075,,s
214,2,"givard, mr. hans kristensen",male,30.0,0,0,250646,13.0,,s
117,3,"connors, mr. patrick",male,70.5,0,0,370369,7.75,,q
852,3,"svensson, mr. johan",male,74.0,0,0,347060,7.775,,s
543,3,"andersson, miss. sigrid elisabeth",female,11.0,4,2,347082,31.275,,s
562,3,"sivic, mr. husein",male,40.0,0,0,349251,7.8958,,s
194,2,"navratil, master. michel m",male,3.0,1,1,230080,26.0,f2,s
789,3,"dean, master. bertram vere",male,1.0,1,2,c.a. 2315,20.575,,s
23,3,"mcgowan, miss. anna ""annie""",female,15.0,0,0,330923,8.0292,,q
239,2,"pengelly, mr. frederick william",male,19.0,0,0,28665,10.5,,s
319,1,"wick, miss. mary natalie",female,31.0,0,2,36928,164.8667,c7,s
382,3,"nakid, miss. maria (""mary"")",female,1.0,0,2,2653,15.7417,,c
151,2,"bateman, rev. robert james",male,51.0,0,0,s.o.p. 1166,12.525,,s
517,2,"lemore, mrs. (amelia milley)",female,34.0,0,0,c.a. 34260,10.5,f33,s
577,2,"garside, miss. ethel",female,34.0,0,0,243880,13.0,,s
747,3,"abbott, mr. rossmore edward",male,16.0,1,1,c.a. 2673,20.25,,s
306,1,"allison, master. hudson trevor",male,0.92,1,2,113781,151.55,c22 c26,s
328,2,"ball, mrs. (ada e hall)",female,36.0,0,0,28551,13.0,d,s
446,1,"dodge, master. washington",male,4.0,0,2,33638,81.8583,a34,s
840,1,"marechal, mr. pierre",male,,0,0,11774,29.7,c47,c
631,1,"barkworth, mr. algernon henry wilson",male,80.0,0,0,27042,30.0,a23,s
779,3,"kilgannon, mr. thomas j",male,,0,0,36865,7.7375,,q
246,1,"minahan, dr. william edward",male,44.0,2,0,19928,90.0,c78,q
856,3,"aks, mrs. sam (leah rosen)",female,18.0,0,1,392091,9.35,,s
360,3,"mockler, miss. helen mary ""ellie""",female,,0,0,330980,7.8792,,q
378,1,"widener, mr. harry elkins",male,27.0,0,2,113503,211.5,c82,c
344,2,"sedgwick, mr. charles frederick waddington",male,25.0,0,0,244361,13.0,,s
530,2,"hocking, mr. richard george",male,23.0,2,1,29104,11.5,,s
20,3,"masselmani, mrs. fatima",female,,0,0,2649,7.225,,c
795,3,"dantcheff, mr. ristiu",male,25.0,0,0,349203,7.8958,,s
877,3,"gustafsson, mr. alfred ossian",male,20.0,0,0,7534,9.8458,,s
821,1,"hays, mrs. charles melville (clara jennings gregg)",female,52.0,1,1,12749,93.5,b69,s
514,1,"rothschild, mrs. martin (elizabeth l. barrett)",female,54.0,1,0,pc 17603,59.4,,c
574,3,"kelly, miss. mary",female,,0,0,14312,7.75,,q
525,3,"kassem, mr. fared",male,,0,0,2700,7.2292,,c
79,2,"caldwell, master. alden gates",male,0.83,0,2,248738,29.0,,s
722,3,"jensen, mr. svend lauritz",male,17.0,1,0,350048,7.0542,,s
880,1,"potter, mrs. thomas jr (lily alexenia wilson)",female,56.0,0,1,11767,83.1583,c50,c
3,3,"heikkinen, miss. laina",female,26.0,0,0,ston/o2. 3101282,7.925,,s
157,3,"gilnagh, miss. katherine ""katie""",female,16.0,0,0,35851,7.7333,,q
295,3,"mineff, mr. ivan",male,24.0,0,0,349233,7.8958,,s
377,3,"landergren, miss. aurora adelia",female,22.0,0,0,c 7077,7.25,,s
313,2,"lahtinen, mrs. william (anna sylfven)",female,26.0,1,1,250651,26.0,,s
90,3,"celotti, mr. francesco",male,24.0,0,0,343275,8.05,,s
320,1,"spedden, mrs. frederic oakley (margaretta corning stone)",female,40.0,1,1,16966,134.5,e34,c
11,3,"sandstrom, miss. marguerite rut",female,4.0,1,1,pp 9549,16.7,g6,s
420,3,"van impe, miss. catharina",female,10.0,0,2,345773,24.15,,s
516,1,"walker, mr. william anderson",male,47.0,0,0,36967,34.0208,d46,s
589,3,"gilinski, mr. eliezer",male,22.0,0,0,14973,8.05,,s
290,3,"connolly, miss. kate",female,22.0,0,0,370373,7.75,,q
108,3,"moss, mr. albert johan",male,,0,0,312991,7.775,,s
29,3,"o'dwyer, miss. ellen ""nellie""",female,,0,0,330959,7.8792,,q
347,2,"smith, miss. marion elsie",female,40.0,0,0,31418,13.0,,s
520,3,"pavlovic, mr. stefo",male,32.0,0,0,349242,7.8958,,s
676,3,"edvardsson, mr. gustaf hjalmar",male,18.0,0,0,349912,7.775,,s
413,1,"minahan, miss. daisy e",female,33.0,1,0,19928,90.0,c78,q
132,3,"coelho, mr. domingos fernandeo",male,20.0,0,0,soton/o.q. 3101307,7.05,,s
637,3,"leinonen, mr. antti gustaf",male,32.0,0,0,ston/o 2. 3101292,7.925,,s
773,2,"mack, mrs. (mary)",female,57.0,0,0,s.o./p.p. 3,10.5,e77,s
568,3,"palsson, mrs. nils (alma cornelia berglund)",female,29.0,0,4,349909,21.075,,s
109,3,"rekic, mr. tido",male,38.0,0,0,349249,7.8958,,s
492,3,"windelov, mr. einar",male,21.0,0,0,soton/oq 3101317,7.25,,s
136,2,"richard, mr. emile",male,23.0,0,0,sc/paris 2133,15.0458,,c
198,3,"olsen, mr. karl siegwart andreas",male,42.0,0,1,4579,8.4042,,s
13,3,"saundercock, mr. william henry",male,20.0,0,0,a/5. 2151,8.05,,s
879,3,"laleff, mr. kristo",male,,0,0,349217,7.8958,,s
610,1,"shutes, miss. elizabeth w",female,40.0,0,0,pc 17582,153.4625,c125,s
49,3,"samaan, mr. youssef",male,,2,0,2662,21.6792,,c
4,1,"futrelle, mrs. jacques heath (lily may peel)",female,35.0,1,0,113803,53.1,c123,s
323,2,"slayter, miss. hilda mary",female,30.0,0,0,234818,12.35,,q
126,3,"nicola-yarred, master. elias",male,12.0,1,0,2651,11.2417,,c
487,1,"hoyt, mrs. frederick maxfield (jane anne forby)",female,35.0,1,0,19943,90.0,c93,s
230,3,"lefebre, miss. mathilde",female,,3,1,4133,25.4667,,s
626,1,"sutton, mr. frederick",male,61.0,0,0,36963,32.3208,d50,s
83,3,"mcdermott, miss. brigdet delia",female,,0,0,330932,7.7875,,q
590,3,"murdlin, mr. joseph",male,,0,0,a./5. 3235,8.05,,s
686,2,"laroche, mr. joseph philippe lemercier",male,25.0,1,2,sc/paris 2123,41.5792,,c
535,3,"cacic, miss. marija",female,30.0,0,0,315084,8.6625,,s
688,3,"dakic, mr. branko",male,19.0,0,0,349228,10.1708,,s
792,2,"gaskell, mr. alfred",male,16.0,0,0,239865,26.0,,s
883,3,"dahlberg, miss. gerda ulrika",female,22.0,0,0,7552,10.5167,,s
583,2,"downton, mr. william james",male,54.0,0,0,28403,26.0,,s
721,2,"harper, miss. annie jessie ""nina""",female,6.0,0,1,248727,33.0,,s
212,2,"cameron, miss. clear annie",female,35.0,0,0,f.c.c. 13528,21.0,,s
691,1,"dick, mr. albert adrian",male,31.0,1,0,17474,57.0,b20,s
673,2,"mitchell, mr. henry michael",male,70.0,0,0,c.a. 24580,10.5,,s
32,1,"spencer, mrs. william augustus (marie eugenie)",female,,1,0,pc 17569,146.5208,b78,c
797,1,"leader, dr. alice (farnham)",female,49.0,0,0,17465,25.9292,d17,s
872,1,"beckwith, mrs. richard leonard (sallie monypeny)",female,47.0,1,1,11751,52.5542,d35,s
242,3,"murphy, miss. katherine ""kate""",female,,1,0,367230,15.5,,q
467,2,"campbell, mr. william",male,,0,0,239853,0.0,,s
447,2,"mellinger, miss. madeleine violet",female,13.0,0,1,250644,19.5,,s
591,3,"rintamaki, mr. matti",male,35.0,0,0,ston/o 2. 3101273,7.125,,s
606,3,"lindell, mr. edvard bengtsson",male,36.0,1,0,349910,15.55,,s
552,2,"sharp, mr. percival james r",male,27.0,0,0,244358,26.0,,s
484,3,"turkula, mrs. (hedwig)",female,63.0,0,0,4134,9.5875,,s
675,2,"watson, mr. ennis hastings",male,,0,0,239856,0.0,,s
263,1,"taussig, mr. emil",male,52.0,1,1,110413,79.65,e67,s
615,3,"brocklebank, mr. william alfred",male,35.0,0,0,364512,8.05,,s
641,3,"jensen, mr. hans peder",male,20.0,0,0,350050,7.8542,,s
609,2,"laroche, mrs. joseph (juliette marie louise lafargue)",female,22.0,1,2,sc/paris 2123,41.5792,,c
841,3,"alhomaki, mr. ilmari rudolf",male,20.0,0,0,soton/o2 3101287,7.925,,s
548,2,"padro y manent, mr. julian",male,,0,0,sc/paris 2146,13.8625,,c
76,3,"moen, mr. sigurd hansen",male,25.0,0,0,348123,7.65,f g73,s
596,3,"van impe, mr. jean baptiste",male,36.0,1,1,345773,24.15,,s
175,1,"smith, mr. james clinch",male,56.0,0,0,17764,30.6958,a7,c
392,3,"jansson, mr. carl olof",male,21.0,0,0,350034,7.7958,,s
156,1,"williams, mr. charles duane",male,51.0,0,1,pc 17597,61.3792,,c
859,3,"baclini, mrs. solomon (latifa qurban)",female,24.0,0,3,2666,19.2583,,c
332,1,"partner, mr. austen",male,45.5,0,0,113043,28.5,c124,s
554,3,"leeni, mr. fahim (""philip zenni"")",male,22.0,0,0,2620,7.225,,c
433,2,"louch, mrs. charles alexander (alice adelaide slow)",female,42.0,1,0,sc/ah 3085,26.0,,s
404,3,"hakkarainen, mr. pekka pietari",male,28.0,1,0,ston/o2. 3101279,15.85,,s
226,3,"berglund, mr. karl ivar sven",male,22.0,0,0,pp 4348,9.35,,s
869,3,"van melkebeke, mr. philemon",male,,0,0,345777,9.5,,s
375,3,"palsson, miss. stina viola",female,3.0,3,1,349909,21.075,,s
878,3,"petroff, mr. nedelio",male,19.0,0,0,349212,7.8958,,s
564,3,"simmons, mr. john",male,,0,0,soton/oq 392082,8.05,,s
736,3,"williams, mr. leslie",male,28.5,0,0,54636,16.1,,s
177,3,"lefebre, master. henry forbes",male,,3,1,4133,25.4667,,s
737,3,"ford, mrs. edward (margaret ann watson)",female,48.0,1,3,w./c. 6608,34.375,,s
640,3,"thorneycroft, mr. percival",male,,1,0,376564,16.1,,s
363,3,"barbara, mrs. (catherine david)",female,45.0,0,1,2691,14.4542,,c
135,2,"sobey, mr. samuel james hayden",male,25.0,0,0,c.a. 29178,13.0,,s
122,3,"moore, mr. leonard charles",male,,0,0,a4. 54510,8.05,,s
667,2,"butler, mr. reginald fenton",male,25.0,0,0,234686,13.0,,s
493,1,"molson, mr. harry markland",male,55.0,0,0,113787,30.5,c30,s
276,1,"andrews, miss. kornelia theodosia",female,63.0,1,0,13502,77.9583,d7,s
166,3,"goldsmith, master. frank john william ""frankie""",male,9.0,0,2,363291,20.525,,s
199,3,"madigan, miss. margaret ""maggie""",female,,0,0,370370,7.75,,q
396,3,"johansson, mr. erik",male,22.0,0,0,350052,7.7958,,s
297,3,"hanna, mr. mansour",male,23.5,0,0,2693,7.2292,,c
674,2,"wilhelms, mr. charles",male,31.0,0,0,244270,13.0,,s
380,3,"gustafsson, mr. karl gideon",male,19.0,0,0,347069,7.775,,s
708,1,"calderhead, mr. edward pennington",male,42.0,0,0,pc 17476,26.2875,e24,s
639,3,"panula, mrs. juha (maria emilia ojala)",female,41.0,0,5,3101295,39.6875,,s
407,3,"widegren, mr. carl/charles peter",male,51.0,0,0,347064,7.75,,s
27,3,"emir, mr. farred chehab",male,,0,0,2631,7.225,,c
654,3,"o'leary, miss. hanora ""norah""",female,,0,0,330919,7.8292,,q
441,2,"hart, mrs. benjamin (esther ada bloomfield)",female,45.0,1,1,f.c.c. 13529,26.25,,s
248,2,"hamalainen, mrs. william (anna)",female,24.0,0,2,250649,14.5,,s
393,3,"gustafsson, mr. johan birger",male,28.0,2,0,3101277,7.925,,s
408,2,"richards, master. william rowe",male,3.0,1,1,29106,18.75,,s
196,1,"lurette, miss. elise",female,58.0,0,0,pc 17569,146.5208,b80,c
651,3,"mitkoff, mr. mito",male,,0,0,349221,7.8958,,s
39,3,"vander planke, miss. augusta maria",female,18.0,2,0,345764,18.0,,s
85,2,"ilett, miss. bertha",female,17.0,0,0,so/c 14885,10.5,,s
546,1,"nicholson, mr. arthur ernest",male,64.0,0,0,693,26.0,,s
819,3,"holm, mr. john fredrik alexander",male,43.0,0,0,c 7075,6.45,,s
168,3,"skoog, mrs. william (anna bernhardina karlsson)",female,45.0,1,4,347088,27.9,,s
422,3,"charters, mr. david",male,21.0,0,0,a/5. 13032,7.7333,,q
683,3,"olsvigen, mr. thor anderson",male,20.0,0,0,6563,9.225,,s
488,1,"kent, mr. edward austin",male,58.0,0,0,11771,29.7,b37,c
565,3,"meanwell, miss. (marion ogden)",female,,0,0,soton/o.q. 392087,8.05,,s
412,3,"hart, mr. henry",male,,0,0,394140,6.8583,,q
303,3,"johnson, mr. william cahoone jr",male,19.0,0,0,line,0.0,,s
322,3,"danoff, mr. yoto",male,27.0,0,0,349219,7.8958,,s
93,1,"chaffee, mr. herbert fuller",male,46.0,1,0,w.e.p. 5734,61.175,e31,s
428,2,"phillips, miss. kate florence (""mrs kate louise phillips marshall"")",female,19.0,0,0,250655,26.0,,s
508,1,"bradley, mr. george (""george arthur brayton"")",male,,0,0,111427,26.55,,s
141,3,"boulos, mrs. joseph (sultana)",female,,0,2,2678,15.2458,,c
403,3,"jussila, miss. mari aina",female,21.0,1,0,4137,9.825,,s
44,2,"laroche, miss. simonne marie anne andree",female,3.0,1,2,sc/paris 2123,41.5792,,c
391,1,"carter, mr. william ernest",male,36.0,1,2,113760,120.0,b96 b98,s
659,2,"eitemiller, mr. george floyd",male,23.0,0,0,29751,13.0,,s
245,3,"attalah, mr. sleiman",male,30.0,0,0,2694,7.225,,c
178,1,"isham, miss. ann elizabeth",female,50.0,0,0,pc 17595,28.7125,c49,c
765,3,"eklund, mr. hans linus",male,16.0,0,0,347074,7.775,,s
638,2,"collyer, mr. harvey",male,31.0,1,1,c.a. 31921,26.25,,s
361,3,"skoog, mr. wilhelm",male,40.0,1,4,347088,27.9,,s
318,2,"moraweck, dr. ernest",male,54.0,0,0,29011,14.0,,s
632,3,"lundahl, mr. johan svensson",male,51.0,0,0,347743,7.0542,,s
849,2,"harper, rev. john",male,28.0,0,1,248727,33.0,,s
466,3,"goncalves, mr. manuel estanslas",male,38.0,0,0,soton/o.q. 3101306,7.05,,s
666,2,"hickman, mr. lewis",male,32.0,2,0,s.o.c. 14879,73.5,,s
416,3,"meek, mrs. thomas (annie louise rowley)",female,,0,0,343095,8.05,,s
475,3,"strandberg, miss. ida sofia",female,22.0,0,0,7553,9.8375,,s
114,3,"jussila, miss. katriina",female,20.0,1,0,4136,9.825,,s
159,3,"smiljanic, mr. mile",male,,0,0,315037,8.6625,,s
74,3,"chronopoulos, mr. apostolos",male,26.0,1,0,2680,14.4542,,c
699,1,"thayer, mr. john borland",male,49.0,1,1,17421,110.8833,c68,c
423,3,"zimmerman, mr. leo",male,29.0,0,0,315082,7.875,,s
155,3,"olsen, mr. ole martin",male,,0,0,fa 265302,7.3125,,s
563,2,"norman, mr. robert douglas",male,28.0,0,0,218629,13.5,,s
54,2,"faunthorpe, mrs. lizzie (elizabeth anne wilkinson)",female,29.0,1,0,2926,26.0,,s
486,3,"lefebre, miss. jeannie",female,,3,1,4133,25.4667,,s
468,1,"smart, mr. john montgomery",male,56.0,0,0,113792,26.55,,s
17,3,"rice, master. eugene",male,2.0,4,1,382652,29.125,,q
739,3,"ivanoff, mr. kanio",male,,0,0,349201,7.8958,,s
183,3,"asplund, master. clarence gustaf hugo",male,9.0,4,2,347077,31.3875,,s
259,1,"ward, miss. anna",female,35.0,0,0,pc 17755,512.3292,,c
373,3,"beavan, mr. william thomas",male,19.0,0,0,323951,8.05,,s
720,3,"johnson, mr. malkolm joackim",male,33.0,0,0,347062,7.775,,s
693,3,"lam, mr. ali",male,,0,0,1601,56.4958,,s
31,1,"uruchurtu, don. manuel e",male,40.0,0,0,pc 17601,27.7208,,c
356,3,"vanden steen, mr. leo peter",male,28.0,0,0,345783,9.5,,s
164,3,"calic, mr. jovo",male,17.0,0,0,315093,8.6625,,s
529,3,"salonen, mr. johan werner",male,39.0,0,0,3101296,7.925,,s
372,3,"wiklund, mr. jakob alfred",male,18.0,1,0,3101267,6.4958,,s
16,2,"hewlett, mrs. (mary d kingcome) ",female,55.0,0,0,248706,16.0,,s
218,2,"jacobsohn, mr. sidney samuel",male,42.0,1,0,243847,27.0,,s
573,1,"flynn, mr. john irwin (""irving"")",male,36.0,0,0,pc 17474,26.3875,e25,s
873,1,"carlsson, mr. frans olof",male,33.0,0,0,695,5.0,b51 b53 b55,s
767,1,"brewe, dr. arthur jackson",male,,0,0,112379,39.6,,c
366,3,"adahl, mr. mauritz nils martin",male,30.0,0,0,c 7076,7.25,,s
275,3,"healy, miss. hanora ""nora""",female,,0,0,370375,7.75,,q
70,3,"kink, mr. vincenz",male,26.0,2,0,315151,8.6625,,s
19,3,"vander planke, mrs. julius (emelia maria vandemoortele)",female,31.0,1,0,345763,18.0,,s
776,3,"myhrman, mr. pehr fabian oliver malkolm",male,18.0,0,0,347078,7.75,,s
489,3,"somerton, mr. francis william",male,30.0,0,0,a.5. 18509,8.05,,s
250,2,"carter, rev. ernest courtenay",male,54.0,1,0,244252,26.0,,s
833,3,"saad, mr. amin",male,,0,0,2671,7.2292,,c
658,3,"bourke, mrs. john (catherine)",female,32.0,1,1,364849,15.5,,q
270,1,"bissette, miss. amelia",female,35.0,0,0,pc 17760,135.6333,c99,s
866,2,"bystrom, mrs. (karolina)",female,42.0,0,0,236852,13.0,,s
559,1,"taussig, mrs. emil (tillie mandelbaum)",female,39.0,1,1,110413,79.65,e67,s
490,3,"coutts, master. eden leslie ""neville""",male,9.0,1,1,c.a. 37671,15.9,,s
809,2,"meyer, mr. august",male,39.0,0,0,248723,13.0,,s
67,2,"nye, mrs. (elizabeth ramell)",female,29.0,0,0,c.a. 29395,10.5,f33,s
351,3,"odahl, mr. nils martin",male,23.0,0,0,7267,9.225,,s
437,3,"ford, miss. doolina margaret ""daisy""",female,21.0,2,2,w./c. 6608,34.375,,s
707,2,"kelly, mrs. florence ""fannie""",female,45.0,0,0,223596,13.5,,s
729,2,"bryhl, mr. kurt arnold gottfrid",male,25.0,1,0,236853,26.0,,s
147,3,"andersson, mr. august edvard (""wennerstrom"")",male,27.0,0,0,350043,7.7958,,s
474,2,"jerwan, mrs. amin s (marie marthe thuillard)",female,23.0,0,0,sc/ah basle 541,13.7917,d,c
219,1,"bazzani, miss. albina",female,32.0,0,0,11813,76.2917,d15,c
774,3,"elias, mr. dibo",male,,0,0,2674,7.225,,c
506,1,"penasco y castellana, mr. victor de satode",male,18.0,1,0,pc 17758,108.9,c65,c
232,3,"larsson, mr. bengt edvin",male,29.0,0,0,347067,7.775,,s
418,2,"silven, miss. lyyli karoliina",female,18.0,0,2,250652,13.0,,s
783,1,"long, mr. milton clyde",male,29.0,0,0,113501,30.0,d6,s
369,3,"jermyn, miss. annie",female,,0,0,14313,7.75,,q
550,2,"davies, master. john morgan jr",male,8.0,1,1,c.a. 33112,36.75,,s
174,3,"sivola, mr. antti wilhelm",male,21.0,0,0,ston/o 2. 3101280,7.925,,s
107,3,"salkjelsvik, miss. anna kristine",female,21.0,0,0,343120,7.65,,s
557,1,"duff gordon, lady. (lucille christiana sutherland) (""mrs morgan"")",female,48.0,1,0,11755,39.6,a16,c
158,3,"corn, mr. harry",male,30.0,0,0,soton/oq 392090,8.05,,s
788,3,"rice, master. george hugh",male,8.0,4,1,382652,29.125,,q
128,3,"madsen, mr. fridtjof arne",male,24.0,0,0,c 17369,7.1417,,s
180,3,"leonard, mr. lionel",male,36.0,0,0,line,0.0,,s
77,3,"staneff, mr. ivan",male,,0,0,349208,7.8958,,s
829,3,"mccormack, mr. thomas joseph",male,,0,0,367228,7.75,,q
469,3,"scanlan, mr. james",male,,0,0,36209,7.725,,q
233,2,"sjostedt, mr. ernst adolf",male,59.0,0,0,237442,13.5,,s
312,1,"ryerson, miss. emily borie",female,18.0,2,2,pc 17608,262.375,b57 b59 b63 b66,c
717,1,"endres, miss. caroline louise",female,38.0,0,0,pc 17757,227.525,c45,c
700,3,"humblen, mr. adolf mathias nicolai olsen",male,42.0,0,0,348121,7.65,f g63,s
711,1,"mayne, mlle. berthe antonine (""mrs de villiers"")",female,24.0,0,0,pc 17482,49.5042,c90,c
116,3,"pekoniemi, mr. edvard",male,21.0,0,0,ston/o 2. 3101294,7.925,,s
348,3,"davison, mrs. thomas henry (mary e finck)",female,,1,0,386525,16.1,,s
405,3,"oreskovic, miss. marija",female,20.0,0,0,315096,8.6625,,s
731,1,"allen, miss. elisabeth walton",female,29.0,0,0,24160,211.3375,b5,s
220,2,"harris, mr. walter",male,30.0,0,0,w/c 14208,10.5,,s
251,3,"reed, mr. james george",male,,0,0,362316,7.25,,s
507,2,"quick, mrs. frederick charles (jane richards)",female,33.0,0,2,26360,26.0,,s
