PassengerId,Pclass,Name,Sex,Age,SibSp,Parch,Ticket,Fare,Cabin,Embarked
686,2,"laroche, mr. joseph philippe lemercier",male,25.0,1,2,sc/paris 2123,41.5792,,c
478,3,"braund, mr. lewis richard",male,29.0,1,0,3460,7.0458,,s
16,2,"hewlett, mrs. (mary d kingcome) ",female,55.0,0,0,248706,16.0,,s
314,3,"hendekovic, mr. ignjac",male,28.0,0,0,349243,7.8958,,s
29,3,"o'dwyer, miss. ellen ""nellie""",female,,0,0,330959,7.8792,,q
418,2,"silven, miss. lyyli karoliina",female,18.0,0,2,250652,13.0,,s
474,2,"jerwan, mrs. amin s (marie marthe thuillard)",female,23.0,0,0,sc/ah basle 541,13.7917,d,c
426,3,"wiseman, mr. phillippe",male,,0,0,a/4. 34244,7.25,,s
425,3,"rosblom, mr. viktor richard",male,18.0,1,1,370129,20.2125,,s
780,1,"robert, mrs. edward scott (elisabeth walton mcmillan)",female,43.0,0,1,24160,211.3375,b3,s
220,2,"harris, mr. walter",male,30.0,0,0,w/c 14208,10.5,,s
546,1,"nicholson, mr. arthur ernest",male,64.0,0,0,693,26.0,,s
291,1,"barber, miss. ellen ""nellie""",female,26.0,0,0,19877,78.85,,s
211,3,"ali, mr. ahmed",male,24.0,0,0,soton/o.q. 3101311,7.05,,s
317,2,"kantor, mrs. sinai (miriam sternin)",female,24.0,1,0,244367,26.0,,s
536,2,"hart, miss. eva miriam",female,7.0,0,2,f.c.c. 13529,26.25,,s
851,3,"andersson, master. sigvard harald elias",male,4.0,4,2,347082,31.275,,s
424,3,"danbom, mrs. ernst gilbert (anna sigrid maria brogren)",female,28.0,1,1,347080,14.4,,s
468,1,"smart, mr. john montgomery",male,56.0,0,0,113792,26.55,,s
723,2,"gillespie, mr. william henry",male,34.0,0,0,12233,13.0,,s
308,1,"penasco y castellana, mrs. victor de satode (maria josefa perez de soto y vallejo)",female,17.0,1,0,pc 17758,108.9,c65,c
287,3,"de mulder, mr. theodore",male,30.0,0,0,345774,9.5,,s
104,3,"johansson, mr. gustaf joel",male,33.0,0,0,7540,8.6542,,s
23,3,"mcgowan, miss. anna ""annie""",female,15.0,0,0,330923,8.0292,,q
28,1,"fortune, mr. charles alexander",male,19.0,3,2,19950,263.0,c23 c25 c27,s
703,3,"barbara, miss. saiide",female,18.0,0,1,2691,14.4542,,c
396,3,"johansson, mr. erik",male,22.0,0,0,350052,7.7958,,s
93,1,"chaffee, mr. herbert fuller",male,46.0,1,0,w.e.p. 5734,61.175,e31,s
442,3,"hampe, mr. leon",male,20.0,0,0,345769,9.5,,s
769,3,"moran, mr. daniel j",male,,1,0,371110,24.15,,q
229,2,"fahlstrom, mr. arne jonas",male,18.0,0,0,236171,13.0,,s
796,2,"otter, mr. richard",male,39.0,0,0,28213,13.0,,s
322,3,"danoff, mr. yoto",male,27.0,0,0,349219,7.8958,,s
142,3,"nysten, miss. anna sofia",female,22.0,0,0,347081,7.75,,s
191,2,"pinsky, mrs. (rosa)",female,32.0,0,0,234604,13.0,,s
409,3,"birkeland, mr. hans martin monsen",male,21.0,0,0,312992,7.775,,s
680,1,"cardeza, mr. thomas drake martinez",male,36.0,0,1,pc 17755,512.3292,b51 b53 b55,c
530,2,"hocking, mr. richard george",male,23.0,2,1,29104,11.5,,s
748,2,"sinkkonen, miss. anna",female,30.0,0,0,250648,13.0,,s
606,3,"lindell, mr. edvard bengtsson",male,36.0,1,0,349910,15.55,,s
342,1,"fortune, miss. alice elizabeth",female,24.0,3,2,19950,263.0,c23 c25 c27,s
705,3,"hansen, mr. henrik juul",male,26.0,1,0,350025,7.8542,,s
115,3,"attalah, miss. malake",female,17.0,0,0,2627,14.4583,,c
385,3,"plotcharsky, mr. vasil",male,,0,0,349227,7.8958,,s
505,1,"maioni, miss. roberta",female,16.0,0,0,110152,86.5,b79,s
443,3,"petterson, mr. johan emil",male,25.0,1,0,347076,7.775,,s
320,1,"spedden, mrs. frederic oakley (margaretta corning stone)",female,40.0,1,1,16966,134.5,e34,c
400,2,"trout, mrs. william h (jessie l)",female,28.0,0,0,240929,12.65,,s
464,2,"milling, mr. jacob christian",male,48.0,0,0,234360,13.0,,s
14,3,"andersson, mr. anders johan",male,39.0,1,5,347082,31.275,,s
416,3,"meek, mrs. thomas (annie louise rowley)",female,,0,0,343095,8.05,,s
389,3,"sadlier, mr. matthew",male,,0,0,367655,7.7292,,q
774,3,"elias, mr. dibo",male,,0,0,2674,7.225,,c
6,3,"moran, mr. james",male,,0,0,330877,8.4583,,q
284,3,"dorking, mr. edward arthur",male,19.0,0,0,a/5. 10482,8.05,,s
329,3,"goldsmith, mrs. frank john (emily alice brown)",female,31.0,1,1,363291,20.525,,s
362,2,"del carlo, mr. sebastiano",male,29.0,1,0,sc/paris 2167,27.7208,,c
296,1,"lewy, mr. ervin g",male,,0,0,pc 17612,27.7208,,c
742,1,"cavendish, mr. tyrell william",male,36.0,1,0,19877,78.85,c46,s
48,3,"o'driscoll, miss. bridget",female,,0,0,14311,7.75,,q
145,2,"andrew, mr. edgardo samuel",male,18.0,0,0,231945,11.5,,s
482,2,"frost, mr. anthony wood ""archie""",male,,0,0,239854,0.0,,s
477,2,"renouf, mr. peter henry",male,34.0,1,0,31027,21.0,,s
281,3,"duane, mr. frank",male,65.0,0,0,336439,7.75,,q
330,1,"hippach, miss. jean gertrude",female,16.0,0,1,111361,57.9792,b18,c
736,3,"williams, mr. leslie",male,28.5,0,0,54636,16.1,,s
879,3,"laleff, mr. kristo",male,,0,0,349217,7.8958,,s
368,3,"moussa, mrs. (mantoura boulos)",female,,0,0,2626,7.2292,,c
356,3,"vanden steen, mr. leo peter",male,28.0,0,0,345783,9.5,,s
511,3,"daly, mr. eugene patrick",male,29.0,0,0,382651,7.75,,q
700,3,"humblen, mr. adolf mathias nicolai olsen",male,42.0,0,0,348121,7.65,f g63,s
846,3,"abbing, mr. anthony",male,42.0,0,0,c.a. 5547,7.55,,s
737,3,"ford, mrs. edward (margaret ann watson)",female,48.0,1,3,w./c. 6608,34.375,,s
375,3,"palsson, miss. stina viola",female,3.0,3,1,349909,21.075,,s
264,1,"harrison, mr. william",male,40.0,0,0,112059,0.0,b94,s
871,3,"balkic, mr. cerin",male,26.0,0,0,349248,7.8958,,s
849,2,"harper, rev. john",male,28.0,0,1,248727,33.0,,s
438,2,"richards, mrs. sidney (emily hocking)",female,24.0,2,3,29106,18.75,,s
269,1,"graham, mrs. william thompson (edith junkins)",female,58.0,0,1,pc 17582,153.4625,c125,s
71,2,"jenkin, mr. stephen curnow",male,32.0,0,0,c.a. 33111,10.5,,s
272,3,"tornquist, mr. william henry",male,25.0,0,0,line,0.0,,s
485,1,"bishop, mr. dickinson h",male,25.0,1,0,11967,91.0792,b49,c
634,1,"parr, mr. william henry marsh",male,,0,0,112052,0.0,,s
152,1,"pears, mrs. thomas (edith wearne)",female,22.0,1,0,113776,66.6,c2,s
123,2,"nasser, mr. nicholas",male,32.5,1,0,237736,30.0708,,c
880,1,"potter, mrs. thomas jr (lily alexenia wilson)",female,56.0,0,1,11767,83.1583,c50,c
859,3,"baclini, mrs. solomon (latifa qurban)",female,24.0,0,3,2666,19.2583,,c
108,3,"moss, mr. albert johan",male,,0,0,312991,7.775,,s
333,1,"graham, mr. george edward",male,38.0,0,1,pc 17582,153.4625,c91,s
107,3,"salkjelsvik, miss. anna kristine",female,21.0,0,0,343120,7.65,,s
440,2,"kvillner, mr. johan henrik johannesson",male,31.0,0,0,c.a. 18723,10.5,,s
258,1,"cherry, miss. gladys",female,30.0,0,0,110152,86.5,b77,s
632,3,"lundahl, mr. johan svensson",male,51.0,0,0,347743,7.0542,,s
799,3,"ibrahim shawah, mr. yousseff",male,30.0,0,0,2685,7.2292,,c
254,3,"lobb, mr. william arthur",male,30.0,1,0,a/5. 3336,16.1,,s
563,2,"norman, mr. robert douglas",male,28.0,0,0,218629,13.5,,s
473,2,"west, mrs. edwy arthur (ada mary worth)",female,33.0,1,2,c.a. 34651,27.75,,s
313,2,"lahtinen, mrs. william (anna sylfven)",female,26.0,1,1,250651,26.0,,s
11,3,"sandstrom, miss. marguerite rut",female,4.0,1,1,pp 9549,16.7,g6,s
267,3,"panula, mr. ernesti arvid",male,16.0,4,1,3101295,39.6875,,s
612,3,"jardin, mr. jose neto",male,,0,0,soton/o.q. 3101305,7.05,,s
480,3,"hirvonen, miss. hildur e",female,2.0,0,1,3101298,12.2875,,s
270,1,"bissette, miss. amelia",female,35.0,0,0,pc 17760,135.6333,c99,s
62,1,"icard, miss. amelie",female,38.0,0,0,113572,80.0,b28,
148,3,"ford, miss. robina maggie ""ruby""",female,9.0,2,2,w./c. 6608,34.375,,s
615,3,"brocklebank, mr. william alfred",male,35.0,0,0,364512,8.05,,s
387,3,"goodwin, master. sidney leonard",male,1.0,5,2,ca 2144,46.9,,s
631,1,"barkworth, mr. algernon henry wilson",male,80.0,0,0,27042,30.0,a23,s
858,1,"daly, mr. peter denis ",male,51.0,0,0,113055,26.55,e17,s
312,1,"ryerson, miss. emily borie",female,18.0,2,2,pc 17608,262.375,b57 b59 b63 b66,c
231,1,"harris, mrs. henry birkhardt (irene wallach)",female,35.0,1,0,36973,83.475,c83,s
105,3,"gustafsson, mr. anders vilhelm",male,37.0,2,0,3101276,7.925,,s
656,2,"hickman, mr. leonard mark",male,24.0,2,0,s.o.c. 14879,73.5,,s
623,3,"nakid, mr. sahid",male,20.0,1,1,2653,15.7417,,c
299,1,"saalfeld, mr. adolphe",male,,0,0,19988,30.5,c106,s
388,2,"buss, miss. kate",female,36.0,0,0,27849,13.0,,s
253,1,"stead, mr. william thomas",male,62.0,0,0,113514,26.55,c87,s
500,3,"svensson, mr. olof",male,24.0,0,0,350035,7.7958,,s
46,3,"rogers, mr. william john",male,,0,0,s.c./a.4. 23567,8.05,,s
136,2,"richard, mr. emile",male,23.0,0,0,sc/paris 2133,15.0458,,c
629,3,"bostandyeff, mr. guentcho",male,26.0,0,0,349224,7.8958,,s
720,3,"johnson, mr. malkolm joackim",male,33.0,0,0,347062,7.775,,s
745,3,"stranden, mr. juho",male,31.0,0,0,ston/o 2. 3101288,7.925,,s
428,2,"phillips, miss. kate florence (""mrs kate louise phillips marshall"")",female,19.0,0,0,250655,26.0,,s
573,1,"flynn, mr. john irwin (""irving"")",male,36.0,0,0,pc 17474,26.3875,e25,s
344,2,"sedgwick, mr. charles frederick waddington",male,25.0,0,0,244361,13.0,,s
509,3,"olsen, mr. henry margido",male,28.0,0,0,c 4001,22.525,,s
60,3,"goodwin, master. william frederick",male,11.0,5,2,ca 2144,46.9,,s
647,3,"cor, mr. liudevit",male,19.0,0,0,349231,7.8958,,s
533,3,"elias, mr. joseph jr",male,17.0,1,1,2690,7.2292,,c
300,1,"baxter, mrs. james (helene delaudeniere chaput)",female,50.0,0,1,pc 17558,247.5208,b58 b60,c
826,3,"flynn, mr. john",male,,0,0,368323,6.95,,q
571,2,"harris, mr. george",male,62.0,0,0,s.w./pp 752,10.5,,s
782,1,"dick, mrs. albert adrian (vera gillespie)",female,17.0,1,0,17474,57.0,b20,s
303,3,"johnson, mr. william cahoone jr",male,19.0,0,0,line,0.0,,s
566,3,"davies, mr. alfred j",male,24.0,2,0,a/4 48871,24.15,,s
572,1,"appleton, mrs. edward dale (charlotte lamson)",female,53.0,2,0,11769,51.4792,c101,s
716,3,"soholt, mr. peter andreas lauritz andersen",male,19.0,0,0,348124,7.65,f g73,s
225,1,"hoyt, mr. frederick maxfield",male,38.0,1,0,19943,90.0,c93,s
567,3,"stoytcheff, mr. ilia",male,19.0,0,0,349205,7.8958,,s
205,3,"cohen, mr. gurshon ""gus""",male,18.0,0,0,a/5 3540,8.05,,s
795,3,"dantcheff, mr. ristiu",male,25.0,0,0,349203,7.8958,,s
235,2,"leyson, mr. robert william norman",male,24.0,0,0,c.a. 29566,10.5,,s
641,3,"jensen, mr. hans peder",male,20.0,0,0,350050,7.8542,,s
568,3,"palsson, mrs. nils (alma cornelia berglund)",female,29.0,0,4,349909,21.075,,s
486,3,"lefebre, miss. jeannie",female,,3,1,4133,25.4667,,s
675,2,"watson, mr. ennis hastings",male,,0,0,239856,0.0,,s
662,3,"badt, mr. mohamed",male,40.0,0,0,2623,7.225,,c
99,2,"doling, mrs. john t (ada julia bone)",female,34.0,0,1,231919,23.0,,s
847,3,"sage, mr. douglas bullen",male,,8,2,ca. 2343,69.55,,s
763,3,"barah, mr. hanna assi",male,20.0,0,0,2663,7.2292,,c
843,1,"serepeca, miss. augusta",female,30.0,0,0,113798,31.0,,c
197,3,"mernagh, mr. robert",male,,0,0,368703,7.75,,q
741,1,"hawksford, mr. walter james",male,,0,0,16988,30.0,d45,s
814,3,"andersson, miss. ebba iris alfrida",female,6.0,4,2,347082,31.275,,s
712,1,"klaber, mr. herman",male,,0,0,113028,26.55,c124,s
575,3,"rush, mr. alfred george john",male,16.0,0,0,a/4. 20589,8.05,,s
36,1,"holverson, mr. alexander oskar",male,42.0,1,0,113789,52.0,,s
321,3,"dennis, mr. samuel",male,22.0,0,0,a/5 21172,7.25,,s
20,3,"masselmani, mrs. fatima",female,,0,0,2649,7.225,,c
792,2,"gaskell, mr. alfred",male,16.0,0,0,239865,26.0,,s
764,1,"carter, mrs. william ernest (lucile polk)",female,36.0,1,2,113760,120.0,b96 b98,s
535,3,"cacic, miss. marija",female,30.0,0,0,315084,8.6625,,s
637,3,"leinonen, mr. antti gustaf",male,32.0,0,0,ston/o 2. 3101292,7.925,,s
841,3,"alhomaki, mr. ilmari rudolf",male,20.0,0,0,soton/o2 3101287,7.925,,s
158,3,"corn, mr. harry",male,30.0,0,0,soton/oq 392090,8.05,,s
651,3,"mitkoff, mr. mito",male,,0,0,349221,7.8958,,s
406,2,"gale, mr. shadrach",male,34.0,1,0,28664,21.0,,s
55,1,"ostby, mr. engelhart cornelius",male,65.0,0,1,113509,61.9792,b30,c
752,3,"moor, master. meier",male,6.0,0,1,392096,12.475,e121,s
885,3,"sutehall, mr. henry jr",male,25.0,0,0,soton/oq 392076,7.05,,s
98,1,"greenfield, mr. william bertram",male,23.0,0,1,pc 17759,63.3583,d10 d12,c
475,3,"strandberg, miss. ida sofia",female,22.0,0,0,7553,9.8375,,s
642,1,"sagesser, mlle. emma",female,24.0,0,0,pc 17477,69.3,b35,c
411,3,"sdycoff, mr. todor",male,,0,0,349222,7.8958,,s
836,1,"compton, miss. sara rebecca",female,39.0,1,1,pc 17756,83.1583,e49,c
551,1,"thayer, mr. john borland jr",male,17.0,0,2,17421,110.8833,c70,c
658,3,"bourke, mrs. john (catherine)",female,32.0,1,1,364849,15.5,,q
502,3,"canavan, miss. mary",female,21.0,0,0,364846,7.75,,q
213,3,"perkin, mr. john henry",male,22.0,0,0,a/5 21174,7.25,,s
117,3,"connors, mr. patrick",male,70.5,0,0,370369,7.75,,q
639,3,"panula, mrs. juha (maria emilia ojala)",female,41.0,0,5,3101295,39.6875,,s
499,1,"allison, mrs. hudson j c (bessie waldo daniels)",female,25.0,1,2,113781,151.55,c22 c26,s
195,1,"brown, mrs. james joseph (margaret tobin)",female,44.0,0,0,pc 17610,27.7208,b4,c
87,3,"ford, mr. william neal",male,16.0,1,3,w./c. 6608,34.375,,s
44,2,"laroche, miss. simonne marie anne andree",female,3.0,1,2,sc/paris 2123,41.5792,,c
862,2,"giles, mr. frederick edward",male,21.0,1,0,28134,11.5,,s
422,3,"charters, mr. david",male,21.0,0,0,a/5. 13032,7.7333,,q
470,3,"baclini, miss. helene barbara",female,0.75,2,1,2666,19.2583,,c
644,3,"foo, mr. choong",male,,0,0,1601,56.4958,,s
392,3,"jansson, mr. carl olof",male,21.0,0,0,350034,7.7958,,s
787,3,"sjoblom, miss. anna sofia",female,18.0,0,0,3101265,7.4958,,s
316,3,"nilsson, miss. helmina josefina",female,26.0,0,0,347470,7.8542,,s
150,2,"byles, rev. thomas roussel davids",male,42.0,0,0,244310,13.0,,s
891,3,"dooley, mr. patrick",male,32.0,0,0,370376,7.75,,q
196,1,"lurette, miss. elise",female,58.0,0,0,pc 17569,146.5208,b80,c
419,2,"matthews, mr. william john",male,30.0,0,0,28228,13.0,,s
185,3,"kink-heilmann, miss. luise gretchen",female,4.0,0,2,315153,22.025,,s
562,3,"sivic, mr. husein",male,40.0,0,0,349251,7.8958,,s
542,3,"andersson, miss. ingeborg constanzia",female,9.0,4,2,347082,31.275,,s
732,3,"hassan, mr. houssein g n",male,11.0,0,0,2699,18.7875,,c
4,1,"futrelle, mrs. jacques heath (lily may peel)",female,35.0,1,0,113803,53.1,c123,s
164,3,"calic, mr. jovo",male,17.0,0,0,315093,8.6625,,s
109,3,"rekic, mr. tido",male,38.0,0,0,349249,7.8958,,s
96,3,"shorney, mr. charles joseph",male,,0,0,374910,8.05,,s
652,2,"doling, miss. elsie",female,18.0,0,1,231919,23.0,,s
455,3,"peduzzi, mr. joseph",male,,0,0,a/5 2817,8.05,,s
34,2,"wheadon, mr. edward h",male,66.0,0,0,c.a. 24579,10.5,,s
770,3,"gronnestad, mr. daniel danielsen",male,32.0,0,0,8471,8.3625,,s
650,3,"stanley, miss. amy zillah elsie",female,23.0,0,0,ca. 2314,7.55,,s
599,3,"boulos, mr. hanna",male,,0,0,2664,7.225,,c
398,2,"mckane, mr. peter david",male,46.0,0,0,28403,26.0,,s
431,1,"bjornstrom-steffansson, mr. mauritz hakan",male,28.0,0,0,110564,26.55,c52,s
265,3,"henry, miss. delia",female,,0,0,382649,7.75,,q
77,3,"staneff, mr. ivan",male,,0,0,349208,7.8958,,s
134,2,"weisz, mrs. leopold (mathilde francoise pede)",female,29.0,1,0,228414,26.0,,s
215,3,"kiernan, mr. philip",male,,1,0,367229,7.75,,q
10,2,"nasser, mrs. nicholas (adele achem)",female,14.0,1,0,237736,30.0708,,c
692,3,"karun, miss. manca",female,4.0,0,1,349256,13.4167,,c
454,1,"goldenberg, mr. samuel l",male,49.0,1,0,17453,89.1042,c92,c
348,3,"davison, mrs. thomas henry (mary e finck)",female,,1,0,386525,16.1,,s
50,3,"arnold-franchi, mrs. josef (josefine franchi)",female,18.0,1,0,349237,17.8,,s
355,3,"yousif, mr. wazli",male,,0,0,2647,7.225,,c
521,1,"perreault, miss. anne",female,30.0,0,0,12749,93.5,b73,s
56,1,"woolner, mr. hugh",male,,0,0,19947,35.5,c52,s
157,3,"gilnagh, miss. katherine ""katie""",female,16.0,0,0,35851,7.7333,,q
508,1,"bradley, mr. george (""george arthur brayton"")",male,,0,0,111427,26.55,,s
497,1,"eustis, miss. elizabeth mussey",female,54.0,1,0,36947,78.2667,d20,c
588,1,"frolicher-stehli, mr. maxmillian",male,60.0,1,1,13567,79.2,b41,c
1,3,"braund, mr. owen harris",male,22.0,1,0,a/5 21171,7.25,,s
138,1,"futrelle, mr. jacques heath",male,37.0,1,0,113803,53.1,c123,s
354,3,"arnold-franchi, mr. josef",male,25.0,1,0,349237,17.8,,s
602,3,"slabenoff, mr. petco",male,,0,0,349214,7.8958,,s
82,3,"sheerlinck, mr. jan baptist",male,29.0,0,0,345779,9.5,,s
156,1,"williams, mr. charles duane",male,51.0,0,1,pc 17597,61.3792,,c
305,3,"williams, mr. howard hugh ""harry""",male,,0,0,a/5 2466,8.05,,s
663,1,"colley, mr. edward pomeroy",male,47.0,0,0,5727,25.5875,e58,s
760,1,"rothes, the countess. of (lucy noel martha dyer-edwards)",female,33.0,0,0,110152,86.5,b77,s
463,1,"gee, mr. arthur h",male,47.0,0,0,111320,38.5,e63,s
677,3,"sawyer, mr. frederick charles",male,24.5,0,0,342826,8.05,,s
73,2,"hood, mr. ambrose jr",male,21.0,0,0,s.o.c. 14879,73.5,,s
410,3,"lefebre, miss. ida",female,,3,1,4133,25.4667,,s
578,1,"silvey, mrs. william baird (alice munger)",female,39.0,1,0,13507,55.9,e44,s
461,1,"anderson, mr. harry",male,48.0,0,0,19952,26.55,e12,s
188,1,"romaine, mr. charles hallace (""mr c rolmane"")",male,45.0,0,0,111428,26.55,,s
186,1,"rood, mr. hugh roscoe",male,,0,0,113767,50.0,a32,s
523,3,"lahoud, mr. sarkis",male,,0,0,2624,7.225,,c
394,1,"newell, miss. marjorie",female,23.0,1,0,35273,113.275,d36,c
45,3,"devaney, miss. margaret delia",female,19.0,0,0,330958,7.8792,,q
39,3,"vander planke, miss. augusta maria",female,18.0,2,0,345764,18.0,,s
69,3,"andersson, miss. erna alexandra",female,17.0,4,2,3101281,7.925,,s
341,2,"navratil, master. edmond roger",male,2.0,1,1,230080,26.0,f2,s
144,3,"burke, mr. jeremiah",male,19.0,0,0,365222,6.75,,q
626,1,"sutton, mr. frederick",male,61.0,0,0,36963,32.3208,d50,s
8,3,"palsson, master. gosta leonard",male,2.0,3,1,349909,21.075,,s
622,1,"kimball, mr. edwin nelson jr",male,42.0,1,0,11753,52.5542,d19,s
357,1,"bowerman, miss. elsie edith",female,22.0,0,1,113505,55.0,e33,s
286,3,"stankovic, mr. ivan",male,33.0,0,0,349239,8.6625,,c
37,3,"mamee, mr. hanna",male,,0,0,2677,7.2292,,c
183,3,"asplund, master. clarence gustaf hugo",male,9.0,4,2,347077,31.3875,,s
817,3,"heininen, miss. wendla maria",female,23.0,0,0,ston/o2. 3101290,7.925,,s
830,1,"stone, mrs. george nelson (martha evelyn)",female,62.0,0,0,113572,80.0,b28,
863,1,"swift, mrs. frederick joel (margaret welles barron)",female,48.0,0,0,17466,25.9292,d17,s
790,1,"guggenheim, mr. benjamin",male,46.0,0,0,pc 17593,79.2,b82 b84,c
445,3,"johannesen-bratthammer, mr. bernt",male,,0,0,65306,8.1125,,s
75,3,"bing, mr. lee",male,32.0,0,0,1601,56.4958,,s
137,1,"newsom, miss. helen monypeny",female,19.0,0,2,11752,26.2833,d47,s
528,1,"farthing, mr. john",male,,0,0,pc 17483,221.7792,c95,s
306,1,"allison, master. hudson trevor",male,0.92,1,2,113781,151.55,c22 c26,s
596,3,"van impe, mr. jean baptiste",male,36.0,1,1,345773,24.15,,s
111,1,"porter, mr. walter chamberlain",male,47.0,0,0,110465,52.0,c110,s
295,3,"mineff, mr. ivan",male,24.0,0,0,349233,7.8958,,s
866,2,"bystrom, mrs. (karolina)",female,42.0,0,0,236852,13.0,,s
784,3,"johnston, mr. andrew g",male,,1,2,w./c. 6607,23.45,,s
239,2,"pengelly, mr. frederick william",male,19.0,0,0,28665,10.5,,s
90,3,"celotti, mr. francesco",male,24.0,0,0,343275,8.05,,s
83,3,"mcdermott, miss. brigdet delia",female,,0,0,330932,7.7875,,q
18,2,"williams, mr. charles eugene",male,,0,0,244373,13.0,,s
773,2,"mack, mrs. (mary)",female,57.0,0,0,s.o./p.p. 3,10.5,e77,s
70,3,"kink, mr. vincenz",male,26.0,2,0,315151,8.6625,,s
812,3,"lester, mr. james",male,39.0,0,0,a/4 48871,24.15,,s
21,2,"fynney, mr. joseph j",male,35.0,0,0,239865,26.0,,s
874,3,"vander cruyssen, mr. victor",male,47.0,0,0,345765,9.0,,s
323,2,"slayter, miss. hilda mary",female,30.0,0,0,234818,12.35,,q
801,2,"ponesell, mr. martin",male,34.0,0,0,250647,13.0,,s
249,1,"beckwith, mr. richard leonard",male,37.0,1,1,11751,52.5542,d35,s
276,1,"andrews, miss. kornelia theodosia",female,63.0,1,0,13502,77.9583,d7,s
804,3,"thomas, master. assad alexander",male,0.42,0,1,2625,8.5167,,c
168,3,"skoog, mrs. william (anna bernhardina karlsson)",female,45.0,1,4,347088,27.9,,s
665,3,"lindqvist, mr. eino william",male,20.0,1,0,ston/o 2. 3101285,7.925,,s
798,3,"osman, mrs. mara",female,31.0,0,0,349244,8.6833,,s
543,3,"andersson, miss. sigrid elisabeth",female,11.0,4,2,347082,31.275,,s
278,2,"parkes, mr. francis ""frank""",male,,0,0,239853,0.0,,s
149,2,"navratil, mr. michel (""louis m hoffman"")",male,36.5,0,2,230080,26.0,f2,s
555,3,"ohman, miss. velin",female,22.0,0,0,347085,7.775,,s
598,3,"johnson, mr. alfred",male,49.0,0,0,line,0.0,,s
636,2,"davis, miss. mary",female,28.0,0,0,237668,13.0,,s
757,3,"carlsson, mr. august sigfrid",male,28.0,0,0,350042,7.7958,,s
350,3,"dimic, mr. jovan",male,42.0,0,0,315088,8.6625,,s
118,2,"turpin, mr. william john robert",male,29.0,1,0,11668,21.0,,s
170,3,"ling, mr. lee",male,28.0,0,0,1601,56.4958,,s
126,3,"nicola-yarred, master. elias",male,12.0,1,0,2651,11.2417,,c
182,2,"pernot, mr. rene",male,,0,0,sc/paris 2131,15.05,,c
660,1,"newell, mr. arthur webster",male,58.0,0,2,35273,113.275,d48,c
832,2,"richards, master. george sibley",male,0.83,1,1,29106,18.75,,s
38,3,"cann, mr. ernest charles",male,21.0,0,0,a./5. 2152,8.05,,s
565,3,"meanwell, miss. (marion ogden)",female,,0,0,soton/o.q. 392087,8.05,,s
374,1,"ringhini, mr. sante",male,22.0,0,0,pc 17760,135.6333,,c
775,2,"hocking, mrs. elizabeth (eliza needs)",female,54.0,1,3,29105,23.0,,s
232,3,"larsson, mr. bengt edvin",male,29.0,0,0,347067,7.775,,s
864,3,"sage, miss. dorothy edith ""dolly""",female,,8,2,ca. 2343,69.55,,s
610,1,"shutes, miss. elizabeth w",female,40.0,0,0,pc 17582,153.4625,c125,s
133,3,"robins, mrs. alexander a (grace charity laury)",female,47.0,1,0,a/5. 3337,14.5,,s
591,3,"rintamaki, mr. matti",male,35.0,0,0,ston/o 2. 3101273,7.125,,s
840,1,"marechal, mr. pierre",male,,0,0,11774,29.7,c47,c
153,3,"meo, mr. alfonzo",male,55.5,0,0,a.5. 11206,8.05,,s
744,3,"mcnamee, mr. neal",male,24.0,1,0,376566,16.1,,s
370,1,"aubart, mme. leontine pauline",female,24.0,0,0,pc 17477,69.3,b35,c
687,3,"panula, mr. jaako arnold",male,14.0,4,1,3101295,39.6875,,s
694,3,"saad, mr. khalil",male,25.0,0,0,2672,7.225,,c
61,3,"sirayanian, mr. orsen",male,22.0,0,0,2669,7.2292,,c
420,3,"van impe, miss. catharina",female,10.0,0,2,345773,24.15,,s
81,3,"waelens, mr. achille",male,22.0,0,0,345767,9.0,,s
227,2,"mellors, mr. william john",male,19.0,0,0,sw/pp 751,10.5,,s
334,3,"vander planke, mr. leo edmondus",male,16.0,2,0,345764,18.0,,s
827,3,"lam, mr. len",male,,0,0,1601,56.4958,,s
697,3,"kelly, mr. james",male,44.0,0,0,363592,8.05,,s
861,3,"hansen, mr. claus peter",male,41.0,2,0,350026,14.1083,,s
526,3,"farrell, mr. james",male,40.5,0,0,367232,7.75,,q
319,1,"wick, miss. mary natalie",female,31.0,0,2,36928,164.8667,c7,s
190,3,"turcin, mr. stjepan",male,36.0,0,0,349247,7.8958,,s
605,1,"homer, mr. harry (""mr e haven"")",male,35.0,0,0,111426,26.55,,c
401,3,"niskanen, mr. juha",male,39.0,0,0,ston/o 2. 3101289,7.925,,s
434,3,"kallio, mr. nikolai erland",male,17.0,0,0,ston/o 2. 3101274,7.125,,s
124,2,"webber, miss. susan",female,32.5,0,0,27267,13.0,e101,s
469,3,"scanlan, mr. james",male,,0,0,36209,7.725,,q
754,3,"jonkoff, mr. lalio",male,23.0,0,0,349204,7.8958,,s
80,3,"dowdell, miss. elizabeth",female,30.0,0,0,364516,12.475,,s
819,3,"holm, mr. john fredrik alexander",male,43.0,0,0,c 7075,6.45,,s
217,3,"honkanen, miss. eliina",female,27.0,0,0,ston/o2. 3101283,7.925,,s
717,1,"endres, miss. caroline louise",female,38.0,0,0,pc 17757,227.525,c45,c
353,3,"elias, mr. tannous",male,15.0,1,1,2695,7.2292,,c
592,1,"stephenson, mrs. walter bertram (martha eustis)",female,52.0,1,0,36947,78.2667,d20,c
26,3,"asplund, mrs. carl oscar (selma augusta emilia johansson)",female,38.0,1,5,347077,31.3875,,s
517,2,"lemore, mrs. (amelia milley)",female,34.0,0,0,c.a. 34260,10.5,f33,s
122,3,"moore, mr. leonard charles",male,,0,0,a4. 54510,8.05,,s
243,2,"coleridge, mr. reginald charles",male,29.0,0,0,w./c. 14263,10.5,,s
7,1,"mccarthy, mr. timothy j",male,54.0,0,0,17463,51.8625,e46,s
369,3,"jermyn, miss. annie",female,,0,0,14313,7.75,,q
386,2,"davies, mr. charles henry",male,18.0,0,0,s.o.c. 14879,73.5,,s
68,3,"crease, mr. ernest james",male,19.0,0,0,s.p. 3464,8.1583,,s
515,3,"coleff, mr. satio",male,24.0,0,0,349209,7.4958,,s
288,3,"naidenoff, mr. penko",male,22.0,0,0,349206,7.8958,,s
582,1,"thayer, mrs. john borland (marian longstreth morris)",female,39.0,1,1,17421,110.8833,c68,c
393,3,"gustafsson, mr. johan birger",male,28.0,2,0,3101277,7.925,,s
228,3,"lovell, mr. john hall (""henry"")",male,20.5,0,0,a/5 21173,7.25,,s
444,2,"reynaldo, ms. encarnacion",female,28.0,0,0,230434,13.0,,s
759,3,"theobald, mr. thomas leonard",male,34.0,0,0,363294,8.05,,s
437,3,"ford, miss. doolina margaret ""daisy""",female,21.0,2,2,w./c. 6608,34.375,,s
886,3,"rice, mrs. william (margaret norton)",female,39.0,0,5,382652,29.125,,q
638,2,"collyer, mr. harvey",male,31.0,1,1,c.a. 31921,26.25,,s
668,3,"rommetvedt, mr. knud paust",male,,0,0,312993,7.775,,s
358,2,"funk, miss. annie clemmer",female,38.0,0,0,237671,13.0,,s
256,3,"touma, mrs. darwis (hanne youssef razi)",female,29.0,0,2,2650,15.2458,,c
503,3,"o'sullivan, miss. bridget mary",female,,0,0,330909,7.6292,,q
230,3,"lefebre, miss. mathilde",female,,3,1,4133,25.4667,,s
129,3,"peter, miss. anna",female,,1,1,2668,22.3583,f e69,c
47,3,"lennon, mr. denis",male,,1,0,370371,15.5,,q
309,2,"abelson, mr. samuel",male,30.0,1,0,p/pp 3381,24.0,,c
280,3,"abbott, mrs. stanton (rosa hunt)",female,35.0,1,1,c.a. 2673,20.25,,s
202,3,"sage, mr. frederick",male,,8,2,ca. 2343,69.55,,s
701,1,"astor, mrs. john jacob (madeleine talmadge force)",female,18.0,1,0,pc 17757,227.525,c62 c64,c
328,2,"ball, mrs. (ada e hall)",female,36.0,0,0,28551,13.0,d,s
447,2,"mellinger, miss. madeleine violet",female,13.0,0,1,250644,19.5,,s
552,2,"sharp, mr. percival james r",male,27.0,0,0,244358,26.0,,s
490,3,"coutts, master. eden leslie ""neville""",male,9.0,1,1,c.a. 37671,15.9,,s
377,3,"landergren, miss. aurora adelia",female,22.0,0,0,c 7077,7.25,,s
58,3,"novel, mr. mansouer",male,28.5,0,0,2697,7.2292,,c
203,3,"johanson, mr. jakob alfred",male,34.0,0,0,3101264,6.4958,,s
100,2,"kantor, mr. sinai",male,34.0,1,0,244367,26.0,,s
689,3,"fischer, mr. eberhard thelander",male,18.0,0,0,350036,7.7958,,s
498,3,"shellard, mr. frederick william",male,,0,0,c.a. 6212,15.1,,s
724,2,"hodges, mr. henry price",male,50.0,0,0,250643,13.0,,s
746,1,"crosby, capt. edward gifford",male,70.0,1,1,we/p 5735,71.0,b22,s
248,2,"hamalainen, mrs. william (anna)",female,24.0,0,2,250649,14.5,,s
467,2,"campbell, mr. william",male,,0,0,239853,0.0,,s
581,2,"christy, miss. julie rachel",female,25.0,1,1,237789,30.0,,s
807,1,"andrews, mr. thomas jr",male,39.0,0,0,112050,0.0,a36,s
627,2,"kirkland, rev. charles leonard",male,57.0,0,0,219533,12.35,,q
838,3,"sirota, mr. maurice",male,,0,0,392092,8.05,,s
586,1,"taussig, miss. ruth",female,18.0,0,2,110413,79.65,e68,s
139,3,"osen, mr. olaf elon",male,16.0,0,0,7534,9.2167,,s
785,3,"ali, mr. william",male,25.0,0,0,soton/o.q. 3101312,7.05,,s
756,2,"hamalainen, master. viljo",male,0.67,1,1,250649,14.5,,s
811,3,"alexander, mr. william",male,26.0,0,0,3474,7.8875,,s
245,3,"attalah, mr. sleiman",male,30.0,0,0,2694,7.225,,c
279,3,"rice, master. eric",male,7.0,4,1,382652,29.125,,q
682,1,"hassab, mr. hammad",male,27.0,0,0,pc 17572,76.7292,d49,c
544,2,"beane, mr. edward",male,32.0,1,0,2908,26.0,,s
504,3,"laitinen, miss. kristina sofia",female,37.0,0,0,4135,9.5875,,s
870,3,"johnson, master. harold theodor",male,4.0,1,1,347742,11.1333,,s
852,3,"svensson, mr. johan",male,74.0,0,0,347060,7.775,,s
630,3,"o'connell, mr. patrick d",male,,0,0,334912,7.7333,,q
88,3,"slocovski, mr. selman francis",male,,0,0,soton/oq 392086,8.05,,s
875,2,"abelson, mrs. samuel (hannah wizosky)",female,28.0,1,0,p/pp 3381,24.0,,c
873,1,"carlsson, mr. frans olof",male,33.0,0,0,695,5.0,b51 b53 b55,s
585,3,"paulner, mr. uscher",male,,0,0,3411,8.7125,,c
241,3,"zabour, miss. thamine",female,,1,0,2665,14.4542,,c
174,3,"sivola, mr. antti wilhelm",male,21.0,0,0,ston/o 2. 3101280,7.925,,s
684,3,"goodwin, mr. charles edward",male,14.0,5,2,ca 2144,46.9,,s
491,3,"hagland, mr. konrad mathias reiersen",male,,1,0,65304,19.9667,,s
346,2,"brown, miss. amelia ""mildred""",female,24.0,0,0,248733,13.0,f33,s
681,3,"peters, miss. katie",female,,0,0,330935,8.1375,,q
887,2,"montvila, rev. juozas",male,27.0,0,0,211536,13.0,,s
527,2,"ridsdale, miss. lucy",female,50.0,0,0,w./c. 14258,10.5,,s
450,1,"peuchen, major. arthur godfrey",male,52.0,0,0,113786,30.5,c104,s
661,1,"frauenthal, dr. henry william",male,50.0,2,0,pc 17611,133.65,,s
154,3,"van billiard, mr. austin blyler",male,40.5,0,2,a/5. 851,14.5,,s
579,3,"caram, mrs. joseph (maria elias)",female,,1,0,2689,14.4583,,c
501,3,"calic, mr. petar",male,17.0,0,0,315086,8.6625,,s
324,2,"caldwell, mrs. albert francis (sylvia mae harbaugh)",female,22.0,1,1,248738,29.0,,s
172,3,"rice, master. arthur",male,4.0,4,1,382652,29.125,,q
135,2,"sobey, mr. samuel james hayden",male,25.0,0,0,c.a. 29178,13.0,,s
318,2,"moraweck, dr. ernest",male,54.0,0,0,29011,14.0,,s
326,1,"young, miss. marie grice",female,36.0,0,0,pc 17760,135.6333,c32,c
274,1,"natsch, mr. charles h",male,37.0,0,1,pc 17596,29.7,c118,c
184,2,"becker, master. richard f",male,1.0,2,1,230136,39.0,f4,s
451,2,"west, mr. edwy arthur",male,36.0,1,2,c.a. 34651,27.75,,s
114,3,"jussila, miss. katriina",female,20.0,1,0,4136,9.825,,s
653,3,"kalvik, mr. johannes halvorsen",male,21.0,0,0,8475,8.4333,,s
672,1,"davidson, mr. thornton",male,31.0,1,0,f.c. 12750,52.0,b71,s
761,3,"garfirth, mr. john",male,,0,0,358585,14.5,,s
35,1,"meyer, mr. edgar joseph",male,28.0,1,0,pc 17604,82.1708,,c
427,2,"clarke, mrs. charles v (ada maria winfield)",female,28.0,1,0,2003,26.0,,s
667,2,"butler, mr. reginald fenton",male,25.0,0,0,234686,13.0,,s
201,3,"vande walle, mr. nestor cyriel",male,28.0,0,0,345770,9.5,,s
883,3,"dahlberg, miss. gerda ulrika",female,22.0,0,0,7552,10.5167,,s
557,1,"duff gordon, lady. (lucille christiana sutherland) (""mrs morgan"")",female,48.0,1,0,11755,39.6,a16,c
212,2,"cameron, miss. clear annie",female,35.0,0,0,f.c.c. 13528,21.0,,s
554,3,"leeni, mr. fahim (""philip zenni"")",male,22.0,0,0,2620,7.225,,c
534,3,"peter, mrs. catherine (catherine rizk)",female,,0,2,2668,22.3583,,c
487,1,"hoyt, mrs. frederick maxfield (jane anne forby)",female,35.0,1,0,19943,90.0,c93,s
619,2,"becker, miss. marion louise",female,4.0,2,1,230136,39.0,f4,s
367,1,"warren, mrs. frank manley (anna sophia atkinson)",female,60.0,1,0,110813,75.25,d37,c
514,1,"rothschild, mrs. martin (elizabeth l. barrett)",female,54.0,1,0,pc 17603,59.4,,c
151,2,"bateman, rev. robert james",male,51.0,0,0,s.o.p. 1166,12.525,,s
132,3,"coelho, mr. domingos fernandeo",male,20.0,0,0,soton/o.q. 3101307,7.05,,s
250,2,"carter, rev. ernest courtenay",male,54.0,1,0,244252,26.0,,s
194,2,"navratil, master. michel m",male,3.0,1,1,230080,26.0,f2,s
512,3,"webber, mr. james",male,,0,0,soton/oq 3101316,8.05,,s
711,1,"mayne, mlle. berthe antonine (""mrs de villiers"")",female,24.0,0,0,pc 17482,49.5042,c90,c
583,2,"downton, mr. william james",male,54.0,0,0,28403,26.0,,s
803,1,"carter, master. william thornton ii",male,11.0,1,2,113760,120.0,b96 b98,s
614,3,"horgan, mr. john",male,,0,0,370377,7.75,,q
869,3,"van melkebeke, mr. philemon",male,,0,0,345777,9.5,,s
266,2,"reeves, mr. david",male,36.0,0,0,c.a. 17248,10.5,,s
856,3,"aks, mrs. sam (leah rosen)",female,18.0,0,1,392091,9.35,,s
519,2,"angle, mrs. william a (florence ""mary"" agnes hughes)",female,36.0,1,0,226875,26.0,,s
193,3,"andersen-jensen, miss. carla christine nielsine",female,19.0,1,0,350046,7.8542,,s
40,3,"nicola-yarred, miss. jamila",female,14.0,1,0,2651,11.2417,,c
815,3,"tomlin, mr. ernest portage",male,30.5,0,0,364499,8.05,,s
809,2,"meyer, mr. august",male,39.0,0,0,248723,13.0,,s
758,2,"bailey, mr. percy andrew",male,18.0,0,0,29108,11.5,,s
645,3,"baclini, miss. eugenie",female,0.75,2,1,2666,19.2583,,c
177,3,"lefebre, master. henry forbes",male,,3,1,4133,25.4667,,s
206,3,"strom, miss. telma matilda",female,2.0,0,1,347054,10.4625,g6,s
244,3,"maenpaa, mr. matti alexanteri",male,22.0,0,0,ston/o 2. 3101275,7.125,,s
210,1,"blank, mr. henry",male,40.0,0,0,112277,31.0,a31,c
882,3,"markun, mr. johann",male,33.0,0,0,349257,7.8958,,s
67,2,"nye, mrs. (elizabeth ramell)",female,29.0,0,0,c.a. 29395,10.5,f33,s
620,2,"gavey, mr. lawrence",male,26.0,0,0,31028,10.5,,s
76,3,"moen, mr. sigurd hansen",male,25.0,0,0,348123,7.65,f g73,s
155,3,"olsen, mr. ole martin",male,,0,0,fa 265302,7.3125,,s
359,3,"mcgovern, miss. mary",female,,0,0,330931,7.8792,,q
161,3,"cribb, mr. john hatfield",male,44.0,0,1,371362,16.1,,s
635,3,"skoog, miss. mabel",female,9.0,3,2,347088,27.9,,s
714,3,"larsson, mr. august viktor",male,29.0,0,0,7545,9.4833,,s
403,3,"jussila, miss. mari aina",female,21.0,1,0,4137,9.825,,s
800,3,"van impe, mrs. jean baptiste (rosalie paula govaert)",female,30.0,1,1,345773,24.15,,s
727,2,"renouf, mrs. peter henry (lillian jefferys)",female,30.0,3,0,31027,21.0,,s
391,1,"carter, mr. william ernest",male,36.0,1,2,113760,120.0,b96 b98,s
43,3,"kraeff, mr. theodor",male,,0,0,349253,7.8958,,c
125,1,"white, mr. percival wayland",male,54.0,0,1,35281,77.2875,d26,s
481,3,"goodwin, master. harold victor",male,9.0,5,2,ca 2144,46.9,,s
143,3,"hakkarainen, mrs. pekka pietari (elin matilda dolck)",female,24.0,1,0,ston/o2. 3101279,15.85,,s
808,3,"pettersson, miss. ellen natalia",female,18.0,0,0,347087,7.775,,s
218,2,"jacobsohn, mr. sidney samuel",male,42.0,1,0,243847,27.0,,s
813,2,"slemen, mr. richard james",male,35.0,0,0,28206,10.5,,s
30,3,"todoroff, mr. lalio",male,,0,0,349216,7.8958,,s
33,3,"glynn, miss. mary agatha",female,,0,0,335677,7.75,,q
850,1,"goldenberg, mrs. samuel l (edwiga grabowska)",female,,1,0,17453,89.1042,c92,c
298,1,"allison, miss. helen loraine",female,2.0,1,2,113781,151.55,c22 c26,s
492,3,"windelov, mr. einar",male,21.0,0,0,soton/oq 3101317,7.25,,s
837,3,"pasic, mr. jakob",male,21.0,0,0,315097,8.6625,,s
233,2,"sjostedt, mr. ernst adolf",male,59.0,0,0,237442,13.5,,s
726,3,"oreskovic, mr. luka",male,20.0,0,0,315094,8.6625,,s
167,1,"chibnall, mrs. (edith martha bowerman)",female,,0,1,113505,55.0,e33,s
558,1,"robbins, mr. victor",male,,0,0,pc 17757,227.525,,c
361,3,"skoog, mr. wilhelm",male,40.0,1,4,347088,27.9,,s
822,3,"lulic, mr. nikola",male,27.0,0,0,315098,8.6625,,s
222,2,"bracken, mr. james h",male,27.0,0,0,220367,13.0,,s
560,3,"de messemaeker, mrs. guillaume joseph (emma)",female,36.0,1,0,345572,17.4,,s
97,1,"goldschmidt, mr. george b",male,71.0,0,0,pc 17754,34.6542,a5,c
240,2,"hunt, mr. george henry",male,33.0,0,0,sco/w 1585,12.275,,s
624,3,"hansen, mr. henry damsgaard",male,21.0,0,0,350029,7.8542,,s
162,2,"watt, mrs. james (elizabeth ""bessie"" inglis milne)",female,40.0,0,0,c.a. 33595,15.75,,s
820,3,"skoog, master. karl thorsten",male,10.0,3,2,347088,27.9,,s
537,1,"butt, major. archibald willingham",male,45.0,0,0,113050,26.55,b38,s
768,3,"mangan, miss. mary",female,30.5,0,0,364850,7.75,,q
828,2,"mallet, master. andre",male,1.0,0,2,s.c./paris 2079,37.0042,,c
130,3,"ekstrom, mr. johan",male,45.0,0,0,347061,6.975,,s
366,3,"adahl, mr. mauritz nils martin",male,30.0,0,0,c 7076,7.25,,s
483,3,"rouse, mr. richard henry",male,50.0,0,0,a/5 3594,8.05,,s
835,3,"allum, mr. owen george",male,18.0,0,0,2223,8.3,,s
332,1,"partner, mr. austen",male,45.5,0,0,113043,28.5,c124,s
574,3,"kelly, miss. mary",female,,0,0,14312,7.75,,q
818,2,"mallet, mr. albert",male,31.0,1,1,s.c./paris 2079,37.0042,,c
433,2,"louch, mrs. charles alexander (alice adelaide slow)",female,42.0,1,0,sc/ah 3085,26.0,,s
506,1,"penasco y castellana, mr. victor de satode",male,18.0,1,0,pc 17758,108.9,c65,c
171,1,"van der hoef, mr. wyckoff",male,61.0,0,0,111240,33.5,b19,s
395,3,"sandstrom, mrs. hjalmar (agnes charlotta bengtsson)",female,24.0,0,2,pp 9549,16.7,g6,s
733,2,"knight, mr. robert j",male,,0,0,239855,0.0,,s
449,3,"baclini, miss. marie catherine",female,5.0,2,1,2666,19.2583,,c
360,3,"mockler, miss. helen mary ""ellie""",female,,0,0,330980,7.8792,,q
889,3,"johnston, miss. catherine helen ""carrie""",female,,1,2,w./c. 6607,23.45,,s
556,1,"wright, mr. george",male,62.0,0,0,113807,26.55,,s
283,3,"de pelsmaeker, mr. alfons",male,16.0,0,0,345778,9.5,,s
688,3,"dakic, mr. branko",male,19.0,0,0,349228,10.1708,,s
617,3,"danbom, mr. ernst gilbert",male,34.0,1,1,347080,14.4,,s
865,2,"gill, mr. john william",male,24.0,0,0,233866,13.0,,s
246,1,"minahan, dr. william edward",male,44.0,2,0,19928,90.0,c78,q
643,3,"skoog, miss. margit elizabeth",female,2.0,3,2,347088,27.9,,s
547,2,"beane, mrs. edward (ethel clarke)",female,19.0,1,0,2908,26.0,,s
378,1,"widener, mr. harry elkins",male,27.0,0,2,113503,211.5,c82,c
877,3,"gustafsson, mr. alfred ossian",male,20.0,0,0,7534,9.8458,,s
207,3,"backstrom, mr. karl alfred",male,32.0,1,0,3101278,15.85,,s
734,2,"berriman, mr. william john",male,23.0,0,0,28425,13.0,,s
423,3,"zimmerman, mr. leo",male,29.0,0,0,315082,7.875,,s
49,3,"samaan, mr. youssef",male,,2,0,2662,21.6792,,c
484,3,"turkula, mrs. (hedwig)",female,63.0,0,0,4134,9.5875,,s
525,3,"kassem, mr. fared",male,,0,0,2700,7.2292,,c
766,1,"hogeboom, mrs. john c (anna andrews)",female,51.0,1,0,13502,77.9583,d11,s
214,2,"givard, mr. hans kristensen",male,30.0,0,0,250646,13.0,,s
457,1,"millet, mr. francis davis",male,65.0,0,0,13509,26.55,e38,s
580,3,"jussila, mr. eiriik",male,32.0,0,0,ston/o 2. 3101286,7.925,,s
273,2,"mellinger, mrs. (elizabeth anne maidment)",female,41.0,0,1,250644,19.5,,s
121,2,"hickman, mr. stanley george",male,21.0,2,0,s.o.c. 14879,73.5,,s
597,2,"leitch, miss. jessie wills",female,,0,0,248727,33.0,,s
854,1,"lines, miss. mary conover",female,16.0,0,1,pc 17592,39.4,d28,s
204,3,"youseff, mr. gerious",male,45.5,0,0,2628,7.225,,c
289,2,"hosono, mr. masabumi",male,42.0,0,0,237798,13.0,,s
855,2,"carter, mrs. ernest courtenay (lilian hughes)",female,44.0,1,0,244252,26.0,,s
59,2,"west, miss. constance mirium",female,5.0,1,2,c.a. 34651,27.75,,s
669,3,"cook, mr. jacob",male,43.0,0,0,a/5 3536,8.05,,s
549,3,"goldsmith, mr. frank john",male,33.0,1,1,363291,20.525,,s
261,3,"smith, mr. thomas",male,,0,0,384461,7.75,,q
507,2,"quick, mrs. frederick charles (jane richards)",female,33.0,0,2,26360,26.0,,s
390,2,"lehmann, miss. bertha",female,17.0,0,0,sc 1748,12.0,,c
64,3,"skoog, master. harald",male,4.0,3,2,347088,27.9,,s
352,1,"williams-lambert, mr. fletcher fellows",male,,0,0,113510,35.0,c128,s
430,3,"pickard, mr. berk (berk trembisky)",male,32.0,0,0,soton/o.q. 392078,8.05,e10,s
271,1,"cairns, mr. alexander",male,,0,0,113798,31.0,,s
252,3,"strom, mrs. wilhelm (elna matilda persson)",female,29.0,1,1,347054,10.4625,g6,s
131,3,"drazenoic, mr. jozef",male,33.0,0,0,349241,7.8958,,c
335,1,"frauenthal, mrs. henry william (clara heinsheimer)",female,,1,0,pc 17611,133.65,,s
621,3,"yasbeck, mr. antoni",male,27.0,1,0,2659,14.4542,,c
166,3,"goldsmith, master. frank john william ""frankie""",male,9.0,0,2,363291,20.525,,s
297,3,"hanna, mr. mansour",male,23.5,0,0,2693,7.2292,,c
655,3,"hegarty, miss. hanora ""nora""",female,18.0,0,0,365226,6.75,,q
607,3,"karaic, mr. milan",male,30.0,0,0,349246,7.8958,,s
277,3,"lindblom, miss. augusta charlotta",female,45.0,0,0,347073,7.75,,s
86,3,"backstrom, mrs. karl alfred (maria mathilda gustafsson)",female,33.0,3,0,3101278,15.85,,s
53,1,"harper, mrs. henry sleeper (myna haxtun)",female,49.0,1,0,pc 17572,76.7292,d33,c
66,3,"moubarek, master. gerios",male,,1,1,2661,15.2458,,c
405,3,"oreskovic, miss. marija",female,20.0,0,0,315096,8.6625,,s
679,3,"goodwin, mrs. frederick (augusta tyler)",female,43.0,1,6,ca 2144,46.9,,s
127,3,"mcmahon, mr. martin",male,,0,0,370372,7.75,,q
550,2,"davies, master. john morgan jr",male,8.0,1,1,c.a. 33112,36.75,,s
292,1,"bishop, mrs. dickinson h (helen walton)",female,19.0,1,0,11967,91.0792,b49,c
802,2,"collyer, mrs. harvey (charlotte annie tate)",female,31.0,1,1,c.a. 31921,26.25,,s
794,1,"hoyt, mr. william fisher",male,,0,0,pc 17600,30.6958,,c
178,1,"isham, miss. ann elizabeth",female,50.0,0,0,pc 17595,28.7125,c49,c
259,1,"ward, miss. anna",female,35.0,0,0,pc 17755,512.3292,,c
722,3,"jensen, mr. svend lauritz",male,17.0,1,0,350048,7.0542,,s
702,1,"silverthorne, mr. spencer victor",male,35.0,0,0,pc 17475,26.2875,e24,s
713,1,"taylor, mr. elmer zebley",male,48.0,1,0,19996,52.0,c126,s
570,3,"jonsson, mr. carl",male,32.0,0,0,350417,7.8542,,s
448,1,"seward, mr. frederic kimber",male,34.0,0,0,113794,26.55,,s
471,3,"keefe, mr. arthur",male,,0,0,323592,7.25,,s
165,3,"panula, master. eino viljami",male,1.0,4,1,3101295,39.6875,,s
513,1,"mcgough, mr. james robert",male,36.0,0,0,pc 17473,26.2875,e25,s
372,3,"wiklund, mr. jakob alfred",male,18.0,1,0,3101267,6.4958,,s
415,3,"sundman, mr. johan julian",male,44.0,0,0,ston/o 2. 3101269,7.925,,s
439,1,"fortune, mr. mark",male,64.0,1,4,19950,263.0,c23 c25 c27,s
453,1,"foreman, mr. benjamin laventall",male,30.0,0,0,113051,27.75,c111,c
57,2,"rugg, miss. emily",female,21.0,0,0,c.a. 31026,10.5,,s
251,3,"reed, mr. james george",male,,0,0,362316,7.25,,s
382,3,"nakid, miss. maria (""mary"")",female,1.0,0,2,2653,15.7417,,c
452,3,"hagland, mr. ingvald olai olsen",male,,1,0,65303,19.9667,,s
823,1,"reuchlin, jonkheer. john george",male,38.0,0,0,19972,0.0,,s
290,3,"connolly, miss. kate",female,22.0,0,0,370373,7.75,,q
234,3,"asplund, miss. lillian gertrud",female,5.0,4,2,347077,31.3875,,s
779,3,"kilgannon, mr. thomas j",male,,0,0,36865,7.7375,,q
282,3,"olsson, mr. nils johan goransson",male,28.0,0,0,347464,7.8542,,s
529,3,"salonen, mr. johan werner",male,39.0,0,0,3101296,7.925,,s
778,3,"emanuel, miss. virginia ethel",female,5.0,0,0,364516,12.475,,s
27,3,"emir, mr. farred chehab",male,,0,0,2631,7.225,,c
219,1,"bazzani, miss. albina",female,32.0,0,0,11813,76.2917,d15,c
373,3,"beavan, mr. william thomas",male,19.0,0,0,323951,8.05,,s
496,3,"yousseff, mr. gerious",male,,0,0,2627,14.4583,,c
729,2,"bryhl, mr. kurt arnold gottfrid",male,25.0,1,0,236853,26.0,,s
516,1,"walker, mr. william anderson",male,47.0,0,0,36967,34.0208,d46,s
302,3,"mccoy, mr. bernard",male,,2,0,367226,23.25,,q
878,3,"petroff, mr. nedelio",male,19.0,0,0,349212,7.8958,,s
263,1,"taussig, mr. emil",male,52.0,1,1,110413,79.65,e67,s
715,2,"greenberg, mr. samuel",male,52.0,0,0,250647,13.0,,s
489,3,"somerton, mr. francis william",male,30.0,0,0,a.5. 18509,8.05,,s
89,1,"fortune, miss. mabel helen",female,23.0,3,2,19950,263.0,c23 c25 c27,s
709,1,"cleaver, miss. alice",female,22.0,0,0,113781,151.55,,s
315,2,"hart, mr. benjamin",male,43.0,1,1,f.c.c. 13529,26.25,,s
730,3,"ilmakangas, miss. pieta sofia",female,25.0,1,0,ston/o2. 3101271,7.925,,s
128,3,"madsen, mr. fridtjof arne",male,24.0,0,0,c 17369,7.1417,,s
524,1,"hippach, mrs. louis albert (ida sophia fischer)",female,44.0,0,1,111361,57.9792,b18,c
725,1,"chambers, mr. norman campbell",male,27.0,1,0,113806,53.1,e8,s
