PassengerId,Pclass,Name,Sex,Age,SibSp,Parch,Ticket,Fare,Cabin,Embarked
34,2,"wheadon, mr. edward h",male,66.0,0,0,c.a. 24579,10.5,,s
147,3,"andersson, mr. august edvard (""wennerstrom"")",male,27.0,0,0,350043,7.7958,,s
1,3,"braund, mr. owen harris",male,22.0,1,0,a/5 21171,7.25,,s
53,1,"harper, mrs. henry sleeper (myna haxtun)",female,49.0,1,0,pc 17572,76.7292,d33,c
825,3,"panula, master. urho abraham",male,2.0,4,1,3101295,39.6875,,s
103,1,"white, mr. richard frasar",male,21.0,0,1,35281,77.2875,d26,s
27,3,"emir, mr. farred chehab",male,,0,0,2631,7.225,,c
797,1,"leader, dr. alice (farnham)",female,49.0,0,0,17465,25.9292,d17,s
222,2,"bracken, mr. james h",male,27.0,0,0,220367,13.0,,s
680,1,"cardeza, mr. thomas drake martinez",male,36.0,0,1,pc 17755,512.3292,b51 b53 b55,c
272,3,"tornquist, mr. william henry",male,25.0,0,0,line,0.0,,s
759,3,"theobald, mr. thomas leonard",male,34.0,0,0,363294,8.05,,s
734,2,"berriman, mr. william john",male,23.0,0,0,28425,13.0,,s
551,1,"thayer, mr. john borland jr",male,17.0,0,2,17421,110.8833,c70,c
202,3,"sage, mr. frederick",male,,8,2,ca. 2343,69.55,,s
62,1,"icard, miss. amelie",female,38.0,0,0,113572,80.0,b28,
120,3,"andersson, miss. ellis anna maria",female,2.0,4,2,347082,31.275,,s
733,2,"knight, mr. robert j",male,,0,0,239855,0.0,,s
781,3,"ayoub, miss. banoura",female,13.0,0,0,2687,7.2292,,c
246,1,"minahan, dr. william edward",male,44.0,2,0,19928,90.0,c78,q
435,1,"silvey, mr. william baird",male,50.0,1,0,13507,55.9,e44,s
71,2,"jenkin, mr. stephen curnow",male,32.0,0,0,c.a. 33111,10.5,,s
695,1,"weir, col. john",male,60.0,0,0,113800,26.55,,s
478,3,"braund, mr. lewis richard",male,29.0,1,0,3460,7.0458,,s
481,3,"goodwin, master. harold victor",male,9.0,5,2,ca 2144,46.9,,s
885,3,"sutehall, mr. henry jr",male,25.0,0,0,soton/oq 392076,7.05,,s
818,2,"mallet, mr. albert",male,31.0,1,1,s.c./paris 2079,37.0042,,c
418,2,"silven, miss. lyyli karoliina",female,18.0,0,2,250652,13.0,,s
441,2,"hart, mrs. benjamin (esther ada bloomfield)",female,45.0,1,1,f.c.c. 13529,26.25,,s
348,3,"davison, mrs. thomas henry (mary e finck)",female,,1,0,386525,16.1,,s
131,3,"drazenoic, mr. jozef",male,33.0,0,0,349241,7.8958,,c
719,3,"mcevoy, mr. michael",male,,0,0,36568,15.5,,q
295,3,"mineff, mr. ivan",male,24.0,0,0,349233,7.8958,,s
508,1,"bradley, mr. george (""george arthur brayton"")",male,,0,0,111427,26.55,,s
155,3,"olsen, mr. ole martin",male,,0,0,fa 265302,7.3125,,s
581,2,"christy, miss. julie rachel",female,25.0,1,1,237789,30.0,,s
877,3,"gustafsson, mr. alfred ossian",male,20.0,0,0,7534,9.8458,,s
269,1,"graham, mrs. william thompson (edith junkins)",female,58.0,0,1,pc 17582,153.4625,c125,s
499,1,"allison, mrs. hudson j c (bessie waldo daniels)",female,25.0,1,2,113781,151.55,c22 c26,s
368,3,"moussa, mrs. (mantoura boulos)",female,,0,0,2626,7.2292,,c
619,2,"becker, miss. marion louise",female,4.0,2,1,230136,39.0,f4,s
610,1,"shutes, miss. elizabeth w",female,40.0,0,0,pc 17582,153.4625,c125,s
38,3,"cann, mr. ernest charles",male,21.0,0,0,a./5. 2152,8.05,,s
360,3,"mockler, miss. helen mary ""ellie""",female,,0,0,330980,7.8792,,q
192,2,"carbines, mr. william",male,19.0,0,0,28424,13.0,,s
139,3,"osen, mr. olaf elon",male,16.0,0,0,7534,9.2167,,s
532,3,"toufik, mr. nakli",male,,0,0,2641,7.2292,,c
125,1,"white, mr. percival wayland",male,54.0,0,1,35281,77.2875,d26,s
280,3,"abbott, mrs. stanton (rosa hunt)",female,35.0,1,1,c.a. 2673,20.25,,s
326,1,"young, miss. marie grice",female,36.0,0,0,pc 17760,135.6333,c32,c
758,2,"bailey, mr. percy andrew",male,18.0,0,0,29108,11.5,,s
468,1,"smart, mr. john montgomery",male,56.0,0,0,113792,26.55,,s
6,3,"moran, mr. james",male,,0,0,330877,8.4583,,q
268,3,"persson, mr. ernst ulrik",male,25.0,1,0,347083,7.775,,s
357,1,"bowerman, miss. elsie edith",female,22.0,0,1,113505,55.0,e33,s
39,3,"vander planke, miss. augusta maria",female,18.0,2,0,345764,18.0,,s
144,3,"burke, mr. jeremiah",male,19.0,0,0,365222,6.75,,q
439,1,"fortune, mr. mark",male,64.0,1,4,19950,263.0,c23 c25 c27,s
198,3,"olsen, mr. karl siegwart andreas",male,42.0,0,1,4579,8.4042,,s
305,3,"williams, mr. howard hugh ""harry""",male,,0,0,a/5 2466,8.05,,s
512,3,"webber, mr. james",male,,0,0,soton/oq 3101316,8.05,,s
754,3,"jonkoff, mr. lalio",male,23.0,0,0,349204,7.8958,,s
880,1,"potter, mrs. thomas jr (lily alexenia wilson)",female,56.0,0,1,11767,83.1583,c50,c
582,1,"thayer, mrs. john borland (marian longstreth morris)",female,39.0,1,1,17421,110.8833,c68,c
846,3,"abbing, mr. anthony",male,42.0,0,0,c.a. 5547,7.55,,s
837,3,"pasic, mr. jakob",male,21.0,0,0,315097,8.6625,,s
605,1,"homer, mr. harry (""mr e haven"")",male,35.0,0,0,111426,26.55,,c
196,1,"lurette, miss. elise",female,58.0,0,0,pc 17569,146.5208,b80,c
145,2,"andrew, mr. edgardo samuel",male,18.0,0,0,231945,11.5,,s
436,1,"carter, miss. lucile polk",female,14.0,1,2,113760,120.0,b96 b98,s
531,2,"quick, miss. phyllis may",female,2.0,1,1,26360,26.0,,s
724,2,"hodges, mr. henry price",male,50.0,0,0,250643,13.0,,s
191,2,"pinsky, mrs. (rosa)",female,32.0,0,0,234604,13.0,,s
157,3,"gilnagh, miss. katherine ""katie""",female,16.0,0,0,35851,7.7333,,q
293,2,"levy, mr. rene jacques",male,36.0,0,0,sc/paris 2163,12.875,d,c
851,3,"andersson, master. sigvard harald elias",male,4.0,4,2,347082,31.275,,s
729,2,"bryhl, mr. kurt arnold gottfrid",male,25.0,1,0,236853,26.0,,s
557,1,"duff gordon, lady. (lucille christiana sutherland) (""mrs morgan"")",female,48.0,1,0,11755,39.6,a16,c
717,1,"endres, miss. caroline louise",female,38.0,0,0,pc 17757,227.525,c45,c
75,3,"bing, mr. lee",male,32.0,0,0,1601,56.4958,,s
97,1,"goldschmidt, mr. george b",male,71.0,0,0,pc 17754,34.6542,a5,c
544,2,"beane, mr. edward",male,32.0,1,0,2908,26.0,,s
882,3,"markun, mr. johann",male,33.0,0,0,349257,7.8958,,s
168,3,"skoog, mrs. william (anna bernhardina karlsson)",female,45.0,1,4,347088,27.9,,s
288,3,"naidenoff, mr. penko",male,22.0,0,0,349206,7.8958,,s
689,3,"fischer, mr. eberhard thelander",male,18.0,0,0,350036,7.7958,,s
317,2,"kantor, mrs. sinai (miriam sternin)",female,24.0,1,0,244367,26.0,,s
17,3,"rice, master. eugene",male,2.0,4,1,382652,29.125,,q
632,3,"lundahl, mr. johan svensson",male,51.0,0,0,347743,7.0542,,s
37,3,"mamee, mr. hanna",male,,0,0,2677,7.2292,,c
678,3,"turja, miss. anna sofia",female,18.0,0,0,4138,9.8417,,s
315,2,"hart, mr. benjamin",male,43.0,1,1,f.c.c. 13529,26.25,,s
476,1,"clifford, mr. george quincy",male,,0,0,110465,52.0,a14,s
620,2,"gavey, mr. lawrence",male,26.0,0,0,31028,10.5,,s
66,3,"moubarek, master. gerios",male,,1,1,2661,15.2458,,c
808,3,"pettersson, miss. ellen natalia",female,18.0,0,0,347087,7.775,,s
207,3,"backstrom, mr. karl alfred",male,32.0,1,0,3101278,15.85,,s
868,1,"roebling, mr. washington augustus ii",male,31.0,0,0,pc 17590,50.4958,a24,s
672,1,"davidson, mr. thornton",male,31.0,1,0,f.c. 12750,52.0,b71,s
771,3,"lievens, mr. rene aime",male,24.0,0,0,345781,9.5,,s
709,1,"cleaver, miss. alice",female,22.0,0,0,113781,151.55,,s
353,3,"elias, mr. tannous",male,15.0,1,1,2695,7.2292,,c
662,3,"badt, mr. mohamed",male,40.0,0,0,2623,7.225,,c
332,1,"partner, mr. austen",male,45.5,0,0,113043,28.5,c124,s
625,3,"bowen, mr. david john ""dai""",male,21.0,0,0,54636,16.1,,s
740,3,"nankoff, mr. minko",male,,0,0,349218,7.8958,,s
456,3,"jalsevac, mr. ivan",male,29.0,0,0,349240,7.8958,,c
464,2,"milling, mr. jacob christian",male,48.0,0,0,234360,13.0,,s
389,3,"sadlier, mr. matthew",male,,0,0,367655,7.7292,,q
443,3,"petterson, mr. johan emil",male,25.0,1,0,347076,7.775,,s
811,3,"alexander, mr. william",male,26.0,0,0,3474,7.8875,,s
700,3,"humblen, mr. adolf mathias nicolai olsen",male,42.0,0,0,348121,7.65,f g63,s
74,3,"chronopoulos, mr. apostolos",male,26.0,1,0,2680,14.4542,,c
106,3,"mionoff, mr. stoytcho",male,28.0,0,0,349207,7.8958,,s
33,3,"glynn, miss. mary agatha",female,,0,0,335677,7.75,,q
297,3,"hanna, mr. mansour",male,23.5,0,0,2693,7.2292,,c
44,2,"laroche, miss. simonne marie anne andree",female,3.0,1,2,sc/paris 2123,41.5792,,c
52,3,"nosworthy, mr. richard cater",male,21.0,0,0,a/4. 39886,7.8,,s
790,1,"guggenheim, mr. benjamin",male,46.0,0,0,pc 17593,79.2,b82 b84,c
50,3,"arnold-franchi, mrs. josef (josefine franchi)",female,18.0,1,0,349237,17.8,,s
798,3,"osman, mrs. mara",female,31.0,0,0,349244,8.6833,,s
809,2,"meyer, mr. august",male,39.0,0,0,248723,13.0,,s
158,3,"corn, mr. harry",male,30.0,0,0,soton/oq 392090,8.05,,s
509,3,"olsen, mr. henry margido",male,28.0,0,0,c 4001,22.525,,s
408,2,"richards, master. william rowe",male,3.0,1,1,29106,18.75,,s
661,1,"frauenthal, dr. henry william",male,50.0,2,0,pc 17611,133.65,,s
299,1,"saalfeld, mr. adolphe",male,,0,0,19988,30.5,c106,s
270,1,"bissette, miss. amelia",female,35.0,0,0,pc 17760,135.6333,c99,s
403,3,"jussila, miss. mari aina",female,21.0,1,0,4137,9.825,,s
391,1,"carter, mr. william ernest",male,36.0,1,2,113760,120.0,b96 b98,s
467,2,"campbell, mr. william",male,,0,0,239853,0.0,,s
204,3,"youseff, mr. gerious",male,45.5,0,0,2628,7.225,,c
223,3,"green, mr. george henry",male,51.0,0,0,21440,8.05,,s
154,3,"van billiard, mr. austin blyler",male,40.5,0,2,a/5. 851,14.5,,s
377,3,"landergren, miss. aurora adelia",female,22.0,0,0,c 7077,7.25,,s
310,1,"francatelli, miss. laura mabel",female,30.0,0,0,pc 17485,56.9292,e36,c
458,1,"kenyon, mrs. frederick r (marion)",female,,1,0,17464,51.8625,d21,s
814,3,"andersson, miss. ebba iris alfrida",female,6.0,4,2,347082,31.275,,s
752,3,"moor, master. meier",male,6.0,0,1,392096,12.475,e121,s
863,1,"swift, mrs. frederick joel (margaret welles barron)",female,48.0,0,0,17466,25.9292,d17,s
657,3,"radeff, mr. alexander",male,,0,0,349223,7.8958,,s
659,2,"eitemiller, mr. george floyd",male,23.0,0,0,29751,13.0,,s
63,1,"harris, mr. henry birkhardt",male,45.0,1,0,36973,83.475,c83,s
883,3,"dahlberg, miss. gerda ulrika",female,22.0,0,0,7552,10.5167,,s
496,3,"yousseff, mr. gerious",male,,0,0,2627,14.4583,,c
577,2,"garside, miss. ethel",female,34.0,0,0,243880,13.0,,s
800,3,"van impe, mrs. jean baptiste (rosalie paula govaert)",female,30.0,1,1,345773,24.15,,s
256,3,"touma, mrs. darwis (hanne youssef razi)",female,29.0,0,2,2650,15.2458,,c
169,1,"baumann, mr. john d",male,,0,0,pc 17318,25.925,,s
4,1,"futrelle, mrs. jacques heath (lily may peel)",female,35.0,1,0,113803,53.1,c123,s
645,3,"baclini, miss. eugenie",female,0.75,2,1,2666,19.2583,,c
572,1,"appleton, mrs. edward dale (charlotte lamson)",female,53.0,2,0,11769,51.4792,c101,s
355,3,"yousif, mr. wazli",male,,0,0,2647,7.225,,c
727,2,"renouf, mrs. peter henry (lillian jefferys)",female,30.0,3,0,31027,21.0,,s
5,3,"allen, mr. william henry",male,35.0,0,0,373450,8.05,,s
784,3,"johnston, mr. andrew g",male,,1,2,w./c. 6607,23.45,,s
500,3,"svensson, mr. olof",male,24.0,0,0,350035,7.7958,,s
260,2,"parrish, mrs. (lutie davis)",female,50.0,0,1,230433,26.0,,s
78,3,"moutal, mr. rahamin haim",male,,0,0,374746,8.05,,s
554,3,"leeni, mr. fahim (""philip zenni"")",male,22.0,0,0,2620,7.225,,c
642,1,"sagesser, mlle. emma",female,24.0,0,0,pc 17477,69.3,b35,c
722,3,"jensen, mr. svend lauritz",male,17.0,1,0,350048,7.0542,,s
615,3,"brocklebank, mr. william alfred",male,35.0,0,0,364512,8.05,,s
835,3,"allum, mr. owen george",male,18.0,0,0,2223,8.3,,s
629,3,"bostandyeff, mr. guentcho",male,26.0,0,0,349224,7.8958,,s
633,1,"stahelin-maeglin, dr. max",male,32.0,0,0,13214,30.5,b50,c
858,1,"daly, mr. peter denis ",male,51.0,0,0,113055,26.55,e17,s
257,1,"thorne, mrs. gertrude maybelle",female,,0,0,pc 17585,79.2,,c
850,1,"goldenberg, mrs. samuel l (edwiga grabowska)",female,,1,0,17453,89.1042,c92,c
400,2,"trout, mrs. william h (jessie l)",female,28.0,0,0,240929,12.65,,s
118,2,"turpin, mr. william john robert",male,29.0,1,0,11668,21.0,,s
494,1,"artagaveytia, mr. ramon",male,71.0,0,0,pc 17609,49.5042,,c
73,2,"hood, mr. ambrose jr",male,21.0,0,0,s.o.c. 14879,73.5,,s
318,2,"moraweck, dr. ernest",male,54.0,0,0,29011,14.0,,s
160,3,"sage, master. thomas henry",male,,8,2,ca. 2343,69.55,,s
363,3,"barbara, mrs. (catherine david)",female,45.0,0,1,2691,14.4542,,c
502,3,"canavan, miss. mary",female,21.0,0,0,364846,7.75,,q
96,3,"shorney, mr. charles joseph",male,,0,0,374910,8.05,,s
455,3,"peduzzi, mr. joseph",male,,0,0,a/5 2817,8.05,,s
641,3,"jensen, mr. hans peder",male,20.0,0,0,350050,7.8542,,s
652,2,"doling, miss. elsie",female,18.0,0,1,231919,23.0,,s
504,3,"laitinen, miss. kristina sofia",female,37.0,0,0,4135,9.5875,,s
123,2,"nasser, mr. nicholas",male,32.5,1,0,237736,30.0708,,c
546,1,"nicholson, mr. arthur ernest",male,64.0,0,0,693,26.0,,s
584,1,"ross, mr. john hugo",male,36.0,0,0,13049,40.125,a10,c
574,3,"kelly, miss. mary",female,,0,0,14312,7.75,,q
647,3,"cor, mr. liudevit",male,19.0,0,0,349231,7.8958,,s
25,3,"palsson, miss. torborg danira",female,8.0,3,1,349909,21.075,,s
291,1,"barber, miss. ellen ""nellie""",female,26.0,0,0,19877,78.85,,s
624,3,"hansen, mr. henry damsgaard",male,21.0,0,0,350029,7.8542,,s
282,3,"olsson, mr. nils johan goransson",male,28.0,0,0,347464,7.8542,,s
731,1,"allen, miss. elisabeth walton",female,29.0,0,0,24160,211.3375,b5,s
658,3,"bourke, mrs. john (catherine)",female,32.0,1,1,364849,15.5,,q
527,2,"ridsdale, miss. lucy",female,50.0,0,0,w./c. 14258,10.5,,s
143,3,"hakkarainen, mrs. pekka pietari (elin matilda dolck)",female,24.0,1,0,ston/o2. 3101279,15.85,,s
796,2,"otter, mr. richard",male,39.0,0,0,28213,13.0,,s
789,3,"dean, master. bertram vere",male,1.0,1,2,c.a. 2315,20.575,,s
630,3,"o'connell, mr. patrick d",male,,0,0,334912,7.7333,,q
233,2,"sjostedt, mr. ernst adolf",male,59.0,0,0,237442,13.5,,s
691,1,"dick, mr. albert adrian",male,31.0,1,0,17474,57.0,b20,s
444,2,"reynaldo, ms. encarnacion",female,28.0,0,0,230434,13.0,,s
801,2,"ponesell, mr. martin",male,34.0,0,0,250647,13.0,,s
690,1,"madill, miss. georgette alexandra",female,15.0,0,1,24160,211.3375,b5,s
69,3,"andersson, miss. erna alexandra",female,17.0,4,2,3101281,7.925,,s
114,3,"jussila, miss. katriina",female,20.0,1,0,4136,9.825,,s
786,3,"harmer, mr. abraham (david lishin)",male,25.0,0,0,374887,7.25,,s
891,3,"dooley, mr. patrick",male,32.0,0,0,370376,7.75,,q
140,1,"giglio, mr. victor",male,24.0,0,0,pc 17593,79.2,b86,c
585,3,"paulner, mr. uscher",male,,0,0,3411,8.7125,,c
226,3,"berglund, mr. karl ivar sven",male,22.0,0,0,pp 4348,9.35,,s
213,3,"perkin, mr. john henry",male,22.0,0,0,a/5 21174,7.25,,s
888,1,"graham, miss. margaret edith",female,19.0,0,0,112053,30.0,b42,s
338,1,"burns, miss. elizabeth margaret",female,41.0,0,0,16966,134.5,e40,c
278,2,"parkes, mr. francis ""frank""",male,,0,0,239853,0.0,,s
712,1,"klaber, mr. herman",male,,0,0,113028,26.55,c124,s
323,2,"slayter, miss. hilda mary",female,30.0,0,0,234818,12.35,,q
334,3,"vander planke, mr. leo edmondus",male,16.0,2,0,345764,18.0,,s
387,3,"goodwin, master. sidney leonard",male,1.0,5,2,ca 2144,46.9,,s
787,3,"sjoblom, miss. anna sofia",female,18.0,0,0,3101265,7.4958,,s
194,2,"navratil, master. michel m",male,3.0,1,1,230080,26.0,f2,s
86,3,"backstrom, mrs. karl alfred (maria mathilda gustafsson)",female,33.0,3,0,3101278,15.85,,s
486,3,"lefebre, miss. jeannie",female,,3,1,4133,25.4667,,s
130,3,"ekstrom, mr. johan",male,45.0,0,0,347061,6.975,,s
517,2,"lemore, mrs. (amelia milley)",female,34.0,0,0,c.a. 34260,10.5,f33,s
675,2,"watson, mr. ennis hastings",male,,0,0,239856,0.0,,s
249,1,"beckwith, mr. richard leonard",male,37.0,1,1,11751,52.5542,d35,s
451,2,"west, mr. edwy arthur",male,36.0,1,2,c.a. 34651,27.75,,s
819,3,"holm, mr. john fredrik alexander",male,43.0,0,0,c 7075,6.45,,s
369,3,"jermyn, miss. annie",female,,0,0,14313,7.75,,q
822,3,"lulic, mr. nikola",male,27.0,0,0,315098,8.6625,,s
671,2,"brown, mrs. thomas william solomon (elizabeth catherine ford)",female,40.0,1,1,29750,39.0,,s
881,2,"shelley, mrs. william (imanita parrish hall)",female,25.0,0,1,230433,26.0,,s
314,3,"hendekovic, mr. ignjac",male,28.0,0,0,349243,7.8958,,s
266,2,"reeves, mr. david",male,36.0,0,0,c.a. 17248,10.5,,s
745,3,"stranden, mr. juho",male,31.0,0,0,ston/o 2. 3101288,7.925,,s
42,2,"turpin, mrs. william john robert (dorothy ann wonnacott)",female,27.0,1,0,11668,21.0,,s
188,1,"romaine, mr. charles hallace (""mr c rolmane"")",male,45.0,0,0,111428,26.55,,s
839,3,"chip, mr. chang",male,32.0,0,0,1601,56.4958,,s
177,3,"lefebre, master. henry forbes",male,,3,1,4133,25.4667,,s
336,3,"denkoff, mr. mitto",male,,0,0,349225,7.8958,,s
302,3,"mccoy, mr. bernard",male,,2,0,367226,23.25,,q
376,1,"meyer, mrs. edgar joseph (leila saks)",female,,1,0,pc 17604,82.1708,,c
397,3,"olsson, miss. elina",female,31.0,0,0,350407,7.8542,,s
592,1,"stephenson, mrs. walter bertram (martha eustis)",female,52.0,1,0,36947,78.2667,d20,c
161,3,"cribb, mr. john hatfield",male,44.0,0,1,371362,16.1,,s
472,3,"cacic, mr. luka",male,38.0,0,0,315089,8.6625,,s
573,1,"flynn, mr. john irwin (""irving"")",male,36.0,0,0,pc 17474,26.3875,e25,s
812,3,"lester, mr. james",male,39.0,0,0,a/4 48871,24.15,,s
621,3,"yasbeck, mr. antoni",male,27.0,1,0,2659,14.4542,,c
622,1,"kimball, mr. edwin nelson jr",male,42.0,1,0,11753,52.5542,d19,s
462,3,"morley, mr. william",male,34.0,0,0,364506,8.05,,s
11,3,"sandstrom, miss. marguerite rut",female,4.0,1,1,pp 9549,16.7,g6,s
61,3,"sirayanian, mr. orsen",male,22.0,0,0,2669,7.2292,,c
405,3,"oreskovic, miss. marija",female,20.0,0,0,315096,8.6625,,s
648,1,"simonius-blumer, col. oberst alfons",male,56.0,0,0,13213,35.5,a26,c
58,3,"novel, mr. mansouer",male,28.5,0,0,2697,7.2292,,c
454,1,"goldenberg, mr. samuel l",male,49.0,1,0,17453,89.1042,c92,c
364,3,"asim, mr. adola",male,35.0,0,0,soton/o.q. 3101310,7.05,,s
2,1,"cumings, mrs. john bradley (florence briggs thayer)",female,38.0,1,0,pc 17599,71.2833,c85,c
854,1,"lines, miss. mary conover",female,16.0,0,1,pc 17592,39.4,d28,s
853,3,"boulos, miss. nourelain",female,9.0,1,1,2678,15.2458,,c
698,3,"mullens, miss. katherine ""katie""",female,,0,0,35852,7.7333,,q
301,3,"kelly, miss. anna katherine ""annie kate""",female,,0,0,9234,7.75,,q
162,2,"watt, mrs. james (elizabeth ""bessie"" inglis milne)",female,40.0,0,0,c.a. 33595,15.75,,s
687,3,"panula, mr. jaako arnold",male,14.0,4,1,3101295,39.6875,,s
792,2,"gaskell, mr. alfred",male,16.0,0,0,239865,26.0,,s
277,3,"lindblom, miss. augusta charlotta",female,45.0,0,0,347073,7.75,,s
495,3,"stanley, mr. edward roland",male,21.0,0,0,a/4 45380,8.05,,s
651,3,"mitkoff, mr. mito",male,,0,0,349221,7.8958,,s
465,3,"maisner, mr. simon",male,,0,0,a/s 2816,8.05,,s
803,1,"carter, master. william thornton ii",male,11.0,1,2,113760,120.0,b96 b98,s
279,3,"rice, master. eric",male,7.0,4,1,382652,29.125,,q
3,3,"heikkinen, miss. laina",female,26.0,0,0,ston/o2. 3101282,7.925,,s
769,3,"moran, mr. daniel j",male,,1,0,371110,24.15,,q
30,3,"todoroff, mr. lalio",male,,0,0,349216,7.8958,,s
446,1,"dodge, master. washington",male,4.0,0,2,33638,81.8583,a34,s
296,1,"lewy, mr. ervin g",male,,0,0,pc 17612,27.7208,,c
321,3,"dennis, mr. samuel",male,22.0,0,0,a/5 21172,7.25,,s
358,2,"funk, miss. annie clemmer",female,38.0,0,0,237671,13.0,,s
392,3,"jansson, mr. carl olof",male,21.0,0,0,350034,7.7958,,s
746,1,"crosby, capt. edward gifford",male,70.0,1,1,we/p 5735,71.0,b22,s
409,3,"birkeland, mr. hans martin monsen",male,21.0,0,0,312992,7.775,,s
208,3,"albimona, mr. nassef cassem",male,26.0,0,0,2699,18.7875,,c
875,2,"abelson, mrs. samuel (hannah wizosky)",female,28.0,1,0,p/pp 3381,24.0,,c
780,1,"robert, mrs. edward scott (elisabeth walton mcmillan)",female,43.0,0,1,24160,211.3375,b3,s
51,3,"panula, master. juha niilo",male,7.0,4,1,3101295,39.6875,,s
262,3,"asplund, master. edvin rojj felix",male,3.0,4,2,347077,31.3875,,s
830,1,"stone, mrs. george nelson (martha evelyn)",female,62.0,0,0,113572,80.0,b28,
566,3,"davies, mr. alfred j",male,24.0,2,0,a/4 48871,24.15,,s
230,3,"lefebre, miss. mathilde",female,,3,1,4133,25.4667,,s
761,3,"garfirth, mr. john",male,,0,0,358585,14.5,,s
826,3,"flynn, mr. john",male,,0,0,368323,6.95,,q
816,1,"fry, mr. richard",male,,0,0,112058,0.0,b102,s
137,1,"newsom, miss. helen monypeny",female,19.0,0,2,11752,26.2833,d47,s
510,3,"lang, mr. fang",male,26.0,0,0,1601,56.4958,,s
388,2,"buss, miss. kate",female,36.0,0,0,27849,13.0,,s
802,2,"collyer, mrs. harvey (charlotte annie tate)",female,31.0,1,1,c.a. 31921,26.25,,s
635,3,"skoog, miss. mabel",female,9.0,3,2,347088,27.9,,s
879,3,"laleff, mr. kristo",male,,0,0,349217,7.8958,,s
563,2,"norman, mr. robert douglas",male,28.0,0,0,218629,13.5,,s
736,3,"williams, mr. leslie",male,28.5,0,0,54636,16.1,,s
153,3,"meo, mr. alfonzo",male,55.5,0,0,a.5. 11206,8.05,,s
842,2,"mudd, mr. thomas charles",male,16.0,0,0,s.o./p.p. 3,10.5,,s
884,2,"banfield, mr. frederick james",male,28.0,0,0,c.a./soton 34068,10.5,,s
460,3,"o'connor, mr. maurice",male,,0,0,371060,7.75,,q
540,1,"frolicher, miss. hedwig margaritha",female,22.0,0,2,13568,49.5,b39,c
479,3,"karlsson, mr. nils august",male,22.0,0,0,350060,7.5208,,s
713,1,"taylor, mr. elmer zebley",male,48.0,1,0,19996,52.0,c126,s
782,1,"dick, mrs. albert adrian (vera gillespie)",female,17.0,1,0,17474,57.0,b20,s
18,2,"williams, mr. charles eugene",male,,0,0,244373,13.0,,s
607,3,"karaic, mr. milan",male,30.0,0,0,349246,7.8958,,s
247,3,"lindahl, miss. agda thorilda viktoria",female,25.0,0,0,347071,7.775,,s
313,2,"lahtinen, mrs. william (anna sylfven)",female,26.0,1,1,250651,26.0,,s
560,3,"de messemaeker, mrs. guillaume joseph (emma)",female,36.0,1,0,345572,17.4,,s
189,3,"bourke, mr. john",male,40.0,1,1,364849,15.5,,q
565,3,"meanwell, miss. (marion ogden)",female,,0,0,soton/o.q. 392087,8.05,,s
614,3,"horgan, mr. john",male,,0,0,370377,7.75,,q
49,3,"samaan, mr. youssef",male,,2,0,2662,21.6792,,c
26,3,"asplund, mrs. carl oscar (selma augusta emilia johansson)",female,38.0,1,5,347077,31.3875,,s
770,3,"gronnestad, mr. daniel danielsen",male,32.0,0,0,8471,8.3625,,s
98,1,"greenfield, mr. william bertram",male,23.0,0,1,pc 17759,63.3583,d10 d12,c
176,3,"klasen, mr. klas albin",male,18.0,1,1,350404,7.8542,,s
311,1,"hays, miss. margaret bechstein",female,24.0,0,0,11767,83.1583,c54,c
56,1,"woolner, mr. hugh",male,,0,0,19947,35.5,c52,s
241,3,"zabour, miss. thamine",female,,1,0,2665,14.4542,,c
701,1,"astor, mrs. john jacob (madeleine talmadge force)",female,18.0,1,0,pc 17757,227.525,c62 c64,c
289,2,"hosono, mr. masabumi",male,42.0,0,0,237798,13.0,,s
43,3,"kraeff, mr. theodor",male,,0,0,349253,7.8958,,c
294,3,"haas, miss. aloisia",female,24.0,0,0,349236,8.85,,s
197,3,"mernagh, mr. robert",male,,0,0,368703,7.75,,q
151,2,"bateman, rev. robert james",male,51.0,0,0,s.o.p. 1166,12.525,,s
419,2,"matthews, mr. william john",male,30.0,0,0,28228,13.0,,s
356,3,"vanden steen, mr. leo peter",male,28.0,0,0,345783,9.5,,s
442,3,"hampe, mr. leon",male,20.0,0,0,345769,9.5,,s
890,1,"behr, mr. karl howell",male,26.0,0,0,111369,30.0,c148,c
199,3,"madigan, miss. margaret ""maggie""",female,,0,0,370370,7.75,,q
274,1,"natsch, mr. charles h",male,37.0,0,1,pc 17596,29.7,c118,c
705,3,"hansen, mr. henrik juul",male,26.0,1,0,350025,7.8542,,s
720,3,"johnson, mr. malkolm joackim",male,33.0,0,0,347062,7.775,,s
46,3,"rogers, mr. william john",male,,0,0,s.c./a.4. 23567,8.05,,s
726,3,"oreskovic, mr. luka",male,20.0,0,0,315094,8.6625,,s
7,1,"mccarthy, mr. timothy j",male,54.0,0,0,17463,51.8625,e46,s
101,3,"petranec, miss. matilda",female,28.0,0,0,349245,7.8958,,s
238,2,"collyer, miss. marjorie ""lottie""",female,8.0,0,2,c.a. 31921,26.25,,s
48,3,"o'driscoll, miss. bridget",female,,0,0,14311,7.75,,q
127,3,"mcmahon, mr. martin",male,,0,0,370372,7.75,,q
677,3,"sawyer, mr. frederick charles",male,24.5,0,0,342826,8.05,,s
128,3,"madsen, mr. fridtjof arne",male,24.0,0,0,c 17369,7.1417,,s
237,2,"hold, mr. stephen",male,44.0,1,0,26707,26.0,,s
290,3,"connolly, miss. kate",female,22.0,0,0,370373,7.75,,q
715,2,"greenberg, mr. samuel",male,52.0,0,0,250647,13.0,,s
869,3,"van melkebeke, mr. philemon",male,,0,0,345777,9.5,,s
264,1,"harrison, mr. william",male,40.0,0,0,112059,0.0,b94,s
676,3,"edvardsson, mr. gustaf hjalmar",male,18.0,0,0,349912,7.775,,s
113,3,"barton, mr. david john",male,22.0,0,0,324669,8.05,,s
172,3,"rice, master. arthur",male,4.0,4,1,382652,29.125,,q
718,2,"troutt, miss. edwina celia ""winnie""",female,27.0,0,0,34218,10.5,e101,s
414,2,"cunningham, mr. alfred fleming",male,,0,0,239853,0.0,,s
220,2,"harris, mr. walter",male,30.0,0,0,w/c 14208,10.5,,s
591,3,"rintamaki, mr. matti",male,35.0,0,0,ston/o 2. 3101273,7.125,,s
449,3,"baclini, miss. marie catherine",female,5.0,2,1,2666,19.2583,,c
72,3,"goodwin, miss. lillian amy",female,16.0,5,2,ca 2144,46.9,,s
178,1,"isham, miss. ann elizabeth",female,50.0,0,0,pc 17595,28.7125,c49,c
735,2,"troupiansky, mr. moses aaron",male,23.0,0,0,233639,13.0,,s
281,3,"duane, mr. frank",male,65.0,0,0,336439,7.75,,q
515,3,"coleff, mr. satio",male,24.0,0,0,349209,7.4958,,s
841,3,"alhomaki, mr. ilmari rudolf",male,20.0,0,0,soton/o2 3101287,7.925,,s
833,3,"saad, mr. amin",male,,0,0,2671,7.2292,,c
283,3,"de pelsmaeker, mr. alfons",male,16.0,0,0,345778,9.5,,s
340,1,"blackwell, mr. stephen weart",male,45.0,0,0,113784,35.5,t,s
702,1,"silverthorne, mr. spencer victor",male,35.0,0,0,pc 17475,26.2875,e24,s
68,3,"crease, mr. ernest james",male,19.0,0,0,s.p. 3464,8.1583,,s
59,2,"west, miss. constance mirium",female,5.0,1,2,c.a. 34651,27.75,,s
298,1,"allison, miss. helen loraine",female,2.0,1,2,113781,151.55,c22 c26,s
469,3,"scanlan, mr. james",male,,0,0,36209,7.725,,q
872,1,"beckwith, mrs. richard leonard (sallie monypeny)",female,47.0,1,1,11751,52.5542,d35,s
707,2,"kelly, mrs. florence ""fannie""",female,45.0,0,0,223596,13.5,,s
821,1,"hays, mrs. charles melville (clara jennings gregg)",female,52.0,1,1,12749,93.5,b69,s
570,3,"jonsson, mr. carl",male,32.0,0,0,350417,7.8542,,s
492,3,"windelov, mr. einar",male,21.0,0,0,soton/oq 3101317,7.25,,s
267,3,"panula, mr. ernesti arvid",male,16.0,4,1,3101295,39.6875,,s
596,3,"van impe, mr. jean baptiste",male,36.0,1,1,345773,24.15,,s
463,1,"gee, mr. arthur h",male,47.0,0,0,111320,38.5,e63,s
847,3,"sage, mr. douglas bullen",male,,8,2,ca. 2343,69.55,,s
626,1,"sutton, mr. frederick",male,61.0,0,0,36963,32.3208,d50,s
201,3,"vande walle, mr. nestor cyriel",male,28.0,0,0,345770,9.5,,s
433,2,"louch, mrs. charles alexander (alice adelaide slow)",female,42.0,1,0,sc/ah 3085,26.0,,s
550,2,"davies, master. john morgan jr",male,8.0,1,1,c.a. 33112,36.75,,s
562,3,"sivic, mr. husein",male,40.0,0,0,349251,7.8958,,s
569,3,"doharr, mr. tannous",male,,0,0,2686,7.2292,,c
94,3,"dean, mr. bertram frank",male,26.0,1,2,c.a. 2315,20.575,,s
300,1,"baxter, mrs. james (helene delaudeniere chaput)",female,50.0,0,1,pc 17558,247.5208,b58 b60,c
636,2,"davis, miss. mary",female,28.0,0,0,237668,13.0,,s
393,3,"gustafsson, mr. johan birger",male,28.0,2,0,3101277,7.925,,s
541,1,"crosby, miss. harriet r",female,36.0,0,2,we/p 5735,71.0,b22,s
873,1,"carlsson, mr. frans olof",male,33.0,0,0,695,5.0,b51 b53 b55,s
753,3,"vande velde, mr. johannes joseph",male,33.0,0,0,345780,9.5,,s
843,1,"serepeca, miss. augusta",female,30.0,0,0,113798,31.0,,c
23,3,"mcgowan, miss. anna ""annie""",female,15.0,0,0,330923,8.0292,,q
597,2,"leitch, miss. jessie wills",female,,0,0,248727,33.0,,s
488,1,"kent, mr. edward austin",male,58.0,0,0,11771,29.7,b37,c
359,3,"mcgovern, miss. mary",female,,0,0,330931,7.8792,,q
603,1,"harrington, mr. charles h",male,,0,0,113796,42.4,,s
516,1,"walker, mr. william anderson",male,47.0,0,0,36967,34.0208,d46,s
265,3,"henry, miss. delia",female,,0,0,382649,7.75,,q
250,2,"carter, rev. ernest courtenay",male,54.0,1,0,244252,26.0,,s
352,1,"williams-lambert, mr. fletcher fellows",male,,0,0,113510,35.0,c128,s
646,1,"harper, mr. henry sleeper",male,48.0,1,0,pc 17572,76.7292,d33,c
350,3,"dimic, mr. jovan",male,42.0,0,0,315088,8.6625,,s
287,3,"de mulder, mr. theodore",male,30.0,0,0,345774,9.5,,s
362,2,"del carlo, mr. sebastiano",male,29.0,1,0,sc/paris 2167,27.7208,,c
209,3,"carr, miss. helen ""ellen""",female,16.0,0,0,367231,7.75,,q
656,2,"hickman, mr. leonard mark",male,24.0,2,0,s.o.c. 14879,73.5,,s
855,2,"carter, mrs. ernest courtenay (lilian hughes)",female,44.0,1,0,244252,26.0,,s
423,3,"zimmerman, mr. leo",male,29.0,0,0,315082,7.875,,s
15,3,"vestrom, miss. hulda amanda adolfina",female,14.0,0,0,350406,7.8542,,s
401,3,"niskanen, mr. juha",male,39.0,0,0,ston/o 2. 3101289,7.925,,s
420,3,"van impe, miss. catharina",female,10.0,0,2,345773,24.15,,s
432,3,"thorneycroft, mrs. percival (florence kate white)",female,,1,0,376564,16.1,,s
576,3,"patchett, mr. george",male,19.0,0,0,358585,14.5,,s
762,3,"nirva, mr. iisakki antino aijo",male,41.0,0,0,soton/o2 3101272,7.125,,s
119,1,"baxter, mr. quigg edmond",male,24.0,0,1,pc 17558,247.5208,b58 b60,c
273,2,"mellinger, mrs. (elizabeth anne maidment)",female,41.0,0,1,250644,19.5,,s
865,2,"gill, mr. john william",male,24.0,0,0,233866,13.0,,s
370,1,"aubart, mme. leontine pauline",female,24.0,0,0,pc 17477,69.3,b35,c
583,2,"downton, mr. william james",male,54.0,0,0,28403,26.0,,s
525,3,"kassem, mr. fared",male,,0,0,2700,7.2292,,c
538,1,"leroy, miss. bertha",female,30.0,0,0,pc 17761,106.425,,c
410,3,"lefebre, miss. ida",female,,3,1,4133,25.4667,,s
639,3,"panula, mrs. juha (maria emilia ojala)",female,41.0,0,5,3101295,39.6875,,s
41,3,"ahlin, mrs. johan (johanna persdotter larsson)",female,40.0,1,0,7546,9.475,,s
571,2,"harris, mr. george",male,62.0,0,0,s.w./pp 752,10.5,,s
9,3,"johnson, mrs. oscar w (elisabeth vilhelmina berg)",female,27.0,0,2,347742,11.1333,,s
748,2,"sinkkonen, miss. anna",female,30.0,0,0,250648,13.0,,s
421,3,"gheorgheff, mr. stanio",male,,0,0,349254,7.8958,,c
381,1,"bidois, miss. rosalie",female,42.0,0,0,pc 17757,227.525,,c
22,2,"beesley, mr. lawrence",male,34.0,0,0,248698,13.0,d56,s
559,1,"taussig, mrs. emil (tillie mandelbaum)",female,39.0,1,1,110413,79.65,e67,s
618,3,"lobb, mrs. william arthur (cordelia k stanlick)",female,26.0,1,0,a/5. 3336,16.1,,s
684,3,"goodwin, mr. charles edward",male,14.0,5,2,ca 2144,46.9,,s
329,3,"goldsmith, mrs. frank john (emily alice brown)",female,31.0,1,1,363291,20.525,,s
840,1,"marechal, mr. pierre",male,,0,0,11774,29.7,c47,c
593,3,"elsbury, mr. william james",male,47.0,0,0,a/5 3902,7.25,,s
763,3,"barah, mr. hanna assi",male,20.0,0,0,2663,7.2292,,c
170,3,"ling, mr. lee",male,28.0,0,0,1601,56.4958,,s
561,3,"morrow, mr. thomas rowan",male,,0,0,372622,7.75,,q
243,2,"coleridge, mr. reginald charles",male,29.0,0,0,w./c. 14263,10.5,,s
660,1,"newell, mr. arthur webster",male,58.0,0,2,35273,113.275,d48,c
234,3,"asplund, miss. lillian gertrud",female,5.0,4,2,347077,31.3875,,s
206,3,"strom, miss. telma matilda",female,2.0,0,1,347054,10.4625,g6,s
599,3,"boulos, mr. hanna",male,,0,0,2664,7.225,,c
384,1,"holverson, mrs. alexander oskar (mary aline towner)",female,35.0,1,0,113789,52.0,,s
616,2,"herman, miss. alice",female,24.0,1,2,220845,65.0,,s
217,3,"honkanen, miss. eliina",female,27.0,0,0,ston/o2. 3101283,7.925,,s
535,3,"cacic, miss. marija",female,30.0,0,0,315084,8.6625,,s
214,2,"givard, mr. hans kristensen",male,30.0,0,0,250646,13.0,,s
832,2,"richards, master. george sibley",male,0.83,1,1,29106,18.75,,s
708,1,"calderhead, mr. edward pennington",male,42.0,0,0,pc 17476,26.2875,e24,s
345,2,"fox, mr. stanley hubert",male,36.0,0,0,229236,13.0,,s
681,3,"peters, miss. katie",female,,0,0,330935,8.1375,,q
231,1,"harris, mrs. henry birkhardt (irene wallach)",female,35.0,1,0,36973,83.475,c83,s
807,1,"andrews, mr. thomas jr",male,39.0,0,0,112050,0.0,a36,s
567,3,"stoytcheff, mr. ilia",male,19.0,0,0,349205,7.8958,,s
24,1,"sloper, mr. william thompson",male,28.0,0,0,113788,35.5,a6,s
867,2,"duran y more, miss. asuncion",female,27.0,1,0,sc/paris 2149,13.8583,,c
859,3,"baclini, mrs. solomon (latifa qurban)",female,24.0,0,3,2666,19.2583,,c
766,1,"hogeboom, mrs. john c (anna andrews)",female,51.0,1,0,13502,77.9583,d11,s
95,3,"coxon, mr. daniel",male,59.0,0,0,364500,7.25,,s
655,3,"hegarty, miss. hanora ""nora""",female,18.0,0,0,365226,6.75,,q
693,3,"lam, mr. ali",male,,0,0,1601,56.4958,,s
600,1,"duff gordon, sir. cosmo edmund (""mr morgan"")",male,49.0,1,0,pc 17485,56.9292,a20,c
77,3,"staneff, mr. ivan",male,,0,0,349208,7.8958,,s
205,3,"cohen, mr. gurshon ""gus""",male,18.0,0,0,a/5 3540,8.05,,s
889,3,"johnston, miss. catherine helen ""carrie""",female,,1,2,w./c. 6607,23.45,,s
623,3,"nakid, mr. sahid",male,20.0,1,1,2653,15.7417,,c
568,3,"palsson, mrs. nils (alma cornelia berglund)",female,29.0,0,4,349909,21.075,,s
471,3,"keefe, mr. arthur",male,,0,0,323592,7.25,,s
218,2,"jacobsohn, mr. sidney samuel",male,42.0,1,0,243847,27.0,,s
398,2,"mckane, mr. peter david",male,46.0,0,0,28403,26.0,,s
601,2,"jacobsohn, mrs. sidney samuel (amy frances christy)",female,24.0,2,1,243847,27.0,,s
210,1,"blank, mr. henry",male,40.0,0,0,112277,31.0,a31,c
838,3,"sirota, mr. maurice",male,,0,0,392092,8.05,,s
564,3,"simmons, mr. john",male,,0,0,soton/oq 392082,8.05,,s
533,3,"elias, mr. joseph jr",male,17.0,1,1,2690,7.2292,,c
354,3,"arnold-franchi, mr. josef",male,25.0,1,0,349237,17.8,,s
547,2,"beane, mrs. edward (ethel clarke)",female,19.0,1,0,2908,26.0,,s
148,3,"ford, miss. robina maggie ""ruby""",female,9.0,2,2,w./c. 6608,34.375,,s
522,3,"vovk, mr. janko",male,22.0,0,0,349252,7.8958,,s
711,1,"mayne, mlle. berthe antonine (""mrs de villiers"")",female,24.0,0,0,pc 17482,49.5042,c90,c
396,3,"johansson, mr. erik",male,22.0,0,0,350052,7.7958,,s
668,3,"rommetvedt, mr. knud paust",male,,0,0,312993,7.775,,s
107,3,"salkjelsvik, miss. anna kristine",female,21.0,0,0,343120,7.65,,s
477,2,"renouf, mr. peter henry",male,34.0,1,0,31027,21.0,,s
12,1,"bonnell, miss. elizabeth",female,58.0,0,0,113783,26.55,c103,s
870,3,"johnson, master. harold theodor",male,4.0,1,1,347742,11.1333,,s
135,2,"sobey, mr. samuel james hayden",male,25.0,0,0,c.a. 29178,13.0,,s
330,1,"hippach, miss. jean gertrude",female,16.0,0,1,111361,57.9792,b18,c
866,2,"bystrom, mrs. (karolina)",female,42.0,0,0,236852,13.0,,s
794,1,"hoyt, mr. william fisher",male,,0,0,pc 17600,30.6958,,c
182,2,"pernot, mr. rene",male,,0,0,sc/paris 2131,15.05,,c
788,3,"rice, master. george hugh",male,8.0,4,1,382652,29.125,,q
457,1,"millet, mr. francis davis",male,65.0,0,0,13509,26.55,e38,s
779,3,"kilgannon, mr. thomas j",male,,0,0,36865,7.7375,,q
473,2,"west, mrs. edwy arthur (ada mary worth)",female,33.0,1,2,c.a. 34651,27.75,,s
32,1,"spencer, mrs. william augustus (marie eugenie)",female,,1,0,pc 17569,146.5208,b78,c
613,3,"murphy, miss. margaret jane",female,,1,0,367230,15.5,,q
254,3,"lobb, mr. william arthur",male,30.0,1,0,a/5. 3336,16.1,,s
518,3,"ryan, mr. patrick",male,,0,0,371110,24.15,,q
536,2,"hart, miss. eva miriam",female,7.0,0,2,f.c.c. 13529,26.25,,s
259,1,"ward, miss. anna",female,35.0,0,0,pc 17755,512.3292,,c
804,3,"thomas, master. assad alexander",male,0.42,0,1,2625,8.5167,,c
228,3,"lovell, mr. john hall (""henry"")",male,20.5,0,0,a/5 21173,7.25,,s
163,3,"bengtsson, mr. john viktor",male,26.0,0,0,347068,7.775,,s
483,3,"rouse, mr. richard henry",male,50.0,0,0,a/5 3594,8.05,,s
395,3,"sandstrom, mrs. hjalmar (agnes charlotta bengtsson)",female,24.0,0,2,pp 9549,16.7,g6,s
716,3,"soholt, mr. peter andreas lauritz andersen",male,19.0,0,0,348124,7.65,f g73,s
491,3,"hagland, mr. konrad mathias reiersen",male,,1,0,65304,19.9667,,s
179,2,"hale, mr. reginald",male,30.0,0,0,250653,13.0,,s
542,3,"andersson, miss. ingeborg constanzia",female,9.0,4,2,347082,31.275,,s
447,2,"mellinger, miss. madeleine violet",female,13.0,0,1,250644,19.5,,s
686,2,"laroche, mr. joseph philippe lemercier",male,25.0,1,2,sc/paris 2123,41.5792,,c
704,3,"gallagher, mr. martin",male,25.0,0,0,36864,7.7417,,q
631,1,"barkworth, mr. algernon henry wilson",male,80.0,0,0,27042,30.0,a23,s
757,3,"carlsson, mr. august sigfrid",male,28.0,0,0,350042,7.7958,,s
21,2,"fynney, mr. joseph j",male,35.0,0,0,239865,26.0,,s
824,3,"moor, mrs. (beila)",female,27.0,0,1,392096,12.475,e121,s
461,1,"anderson, mr. harry",male,48.0,0,0,19952,26.55,e12,s
394,1,"newell, miss. marjorie",female,23.0,1,0,35273,113.275,d36,c
696,2,"chapman, mr. charles henry",male,52.0,0,0,248731,13.5,,s
434,3,"kallio, mr. nikolai erland",male,17.0,0,0,ston/o 2. 3101274,7.125,,s
673,2,"mitchell, mr. henry michael",male,70.0,0,0,c.a. 24580,10.5,,s
174,3,"sivola, mr. antti wilhelm",male,21.0,0,0,ston/o 2. 3101280,7.925,,s
430,3,"pickard, mr. berk (berk trembisky)",male,32.0,0,0,soton/o.q. 392078,8.05,e10,s
10,2,"nasser, mrs. nicholas (adele achem)",female,14.0,1,0,237736,30.0708,,c
211,3,"ali, mr. ahmed",male,24.0,0,0,soton/o.q. 3101311,7.05,,s
365,3,"o'brien, mr. thomas",male,,1,0,370365,15.5,,q
679,3,"goodwin, mrs. frederick (augusta tyler)",female,43.0,1,6,ca 2144,46.9,,s
723,2,"gillespie, mr. william henry",male,34.0,0,0,12233,13.0,,s
399,2,"pain, dr. alfred",male,23.0,0,0,244278,10.5,,s
186,1,"rood, mr. hugh roscoe",male,,0,0,113767,50.0,a32,s
322,3,"danoff, mr. yoto",male,27.0,0,0,349219,7.8958,,s
404,3,"hakkarainen, mr. pekka pietari",male,28.0,1,0,ston/o2. 3101279,15.85,,s
102,3,"petroff, mr. pastcho (""pentcho"")",male,,0,0,349215,7.8958,,s
275,3,"healy, miss. hanora ""nora""",female,,0,0,370375,7.75,,q
741,1,"hawksford, mr. walter james",male,,0,0,16988,30.0,d45,s
429,3,"flynn, mr. james",male,,0,0,364851,7.75,,q
543,3,"andersson, miss. sigrid elisabeth",female,11.0,4,2,347082,31.275,,s
556,1,"wright, mr. george",male,62.0,0,0,113807,26.55,,s
764,1,"carter, mrs. william ernest (lucile polk)",female,36.0,1,2,113760,120.0,b96 b98,s
284,3,"dorking, mr. edward arthur",male,19.0,0,0,a/5. 10482,8.05,,s
116,3,"pekoniemi, mr. edvard",male,21.0,0,0,ston/o 2. 3101294,7.925,,s
588,1,"frolicher-stehli, mr. maxmillian",male,60.0,1,1,13567,79.2,b41,c
261,3,"smith, mr. thomas",male,,0,0,384461,7.75,,q
776,3,"myhrman, mr. pehr fabian oliver malkolm",male,18.0,0,0,347078,7.75,,s
545,1,"douglas, mr. walter donald",male,50.0,1,0,pc 17761,106.425,c86,c
406,2,"gale, mr. shadrach",male,34.0,1,0,28664,21.0,,s
79,2,"caldwell, master. alden gates",male,0.83,0,2,248738,29.0,,s
255,3,"rosblom, mrs. viktor (helena wilhelmina)",female,41.0,0,2,370129,20.2125,,s
523,3,"lahoud, mr. sarkis",male,,0,0,2624,7.225,,c
166,3,"goldsmith, master. frank john william ""frankie""",male,9.0,0,2,363291,20.525,,s
637,3,"leinonen, mr. antti gustaf",male,32.0,0,0,ston/o 2. 3101292,7.925,,s
514,1,"rothschild, mrs. martin (elizabeth l. barrett)",female,54.0,1,0,pc 17603,59.4,,c
793,3,"sage, miss. stella anna",female,,8,2,ca. 2343,69.55,,s
122,3,"moore, mr. leonard charles",male,,0,0,a4. 54510,8.05,,s
725,1,"chambers, mr. norman campbell",male,27.0,1,0,113806,53.1,e8,s
578,1,"silvey, mrs. william baird (alice munger)",female,39.0,1,0,13507,55.9,e44,s
640,3,"thorneycroft, mr. percival",male,,1,0,376564,16.1,,s
743,1,"ryerson, miss. susan parker ""suzette""",female,21.0,2,2,pc 17608,262.375,b57 b59 b63 b66,c
99,2,"doling, mrs. john t (ada julia bone)",female,34.0,0,1,231919,23.0,,s
319,1,"wick, miss. mary natalie",female,31.0,0,2,36928,164.8667,c7,s
92,3,"andreasson, mr. paul edvin",male,20.0,0,0,347466,7.8542,,s
829,3,"mccormack, mr. thomas joseph",male,,0,0,367228,7.75,,q
190,3,"turcin, mr. stjepan",male,36.0,0,0,349247,7.8958,,s
710,3,"moubarek, master. halim gonios (""william george"")",male,,1,1,2661,15.2458,,c
742,1,"cavendish, mr. tyrell william",male,36.0,1,0,19877,78.85,c46,s
286,3,"stankovic, mr. ivan",male,33.0,0,0,349239,8.6625,,c
224,3,"nenkoff, mr. christo",male,,0,0,349234,7.8958,,s
450,1,"peuchen, major. arthur godfrey",male,52.0,0,0,113786,30.5,c104,s
823,1,"reuchlin, jonkheer. john george",male,38.0,0,0,19972,0.0,,s
864,3,"sage, miss. dorothy edith ""dolly""",female,,8,2,ca. 2343,69.55,,s
129,3,"peter, miss. anna",female,,1,1,2668,22.3583,f e69,c
580,3,"jussila, mr. eiriik",male,32.0,0,0,ston/o 2. 3101286,7.925,,s
82,3,"sheerlinck, mr. jan baptist",male,29.0,0,0,345779,9.5,,s
862,2,"giles, mr. frederick edward",male,21.0,1,0,28134,11.5,,s
756,2,"hamalainen, master. viljo",male,0.67,1,1,250649,14.5,,s
431,1,"bjornstrom-steffansson, mr. mauritz hakan",male,28.0,0,0,110564,26.55,c52,s
688,3,"dakic, mr. branko",male,19.0,0,0,349228,10.1708,,s
427,2,"clarke, mrs. charles v (ada maria winfield)",female,28.0,1,0,2003,26.0,,s
136,2,"richard, mr. emile",male,23.0,0,0,sc/paris 2133,15.0458,,c
775,2,"hocking, mrs. elizabeth (eliza needs)",female,54.0,1,3,29105,23.0,,s
349,3,"coutts, master. william loch ""william""",male,3.0,1,1,c.a. 37671,15.9,,s
815,3,"tomlin, mr. ernest portage",male,30.5,0,0,364499,8.05,,s
175,1,"smith, mr. james clinch",male,56.0,0,0,17764,30.6958,a7,c
8,3,"palsson, master. gosta leonard",male,2.0,3,1,349909,21.075,,s
497,1,"eustis, miss. elizabeth mussey",female,54.0,1,0,36947,78.2667,d20,c
276,1,"andrews, miss. kornelia theodosia",female,63.0,1,0,13502,77.9583,d7,s
428,2,"phillips, miss. kate florence (""mrs kate louise phillips marshall"")",female,19.0,0,0,250655,26.0,,s
732,3,"hassan, mr. houssein g n",male,11.0,0,0,2699,18.7875,,c
799,3,"ibrahim shawah, mr. yousseff",male,30.0,0,0,2685,7.2292,,c
666,2,"hickman, mr. lewis",male,32.0,2,0,s.o.c. 14879,73.5,,s
235,2,"leyson, mr. robert william norman",male,24.0,0,0,c.a. 29566,10.5,,s
19,3,"vander planke, mrs. julius (emelia maria vandemoortele)",female,31.0,1,0,345763,18.0,,s
437,3,"ford, miss. doolina margaret ""daisy""",female,21.0,2,2,w./c. 6608,34.375,,s
306,1,"allison, master. hudson trevor",male,0.92,1,2,113781,151.55,c22 c26,s
876,3,"najib, miss. adele kiamie ""jane""",female,15.0,0,0,2667,7.225,,c
83,3,"mcdermott, miss. brigdet delia",female,,0,0,330932,7.7875,,q
164,3,"calic, mr. jovo",male,17.0,0,0,315093,8.6625,,s
47,3,"lennon, mr. denis",male,,1,0,370371,15.5,,q
411,3,"sdycoff, mr. todor",male,,0,0,349222,7.8958,,s
55,1,"ostby, mr. engelhart cornelius",male,65.0,0,1,113509,61.9792,b30,c
316,3,"nilsson, miss. helmina josefina",female,26.0,0,0,347470,7.8542,,s
507,2,"quick, mrs. frederick charles (jane richards)",female,33.0,0,2,26360,26.0,,s
772,3,"jensen, mr. niels peder",male,48.0,0,0,350047,7.8542,,s
697,3,"kelly, mr. james",male,44.0,0,0,363592,8.05,,s
89,1,"fortune, miss. mabel helen",female,23.0,3,2,19950,263.0,c23 c25 c27,s
328,2,"ball, mrs. (ada e hall)",female,36.0,0,0,28551,13.0,d,s
791,3,"keane, mr. andrew ""andy""",male,,0,0,12460,7.75,,q
810,1,"chambers, mrs. norman campbell (bertha griggs)",female,33.0,1,0,113806,53.1,e8,s
380,3,"gustafsson, mr. karl gideon",male,19.0,0,0,347069,7.775,,s
133,3,"robins, mrs. alexander a (grace charity laury)",female,47.0,1,0,a/5. 3337,14.5,,s
187,3,"o'brien, mrs. thomas (johanna ""hannah"" godfrey)",female,,1,0,370365,15.5,,q
181,3,"sage, miss. constance gladys",female,,8,2,ca. 2343,69.55,,s
142,3,"nysten, miss. anna sofia",female,22.0,0,0,347081,7.75,,s
248,2,"hamalainen, mrs. william (anna)",female,24.0,0,2,250649,14.5,,s
