PassengerId,Pclass,Name,Sex,Age,SibSp,Parch,Ticket,Fare,Cabin,Embarked
623,3,"nakid, mr. sahid",male,20.0,1,1,2653,15.7417,,c
845,3,"culumovic, mr. jeso",male,17.0,0,0,315090,8.6625,,s
204,3,"youseff, mr. gerious",male,45.5,0,0,2628,7.225,,c
834,3,"augustsson, mr. albert",male,23.0,0,0,347468,7.8542,,s
156,1,"williams, mr. charles duane",male,51.0,0,1,pc 17597,61.3792,,c
799,3,"ibrahim shawah, mr. yousseff",male,30.0,0,0,2685,7.2292,,c
575,3,"rush, mr. alfred george john",male,16.0,0,0,a/4. 20589,8.05,,s
727,2,"renouf, mrs. peter henry (lillian jefferys)",female,30.0,3,0,31027,21.0,,s
95,3,"coxon, mr. daniel",male,59.0,0,0,364500,7.25,,s
260,2,"parrish, mrs. (lutie davis)",female,50.0,0,1,230433,26.0,,s
131,3,"drazenoic, mr. jozef",male,33.0,0,0,349241,7.8958,,c
457,1,"millet, mr. francis davis",male,65.0,0,0,13509,26.55,e38,s
144,3,"burke, mr. jeremiah",male,19.0,0,0,365222,6.75,,q
711,1,"mayne, mlle. berthe antonine (""mrs de villiers"")",female,24.0,0,0,pc 17482,49.5042,c90,c
487,1,"hoyt, mrs. frederick maxfield (jane anne forby)",female,35.0,1,0,19943,90.0,c93,s
865,2,"gill, mr. john william",male,24.0,0,0,233866,13.0,,s
593,3,"elsbury, mr. william james",male,47.0,0,0,a/5 3902,7.25,,s
667,2,"butler, mr. reginald fenton",male,25.0,0,0,234686,13.0,,s
583,2,"downton, mr. william james",male,54.0,0,0,28403,26.0,,s
817,3,"heininen, miss. wendla maria",female,23.0,0,0,ston/o2. 3101290,7.925,,s
219,1,"bazzani, miss. albina",female,32.0,0,0,11813,76.2917,d15,c
848,3,"markoff, mr. marin",male,35.0,0,0,349213,7.8958,,c
850,1,"goldenberg, mrs. samuel l (edwiga grabowska)",female,,1,0,17453,89.1042,c92,c
26,3,"asplund, mrs. carl oscar (selma augusta emilia johansson)",female,38.0,1,5,347077,31.3875,,s
666,2,"hickman, mr. lewis",male,32.0,2,0,s.o.c. 14879,73.5,,s
48,3,"o'driscoll, miss. bridget",female,,0,0,14311,7.75,,q
185,3,"kink-heilmann, miss. luise gretchen",female,4.0,0,2,315153,22.025,,s
872,1,"beckwith, mrs. richard leonard (sallie monypeny)",female,47.0,1,1,11751,52.5542,d35,s
35,1,"meyer, mr. edgar joseph",male,28.0,1,0,pc 17604,82.1708,,c
744,3,"mcnamee, mr. neal",male,24.0,1,0,376566,16.1,,s
130,3,"ekstrom, mr. johan",male,45.0,0,0,347061,6.975,,s
387,3,"goodwin, master. sidney leonard",male,1.0,5,2,ca 2144,46.9,,s
207,3,"backstrom, mr. karl alfred",male,32.0,1,0,3101278,15.85,,s
708,1,"calderhead, mr. edward pennington",male,42.0,0,0,pc 17476,26.2875,e24,s
806,3,"johansson, mr. karl johan",male,31.0,0,0,347063,7.775,,s
674,2,"wilhelms, mr. charles",male,31.0,0,0,244270,13.0,,s
809,2,"meyer, mr. august",male,39.0,0,0,248723,13.0,,s
766,1,"hogeboom, mrs. john c (anna andrews)",female,51.0,1,0,13502,77.9583,d11,s
40,3,"nicola-yarred, miss. jamila",female,14.0,1,0,2651,11.2417,,c
522,3,"vovk, mr. janko",male,22.0,0,0,349252,7.8958,,s
832,2,"richards, master. george sibley",male,0.83,1,1,29106,18.75,,s
774,3,"elias, mr. dibo",male,,0,0,2674,7.225,,c
794,1,"hoyt, mr. william fisher",male,,0,0,pc 17600,30.6958,,c
709,1,"cleaver, miss. alice",female,22.0,0,0,113781,151.55,,s
553,3,"o'brien, mr. timothy",male,,0,0,330979,7.8292,,q
634,1,"parr, mr. william henry marsh",male,,0,0,112052,0.0,,s
831,3,"yasbeck, mrs. antoni (selini alexander)",female,15.0,1,0,2659,14.4542,,c
266,2,"reeves, mr. david",male,36.0,0,0,c.a. 17248,10.5,,s
577,2,"garside, miss. ethel",female,34.0,0,0,243880,13.0,,s
8,3,"palsson, master. gosta leonard",male,2.0,3,1,349909,21.075,,s
182,2,"pernot, mr. rene",male,,0,0,sc/paris 2131,15.05,,c
454,1,"goldenberg, mr. samuel l",male,49.0,1,0,17453,89.1042,c92,c
212,2,"cameron, miss. clear annie",female,35.0,0,0,f.c.c. 13528,21.0,,s
353,3,"elias, mr. tannous",male,15.0,1,1,2695,7.2292,,c
117,3,"connors, mr. patrick",male,70.5,0,0,370369,7.75,,q
14,3,"andersson, mr. anders johan",male,39.0,1,5,347082,31.275,,s
202,3,"sage, mr. frederick",male,,8,2,ca. 2343,69.55,,s
221,3,"sunderland, mr. victor francis",male,16.0,0,0,soton/oq 392089,8.05,,s
108,3,"moss, mr. albert johan",male,,0,0,312991,7.775,,s
291,1,"barber, miss. ellen ""nellie""",female,26.0,0,0,19877,78.85,,s
39,3,"vander planke, miss. augusta maria",female,18.0,2,0,345764,18.0,,s
263,1,"taussig, mr. emil",male,52.0,1,1,110413,79.65,e67,s
334,3,"vander planke, mr. leo edmondus",male,16.0,2,0,345764,18.0,,s
418,2,"silven, miss. lyyli karoliina",female,18.0,0,2,250652,13.0,,s
234,3,"asplund, miss. lillian gertrud",female,5.0,4,2,347077,31.3875,,s
590,3,"murdlin, mr. joseph",male,,0,0,a./5. 3235,8.05,,s
262,3,"asplund, master. edvin rojj felix",male,3.0,4,2,347077,31.3875,,s
61,3,"sirayanian, mr. orsen",male,22.0,0,0,2669,7.2292,,c
22,2,"beesley, mr. lawrence",male,34.0,0,0,248698,13.0,d56,s
888,1,"graham, miss. margaret edith",female,19.0,0,0,112053,30.0,b42,s
382,3,"nakid, miss. maria (""mary"")",female,1.0,0,2,2653,15.7417,,c
860,3,"razi, mr. raihed",male,,0,0,2629,7.2292,,c
229,2,"fahlstrom, mr. arne jonas",male,18.0,0,0,236171,13.0,,s
698,3,"mullens, miss. katherine ""katie""",female,,0,0,35852,7.7333,,q
529,3,"salonen, mr. johan werner",male,39.0,0,0,3101296,7.925,,s
102,3,"petroff, mr. pastcho (""pentcho"")",male,,0,0,349215,7.8958,,s
326,1,"young, miss. marie grice",female,36.0,0,0,pc 17760,135.6333,c32,c
493,1,"molson, mr. harry markland",male,55.0,0,0,113787,30.5,c30,s
139,3,"osen, mr. olaf elon",male,16.0,0,0,7534,9.2167,,s
239,2,"pengelly, mr. frederick william",male,19.0,0,0,28665,10.5,,s
5,3,"allen, mr. william henry",male,35.0,0,0,373450,8.05,,s
540,1,"frolicher, miss. hedwig margaritha",female,22.0,0,2,13568,49.5,b39,c
637,3,"leinonen, mr. antti gustaf",male,32.0,0,0,ston/o 2. 3101292,7.925,,s
405,3,"oreskovic, miss. marija",female,20.0,0,0,315096,8.6625,,s
194,2,"navratil, master. michel m",male,3.0,1,1,230080,26.0,f2,s
249,1,"beckwith, mr. richard leonard",male,37.0,1,1,11751,52.5542,d35,s
50,3,"arnold-franchi, mrs. josef (josefine franchi)",female,18.0,1,0,349237,17.8,,s
7,1,"mccarthy, mr. timothy j",male,54.0,0,0,17463,51.8625,e46,s
369,3,"jermyn, miss. annie",female,,0,0,14313,7.75,,q
315,2,"hart, mr. benjamin",male,43.0,1,1,f.c.c. 13529,26.25,,s
881,2,"shelley, mrs. william (imanita parrish hall)",female,25.0,0,1,230433,26.0,,s
463,1,"gee, mr. arthur h",male,47.0,0,0,111320,38.5,e63,s
408,2,"richards, master. william rowe",male,3.0,1,1,29106,18.75,,s
670,1,"taylor, mrs. elmer zebley (juliet cummins wright)",female,,1,0,19996,52.0,c126,s
647,3,"cor, mr. liudevit",male,19.0,0,0,349231,7.8958,,s
751,2,"wells, miss. joan",female,4.0,1,1,29103,23.0,,s
740,3,"nankoff, mr. minko",male,,0,0,349218,7.8958,,s
700,3,"humblen, mr. adolf mathias nicolai olsen",male,42.0,0,0,348121,7.65,f g63,s
367,1,"warren, mrs. frank manley (anna sophia atkinson)",female,60.0,1,0,110813,75.25,d37,c
437,3,"ford, miss. doolina margaret ""daisy""",female,21.0,2,2,w./c. 6608,34.375,,s
731,1,"allen, miss. elisabeth walton",female,29.0,0,0,24160,211.3375,b5,s
404,3,"hakkarainen, mr. pekka pietari",male,28.0,1,0,ston/o2. 3101279,15.85,,s
118,2,"turpin, mr. william john robert",male,29.0,1,0,11668,21.0,,s
122,3,"moore, mr. leonard charles",male,,0,0,a4. 54510,8.05,,s
393,3,"gustafsson, mr. johan birger",male,28.0,2,0,3101277,7.925,,s
557,1,"duff gordon, lady. (lucille christiana sutherland) (""mrs morgan"")",female,48.0,1,0,11755,39.6,a16,c
682,1,"hassab, mr. hammad",male,27.0,0,0,pc 17572,76.7292,d49,c
424,3,"danbom, mrs. ernst gilbert (anna sigrid maria brogren)",female,28.0,1,1,347080,14.4,,s
788,3,"rice, master. george hugh",male,8.0,4,1,382652,29.125,,q
597,2,"leitch, miss. jessie wills",female,,0,0,248727,33.0,,s
231,1,"harris, mrs. henry birkhardt (irene wallach)",female,35.0,1,0,36973,83.475,c83,s
59,2,"west, miss. constance mirium",female,5.0,1,2,c.a. 34651,27.75,,s
178,1,"isham, miss. ann elizabeth",female,50.0,0,0,pc 17595,28.7125,c49,c
591,3,"rintamaki, mr. matti",male,35.0,0,0,ston/o 2. 3101273,7.125,,s
869,3,"van melkebeke, mr. philemon",male,,0,0,345777,9.5,,s
447,2,"mellinger, miss. madeleine violet",female,13.0,0,1,250644,19.5,,s
746,1,"crosby, capt. edward gifford",male,70.0,1,1,we/p 5735,71.0,b22,s
442,3,"hampe, mr. leon",male,20.0,0,0,345769,9.5,,s
224,3,"nenkoff, mr. christo",male,,0,0,349234,7.8958,,s
283,3,"de pelsmaeker, mr. alfons",male,16.0,0,0,345778,9.5,,s
435,1,"silvey, mr. william baird",male,50.0,1,0,13507,55.9,e44,s
847,3,"sage, mr. douglas bullen",male,,8,2,ca. 2343,69.55,,s
739,3,"ivanoff, mr. kanio",male,,0,0,349201,7.8958,,s
92,3,"andreasson, mr. paul edvin",male,20.0,0,0,347466,7.8542,,s
33,3,"glynn, miss. mary agatha",female,,0,0,335677,7.75,,q
366,3,"adahl, mr. mauritz nils martin",male,30.0,0,0,c 7076,7.25,,s
101,3,"petranec, miss. matilda",female,28.0,0,0,349245,7.8958,,s
483,3,"rouse, mr. richard henry",male,50.0,0,0,a/5 3594,8.05,,s
772,3,"jensen, mr. niels peder",male,48.0,0,0,350047,7.8542,,s
820,3,"skoog, master. karl thorsten",male,10.0,3,2,347088,27.9,,s
148,3,"ford, miss. robina maggie ""ruby""",female,9.0,2,2,w./c. 6608,34.375,,s
793,3,"sage, miss. stella anna",female,,8,2,ca. 2343,69.55,,s
521,1,"perreault, miss. anne",female,30.0,0,0,12749,93.5,b73,s
20,3,"masselmani, mrs. fatima",female,,0,0,2649,7.225,,c
415,3,"sundman, mr. johan julian",male,44.0,0,0,ston/o 2. 3101269,7.925,,s
644,3,"foo, mr. choong",male,,0,0,1601,56.4958,,s
448,1,"seward, mr. frederic kimber",male,34.0,0,0,113794,26.55,,s
82,3,"sheerlinck, mr. jan baptist",male,29.0,0,0,345779,9.5,,s
343,2,"collander, mr. erik gustaf",male,28.0,0,0,248740,13.0,,s
691,1,"dick, mr. albert adrian",male,31.0,1,0,17474,57.0,b20,s
106,3,"mionoff, mr. stoytcho",male,28.0,0,0,349207,7.8958,,s
510,3,"lang, mr. fang",male,26.0,0,0,1601,56.4958,,s
295,3,"mineff, mr. ivan",male,24.0,0,0,349233,7.8958,,s
622,1,"kimball, mr. edwin nelson jr",male,42.0,1,0,11753,52.5542,d19,s
526,3,"farrell, mr. james",male,40.5,0,0,367232,7.75,,q
421,3,"gheorgheff, mr. stanio",male,,0,0,349254,7.8958,,c
176,3,"klasen, mr. klas albin",male,18.0,1,1,350404,7.8542,,s
438,2,"richards, mrs. sidney (emily hocking)",female,24.0,2,3,29106,18.75,,s
63,1,"harris, mr. henry birkhardt",male,45.0,1,0,36973,83.475,c83,s
284,3,"dorking, mr. edward arthur",male,19.0,0,0,a/5. 10482,8.05,,s
635,3,"skoog, miss. mabel",female,9.0,3,2,347088,27.9,,s
174,3,"sivola, mr. antti wilhelm",male,21.0,0,0,ston/o 2. 3101280,7.925,,s
800,3,"van impe, mrs. jean baptiste (rosalie paula govaert)",female,30.0,1,1,345773,24.15,,s
812,3,"lester, mr. james",male,39.0,0,0,a/4 48871,24.15,,s
594,3,"bourke, miss. mary",female,,0,2,364848,7.75,,q
325,3,"sage, mr. george john jr",male,,8,2,ca. 2343,69.55,,s
560,3,"de messemaeker, mrs. guillaume joseph (emma)",female,36.0,1,0,345572,17.4,,s
503,3,"o'sullivan, miss. bridget mary",female,,0,0,330909,7.6292,,q
645,3,"baclini, miss. eugenie",female,0.75,2,1,2666,19.2583,,c
792,2,"gaskell, mr. alfred",male,16.0,0,0,239865,26.0,,s
490,3,"coutts, master. eden leslie ""neville""",male,9.0,1,1,c.a. 37671,15.9,,s
861,3,"hansen, mr. claus peter",male,41.0,2,0,350026,14.1083,,s
658,3,"bourke, mrs. john (catherine)",female,32.0,1,1,364849,15.5,,q
227,2,"mellors, mr. william john",male,19.0,0,0,sw/pp 751,10.5,,s
51,3,"panula, master. juha niilo",male,7.0,4,1,3101295,39.6875,,s
488,1,"kent, mr. edward austin",male,58.0,0,0,11771,29.7,b37,c
572,1,"appleton, mrs. edward dale (charlotte lamson)",female,53.0,2,0,11769,51.4792,c101,s
261,3,"smith, mr. thomas",male,,0,0,384461,7.75,,q
769,3,"moran, mr. daniel j",male,,1,0,371110,24.15,,q
508,1,"bradley, mr. george (""george arthur brayton"")",male,,0,0,111427,26.55,,s
433,2,"louch, mrs. charles alexander (alice adelaide slow)",female,42.0,1,0,sc/ah 3085,26.0,,s
153,3,"meo, mr. alfonzo",male,55.5,0,0,a.5. 11206,8.05,,s
436,1,"carter, miss. lucile polk",female,14.0,1,2,113760,120.0,b96 b98,s
74,3,"chronopoulos, mr. apostolos",male,26.0,1,0,2680,14.4542,,c
181,3,"sage, miss. constance gladys",female,,8,2,ca. 2343,69.55,,s
267,3,"panula, mr. ernesti arvid",male,16.0,4,1,3101295,39.6875,,s
109,3,"rekic, mr. tido",male,38.0,0,0,349249,7.8958,,s
747,3,"abbott, mr. rossmore edward",male,16.0,1,1,c.a. 2673,20.25,,s
491,3,"hagland, mr. konrad mathias reiersen",male,,1,0,65304,19.9667,,s
697,3,"kelly, mr. james",male,44.0,0,0,363592,8.05,,s
789,3,"dean, master. bertram vere",male,1.0,1,2,c.a. 2315,20.575,,s
356,3,"vanden steen, mr. leo peter",male,28.0,0,0,345783,9.5,,s
320,1,"spedden, mrs. frederic oakley (margaretta corning stone)",female,40.0,1,1,16966,134.5,e34,c
188,1,"romaine, mr. charles hallace (""mr c rolmane"")",male,45.0,0,0,111428,26.55,,s
141,3,"boulos, mrs. joseph (sultana)",female,,0,2,2678,15.2458,,c
538,1,"leroy, miss. bertha",female,30.0,0,0,pc 17761,106.425,,c
392,3,"jansson, mr. carl olof",male,21.0,0,0,350034,7.7958,,s
250,2,"carter, rev. ernest courtenay",male,54.0,1,0,244252,26.0,,s
403,3,"jussila, miss. mari aina",female,21.0,1,0,4137,9.825,,s
482,2,"frost, mr. anthony wood ""archie""",male,,0,0,239854,0.0,,s
158,3,"corn, mr. harry",male,30.0,0,0,soton/oq 392090,8.05,,s
870,3,"johnson, master. harold theodor",male,4.0,1,1,347742,11.1333,,s
198,3,"olsen, mr. karl siegwart andreas",male,42.0,0,1,4579,8.4042,,s
429,3,"flynn, mr. james",male,,0,0,364851,7.75,,q
177,3,"lefebre, master. henry forbes",male,,3,1,4133,25.4667,,s
573,1,"flynn, mr. john irwin (""irving"")",male,36.0,0,0,pc 17474,26.3875,e25,s
520,3,"pavlovic, mr. stefo",male,32.0,0,0,349242,7.8958,,s
157,3,"gilnagh, miss. katherine ""katie""",female,16.0,0,0,35851,7.7333,,q
100,2,"kantor, mr. sinai",male,34.0,1,0,244367,26.0,,s
618,3,"lobb, mrs. william arthur (cordelia k stanlick)",female,26.0,1,0,a/5. 3336,16.1,,s
228,3,"lovell, mr. john hall (""henry"")",male,20.5,0,0,a/5 21173,7.25,,s
616,2,"herman, miss. alice",female,24.0,1,2,220845,65.0,,s
342,1,"fortune, miss. alice elizabeth",female,24.0,3,2,19950,263.0,c23 c25 c27,s
689,3,"fischer, mr. eberhard thelander",male,18.0,0,0,350036,7.7958,,s
826,3,"flynn, mr. john",male,,0,0,368323,6.95,,q
665,3,"lindqvist, mr. eino william",male,20.0,1,0,ston/o 2. 3101285,7.925,,s
410,3,"lefebre, miss. ida",female,,3,1,4133,25.4667,,s
140,1,"giglio, mr. victor",male,24.0,0,0,pc 17593,79.2,b86,c
571,2,"harris, mr. george",male,62.0,0,0,s.w./pp 752,10.5,,s
431,1,"bjornstrom-steffansson, mr. mauritz hakan",male,28.0,0,0,110564,26.55,c52,s
504,3,"laitinen, miss. kristina sofia",female,37.0,0,0,4135,9.5875,,s
376,1,"meyer, mrs. edgar joseph (leila saks)",female,,1,0,pc 17604,82.1708,,c
203,3,"johanson, mr. jakob alfred",male,34.0,0,0,3101264,6.4958,,s
798,3,"osman, mrs. mara",female,31.0,0,0,349244,8.6833,,s
742,1,"cavendish, mr. tyrell william",male,36.0,1,0,19877,78.85,c46,s
464,2,"milling, mr. jacob christian",male,48.0,0,0,234360,13.0,,s
247,3,"lindahl, miss. agda thorilda viktoria",female,25.0,0,0,347071,7.775,,s
513,1,"mcgough, mr. james robert",male,36.0,0,0,pc 17473,26.2875,e25,s
391,1,"carter, mr. william ernest",male,36.0,1,2,113760,120.0,b96 b98,s
563,2,"norman, mr. robert douglas",male,28.0,0,0,218629,13.5,,s
257,1,"thorne, mrs. gertrude maybelle",female,,0,0,pc 17585,79.2,,c
293,2,"levy, mr. rene jacques",male,36.0,0,0,sc/paris 2163,12.875,d,c
780,1,"robert, mrs. edward scott (elisabeth walton mcmillan)",female,43.0,0,1,24160,211.3375,b3,s
738,1,"lesurer, mr. gustave j",male,35.0,0,0,pc 17755,512.3292,b101,c
110,3,"moran, miss. bertha",female,,1,0,371110,24.15,,q
549,3,"goldsmith, mr. frank john",male,33.0,1,1,363291,20.525,,s
377,3,"landergren, miss. aurora adelia",female,22.0,0,0,c 7077,7.25,,s
821,1,"hays, mrs. charles melville (clara jennings gregg)",female,52.0,1,1,12749,93.5,b69,s
462,3,"morley, mr. william",male,34.0,0,0,364506,8.05,,s
656,2,"hickman, mr. leonard mark",male,24.0,2,0,s.o.c. 14879,73.5,,s
735,2,"troupiansky, mr. moses aaron",male,23.0,0,0,233639,13.0,,s
413,1,"minahan, miss. daisy e",female,33.0,1,0,19928,90.0,c78,q
551,1,"thayer, mr. john borland jr",male,17.0,0,2,17421,110.8833,c70,c
152,1,"pears, mrs. thomas (edith wearne)",female,22.0,1,0,113776,66.6,c2,s
105,3,"gustafsson, mr. anders vilhelm",male,37.0,2,0,3101276,7.925,,s
669,3,"cook, mr. jacob",male,43.0,0,0,a/5 3536,8.05,,s
782,1,"dick, mrs. albert adrian (vera gillespie)",female,17.0,1,0,17474,57.0,b20,s
516,1,"walker, mr. william anderson",male,47.0,0,0,36967,34.0208,d46,s
530,2,"hocking, mr. richard george",male,23.0,2,1,29104,11.5,,s
767,1,"brewe, dr. arthur jackson",male,,0,0,112379,39.6,,c
166,3,"goldsmith, master. frank john william ""frankie""",male,9.0,0,2,363291,20.525,,s
704,3,"gallagher, mr. martin",male,25.0,0,0,36864,7.7417,,q
802,2,"collyer, mrs. harvey (charlotte annie tate)",female,31.0,1,1,c.a. 31921,26.25,,s
252,3,"strom, mrs. wilhelm (elna matilda persson)",female,29.0,1,1,347054,10.4625,g6,s
385,3,"plotcharsky, mr. vasil",male,,0,0,349227,7.8958,,s
554,3,"leeni, mr. fahim (""philip zenni"")",male,22.0,0,0,2620,7.225,,c
321,3,"dennis, mr. samuel",male,22.0,0,0,a/5 21172,7.25,,s
314,3,"hendekovic, mr. ignjac",male,28.0,0,0,349243,7.8958,,s
196,1,"lurette, miss. elise",female,58.0,0,0,pc 17569,146.5208,b80,c
846,3,"abbing, mr. anthony",male,42.0,0,0,c.a. 5547,7.55,,s
42,2,"turpin, mrs. william john robert (dorothy ann wonnacott)",female,27.0,1,0,11668,21.0,,s
68,3,"crease, mr. ernest james",male,19.0,0,0,s.p. 3464,8.1583,,s
852,3,"svensson, mr. johan",male,74.0,0,0,347060,7.775,,s
574,3,"kelly, miss. mary",female,,0,0,14312,7.75,,q
384,1,"holverson, mrs. alexander oskar (mary aline towner)",female,35.0,1,0,113789,52.0,,s
168,3,"skoog, mrs. william (anna bernhardina karlsson)",female,45.0,1,4,347088,27.9,,s
225,1,"hoyt, mr. frederick maxfield",male,38.0,1,0,19943,90.0,c93,s
569,3,"doharr, mr. tannous",male,,0,0,2686,7.2292,,c
676,3,"edvardsson, mr. gustaf hjalmar",male,18.0,0,0,349912,7.775,,s
681,3,"peters, miss. katie",female,,0,0,330935,8.1375,,q
256,3,"touma, mrs. darwis (hanne youssef razi)",female,29.0,0,2,2650,15.2458,,c
877,3,"gustafsson, mr. alfred ossian",male,20.0,0,0,7534,9.8458,,s
859,3,"baclini, mrs. solomon (latifa qurban)",female,24.0,0,3,2666,19.2583,,c
52,3,"nosworthy, mr. richard cater",male,21.0,0,0,a/4. 39886,7.8,,s
668,3,"rommetvedt, mr. knud paust",male,,0,0,312993,7.775,,s
292,1,"bishop, mrs. dickinson h (helen walton)",female,19.0,1,0,11967,91.0792,b49,c
217,3,"honkanen, miss. eliina",female,27.0,0,0,ston/o2. 3101283,7.925,,s
116,3,"pekoniemi, mr. edvard",male,21.0,0,0,ston/o 2. 3101294,7.925,,s
882,3,"markun, mr. johann",male,33.0,0,0,349257,7.8958,,s
440,2,"kvillner, mr. johan henrik johannesson",male,31.0,0,0,c.a. 18723,10.5,,s
72,3,"goodwin, miss. lillian amy",female,16.0,5,2,ca 2144,46.9,,s
703,3,"barbara, miss. saiide",female,18.0,0,1,2691,14.4542,,c
389,3,"sadlier, mr. matthew",male,,0,0,367655,7.7292,,q
132,3,"coelho, mr. domingos fernandeo",male,20.0,0,0,soton/o.q. 3101307,7.05,,s
611,3,"andersson, mrs. anders johan (alfrida konstantia brogren)",female,39.0,1,5,347082,31.275,,s
73,2,"hood, mr. ambrose jr",male,21.0,0,0,s.o.c. 14879,73.5,,s
127,3,"mcmahon, mr. martin",male,,0,0,370372,7.75,,q
28,1,"fortune, mr. charles alexander",male,19.0,3,2,19950,263.0,c23 c25 c27,s
743,1,"ryerson, miss. susan parker ""suzette""",female,21.0,2,2,pc 17608,262.375,b57 b59 b63 b66,c
245,3,"attalah, mr. sleiman",male,30.0,0,0,2694,7.225,,c
200,2,"yrois, miss. henriette (""mrs harbeck"")",female,24.0,0,0,248747,13.0,,s
527,2,"ridsdale, miss. lucy",female,50.0,0,0,w./c. 14258,10.5,,s
45,3,"devaney, miss. margaret delia",female,19.0,0,0,330958,7.8792,,q
519,2,"angle, mrs. william a (florence ""mary"" agnes hughes)",female,36.0,1,0,226875,26.0,,s
741,1,"hawksford, mr. walter james",male,,0,0,16988,30.0,d45,s
758,2,"bailey, mr. percy andrew",male,18.0,0,0,29108,11.5,,s
414,2,"cunningham, mr. alfred fleming",male,,0,0,239853,0.0,,s
810,1,"chambers, mrs. norman campbell (bertha griggs)",female,33.0,1,0,113806,53.1,e8,s
837,3,"pasic, mr. jakob",male,21.0,0,0,315097,8.6625,,s
386,2,"davies, mr. charles henry",male,18.0,0,0,s.o.c. 14879,73.5,,s
819,3,"holm, mr. john fredrik alexander",male,43.0,0,0,c 7075,6.45,,s
401,3,"niskanen, mr. juha",male,39.0,0,0,ston/o 2. 3101289,7.925,,s
545,1,"douglas, mr. walter donald",male,50.0,1,0,pc 17761,106.425,c86,c
876,3,"najib, miss. adele kiamie ""jane""",female,15.0,0,0,2667,7.225,,c
467,2,"campbell, mr. william",male,,0,0,239853,0.0,,s
298,1,"allison, miss. helen loraine",female,2.0,1,2,113781,151.55,c22 c26,s
474,2,"jerwan, mrs. amin s (marie marthe thuillard)",female,23.0,0,0,sc/ah basle 541,13.7917,d,c
308,1,"penasco y castellana, mrs. victor de satode (maria josefa perez de soto y vallejo)",female,17.0,1,0,pc 17758,108.9,c65,c
595,2,"chapman, mr. john henry",male,37.0,1,0,sc/ah 29037,26.0,,s
680,1,"cardeza, mr. thomas drake martinez",male,36.0,0,1,pc 17755,512.3292,b51 b53 b55,c
351,3,"odahl, mr. nils martin",male,23.0,0,0,7267,9.225,,s
484,3,"turkula, mrs. (hedwig)",female,63.0,0,0,4134,9.5875,,s
47,3,"lennon, mr. denis",male,,1,0,370371,15.5,,q
886,3,"rice, mrs. william (margaret norton)",female,39.0,0,5,382652,29.125,,q
394,1,"newell, miss. marjorie",female,23.0,1,0,35273,113.275,d36,c
824,3,"moor, mrs. (beila)",female,27.0,0,1,392096,12.475,e121,s
511,3,"daly, mr. eugene patrick",male,29.0,0,0,382651,7.75,,q
425,3,"rosblom, mr. viktor richard",male,18.0,1,1,370129,20.2125,,s
23,3,"mcgowan, miss. anna ""annie""",female,15.0,0,0,330923,8.0292,,q
586,1,"taussig, miss. ruth",female,18.0,0,2,110413,79.65,e68,s
604,3,"torber, mr. ernst william",male,44.0,0,0,364511,8.05,,s
722,3,"jensen, mr. svend lauritz",male,17.0,1,0,350048,7.0542,,s
830,1,"stone, mrs. george nelson (martha evelyn)",female,62.0,0,0,113572,80.0,b28,
151,2,"bateman, rev. robert james",male,51.0,0,0,s.o.p. 1166,12.525,,s
285,1,"smith, mr. richard william",male,,0,0,113056,26.0,a19,s
416,3,"meek, mrs. thomas (annie louise rowley)",female,,0,0,343095,8.05,,s
479,3,"karlsson, mr. nils august",male,22.0,0,0,350060,7.5208,,s
209,3,"carr, miss. helen ""ellen""",female,16.0,0,0,367231,7.75,,q
579,3,"caram, mrs. joseph (maria elias)",female,,1,0,2689,14.4583,,c
871,3,"balkic, mr. cerin",male,26.0,0,0,349248,7.8958,,s
290,3,"connolly, miss. kate",female,22.0,0,0,370373,7.75,,q
170,3,"ling, mr. lee",male,28.0,0,0,1601,56.4958,,s
361,3,"skoog, mr. wilhelm",male,40.0,1,4,347088,27.9,,s
145,2,"andrew, mr. edgardo samuel",male,18.0,0,0,231945,11.5,,s
753,3,"vande velde, mr. johannes joseph",male,33.0,0,0,345780,9.5,,s
279,3,"rice, master. eric",male,7.0,4,1,382652,29.125,,q
724,2,"hodges, mr. henry price",male,50.0,0,0,250643,13.0,,s
755,2,"herman, mrs. samuel (jane laver)",female,48.0,1,2,220845,65.0,,s
672,1,"davidson, mr. thornton",male,31.0,1,0,f.c. 12750,52.0,b71,s
469,3,"scanlan, mr. james",male,,0,0,36209,7.725,,q
785,3,"ali, mr. william",male,25.0,0,0,soton/o.q. 3101312,7.05,,s
65,1,"stewart, mr. albert a",male,,0,0,pc 17605,27.7208,,c
183,3,"asplund, master. clarence gustaf hugo",male,9.0,4,2,347077,31.3875,,s
760,1,"rothes, the countess. of (lucy noel martha dyer-edwards)",female,33.0,0,0,110152,86.5,b77,s
690,1,"madill, miss. georgette alexandra",female,15.0,0,1,24160,211.3375,b5,s
270,1,"bissette, miss. amelia",female,35.0,0,0,pc 17760,135.6333,c99,s
85,2,"ilett, miss. bertha",female,17.0,0,0,so/c 14885,10.5,,s
62,1,"icard, miss. amelie",female,38.0,0,0,113572,80.0,b28,
770,3,"gronnestad, mr. daniel danielsen",male,32.0,0,0,8471,8.3625,,s
67,2,"nye, mrs. (elizabeth ramell)",female,29.0,0,0,c.a. 29395,10.5,f33,s
154,3,"van billiard, mr. austin blyler",male,40.5,0,2,a/5. 851,14.5,,s
441,2,"hart, mrs. benjamin (esther ada bloomfield)",female,45.0,1,1,f.c.c. 13529,26.25,,s
155,3,"olsen, mr. ole martin",male,,0,0,fa 265302,7.3125,,s
150,2,"byles, rev. thomas roussel davids",male,42.0,0,0,244310,13.0,,s
556,1,"wright, mr. george",male,62.0,0,0,113807,26.55,,s
858,1,"daly, mr. peter denis ",male,51.0,0,0,113055,26.55,e17,s
576,3,"patchett, mr. george",male,19.0,0,0,358585,14.5,,s
86,3,"backstrom, mrs. karl alfred (maria mathilda gustafsson)",female,33.0,3,0,3101278,15.85,,s
492,3,"windelov, mr. einar",male,21.0,0,0,soton/oq 3101317,7.25,,s
468,1,"smart, mr. john montgomery",male,56.0,0,0,113792,26.55,,s
646,1,"harper, mr. henry sleeper",male,48.0,1,0,pc 17572,76.7292,d33,c
294,3,"haas, miss. aloisia",female,24.0,0,0,349236,8.85,,s
773,2,"mack, mrs. (mary)",female,57.0,0,0,s.o./p.p. 3,10.5,e77,s
761,3,"garfirth, mr. john",male,,0,0,358585,14.5,,s
69,3,"andersson, miss. erna alexandra",female,17.0,4,2,3101281,7.925,,s
768,3,"mangan, miss. mary",female,30.5,0,0,364850,7.75,,q
312,1,"ryerson, miss. emily borie",female,18.0,2,2,pc 17608,262.375,b57 b59 b63 b66,c
346,2,"brown, miss. amelia ""mildred""",female,24.0,0,0,248733,13.0,f33,s
160,3,"sage, master. thomas henry",male,,8,2,ca. 2343,69.55,,s
678,3,"turja, miss. anna sofia",female,18.0,0,0,4138,9.8417,,s
373,3,"beavan, mr. william thomas",male,19.0,0,0,323951,8.05,,s
395,3,"sandstrom, mrs. hjalmar (agnes charlotta bengtsson)",female,24.0,0,2,pp 9549,16.7,g6,s
509,3,"olsen, mr. henry margido",male,28.0,0,0,c 4001,22.525,,s
164,3,"calic, mr. jovo",male,17.0,0,0,315093,8.6625,,s
331,3,"mccoy, miss. agnes",female,,2,0,367226,23.25,,q
398,2,"mckane, mr. peter david",male,46.0,0,0,28403,26.0,,s
70,3,"kink, mr. vincenz",male,26.0,2,0,315151,8.6625,,s
268,3,"persson, mr. ernst ulrik",male,25.0,1,0,347083,7.775,,s
189,3,"bourke, mr. john",male,40.0,1,1,364849,15.5,,q
702,1,"silverthorne, mr. spencer victor",male,35.0,0,0,pc 17475,26.2875,e24,s
552,2,"sharp, mr. percival james r",male,27.0,0,0,244358,26.0,,s
319,1,"wick, miss. mary natalie",female,31.0,0,2,36928,164.8667,c7,s
13,3,"saundercock, mr. william henry",male,20.0,0,0,a/5. 2151,8.05,,s
10,2,"nasser, mrs. nicholas (adele achem)",female,14.0,1,0,237736,30.0708,,c
701,1,"astor, mrs. john jacob (madeleine talmadge force)",female,18.0,1,0,pc 17757,227.525,c62 c64,c
32,1,"spencer, mrs. william augustus (marie eugenie)",female,,1,0,pc 17569,146.5208,b78,c
97,1,"goldschmidt, mr. george b",male,71.0,0,0,pc 17754,34.6542,a5,c
730,3,"ilmakangas, miss. pieta sofia",female,25.0,1,0,ston/o2. 3101271,7.925,,s
566,3,"davies, mr. alfred j",male,24.0,2,0,a/4 48871,24.15,,s
243,2,"coleridge, mr. reginald charles",male,29.0,0,0,w./c. 14263,10.5,,s
445,3,"johannesen-bratthammer, mr. bernt",male,,0,0,65306,8.1125,,s
475,3,"strandberg, miss. ida sofia",female,22.0,0,0,7553,9.8375,,s
375,3,"palsson, miss. stina viola",female,3.0,3,1,349909,21.075,,s
502,3,"canavan, miss. mary",female,21.0,0,0,364846,7.75,,q
776,3,"myhrman, mr. pehr fabian oliver malkolm",male,18.0,0,0,347078,7.75,,s
675,2,"watson, mr. ennis hastings",male,,0,0,239856,0.0,,s
501,3,"calic, mr. petar",male,17.0,0,0,315086,8.6625,,s
885,3,"sutehall, mr. henry jr",male,25.0,0,0,soton/oq 392076,7.05,,s
333,1,"graham, mr. george edward",male,38.0,0,1,pc 17582,153.4625,c91,s
251,3,"reed, mr. james george",male,,0,0,362316,7.25,,s
340,1,"blackwell, mr. stephen weart",male,45.0,0,0,113784,35.5,t,s
19,3,"vander planke, mrs. julius (emelia maria vandemoortele)",female,31.0,1,0,345763,18.0,,s
115,3,"attalah, miss. malake",female,17.0,0,0,2627,14.4583,,c
685,2,"brown, mr. thomas william solomon",male,60.0,1,1,29750,39.0,,s
453,1,"foreman, mr. benjamin laventall",male,30.0,0,0,113051,27.75,c111,c
137,1,"newsom, miss. helen monypeny",female,19.0,0,2,11752,26.2833,d47,s
715,2,"greenberg, mr. samuel",male,52.0,0,0,250647,13.0,,s
206,3,"strom, miss. telma matilda",female,2.0,0,1,347054,10.4625,g6,s
603,1,"harrington, mr. charles h",male,,0,0,113796,42.4,,s
214,2,"givard, mr. hans kristensen",male,30.0,0,0,250646,13.0,,s
514,1,"rothschild, mrs. martin (elizabeth l. barrett)",female,54.0,1,0,pc 17603,59.4,,c
350,3,"dimic, mr. jovan",male,42.0,0,0,315088,8.6625,,s
827,3,"lam, mr. len",male,,0,0,1601,56.4958,,s
335,1,"frauenthal, mrs. henry william (clara heinsheimer)",female,,1,0,pc 17611,133.65,,s
524,1,"hippach, mrs. louis albert (ida sophia fischer)",female,44.0,0,1,111361,57.9792,b18,c
602,3,"slabenoff, mr. petco",male,,0,0,349214,7.8958,,s
472,3,"cacic, mr. luka",male,38.0,0,0,315089,8.6625,,s
561,3,"morrow, mr. thomas rowan",male,,0,0,372622,7.75,,q
390,2,"lehmann, miss. bertha",female,17.0,0,0,sc 1748,12.0,,c
512,3,"webber, mr. james",male,,0,0,soton/oq 3101316,8.05,,s
673,2,"mitchell, mr. henry michael",male,70.0,0,0,c.a. 24580,10.5,,s
659,2,"eitemiller, mr. george floyd",male,23.0,0,0,29751,13.0,,s
328,2,"ball, mrs. (ada e hall)",female,36.0,0,0,28551,13.0,d,s
289,2,"hosono, mr. masabumi",male,42.0,0,0,237798,13.0,,s
88,3,"slocovski, mr. selman francis",male,,0,0,soton/oq 392086,8.05,,s
104,3,"johansson, mr. gustaf joel",male,33.0,0,0,7540,8.6542,,s
310,1,"francatelli, miss. laura mabel",female,30.0,0,0,pc 17485,56.9292,e36,c
764,1,"carter, mrs. william ernest (lucile polk)",female,36.0,1,2,113760,120.0,b96 b98,s
218,2,"jacobsohn, mr. sidney samuel",male,42.0,1,0,243847,27.0,,s
94,3,"dean, mr. bertram frank",male,26.0,1,2,c.a. 2315,20.575,,s
614,3,"horgan, mr. john",male,,0,0,370377,7.75,,q
783,1,"long, mr. milton clyde",male,29.0,0,0,113501,30.0,d6,s
55,1,"ostby, mr. engelhart cornelius",male,65.0,0,1,113509,61.9792,b30,c
795,3,"dantcheff, mr. ristiu",male,25.0,0,0,349203,7.8958,,s
693,3,"lam, mr. ali",male,,0,0,1601,56.4958,,s
332,1,"partner, mr. austen",male,45.5,0,0,113043,28.5,c124,s
216,1,"newell, miss. madeleine",female,31.0,1,0,35273,113.275,d36,c
311,1,"hays, miss. margaret bechstein",female,24.0,0,0,11767,83.1583,c54,c
891,3,"dooley, mr. patrick",male,32.0,0,0,370376,7.75,,q
615,3,"brocklebank, mr. william alfred",male,35.0,0,0,364512,8.05,,s
815,3,"tomlin, mr. ernest portage",male,30.5,0,0,364499,8.05,,s
304,2,"keane, miss. nora a",female,,0,0,226593,12.35,e101,q
179,2,"hale, mr. reginald",male,30.0,0,0,250653,13.0,,s
397,3,"olsson, miss. elina",female,31.0,0,0,350407,7.8542,,s
805,3,"hedman, mr. oskar arvid",male,27.0,0,0,347089,6.975,,s
539,3,"risien, mr. samuel beard",male,,0,0,364498,14.5,,s
868,1,"roebling, mr. washington augustus ii",male,31.0,0,0,pc 17590,50.4958,a24,s
29,3,"o'dwyer, miss. ellen ""nellie""",female,,0,0,330959,7.8792,,q
719,3,"mcevoy, mr. michael",male,,0,0,36568,15.5,,q
495,3,"stanley, mr. edward roland",male,21.0,0,0,a/4 45380,8.05,,s
191,2,"pinsky, mrs. (rosa)",female,32.0,0,0,234604,13.0,,s
781,3,"ayoub, miss. banoura",female,13.0,0,0,2687,7.2292,,c
30,3,"todoroff, mr. lalio",male,,0,0,349216,7.8958,,s
338,1,"burns, miss. elizabeth margaret",female,41.0,0,0,16966,134.5,e40,c
763,3,"barah, mr. hanna assi",male,20.0,0,0,2663,7.2292,,c
775,2,"hocking, mrs. elizabeth (eliza needs)",female,54.0,1,3,29105,23.0,,s
797,1,"leader, dr. alice (farnham)",female,49.0,0,0,17465,25.9292,d17,s
533,3,"elias, mr. joseph jr",male,17.0,1,1,2690,7.2292,,c
259,1,"ward, miss. anna",female,35.0,0,0,pc 17755,512.3292,,c
426,3,"wiseman, mr. phillippe",male,,0,0,a/4. 34244,7.25,,s
677,3,"sawyer, mr. frederick charles",male,24.5,0,0,342826,8.05,,s
173,3,"johnson, miss. eleanor ileen",female,1.0,1,1,347742,11.1333,,s
807,1,"andrews, mr. thomas jr",male,39.0,0,0,112050,0.0,a36,s
749,1,"marvin, mr. daniel warner",male,19.0,1,0,113773,53.1,d30,s
281,3,"duane, mr. frank",male,65.0,0,0,336439,7.75,,q
546,1,"nicholson, mr. arthur ernest",male,64.0,0,0,693,26.0,,s
99,2,"doling, mrs. john t (ada julia bone)",female,34.0,0,1,231919,23.0,,s
341,2,"navratil, master. edmond roger",male,2.0,1,1,230080,26.0,f2,s
358,2,"funk, miss. annie clemmer",female,38.0,0,0,237671,13.0,,s
621,3,"yasbeck, mr. antoni",male,27.0,1,0,2659,14.4542,,c
322,3,"danoff, mr. yoto",male,27.0,0,0,349219,7.8958,,s
630,3,"o'connell, mr. patrick d",male,,0,0,334912,7.7333,,q
349,3,"coutts, master. william loch ""william""",male,3.0,1,1,c.a. 37671,15.9,,s
737,3,"ford, mrs. edward (margaret ann watson)",female,48.0,1,3,w./c. 6608,34.375,,s
587,2,"jarvis, mr. john denzil",male,47.0,0,0,237565,15.0,,s
107,3,"salkjelsvik, miss. anna kristine",female,21.0,0,0,343120,7.65,,s
567,3,"stoytcheff, mr. ilia",male,19.0,0,0,349205,7.8958,,s
222,2,"bracken, mr. james h",male,27.0,0,0,220367,13.0,,s
146,2,"nicholls, mr. joseph charles",male,19.0,1,1,c.a. 33112,36.75,,s
272,3,"tornquist, mr. william henry",male,25.0,0,0,line,0.0,,s
627,2,"kirkland, rev. charles leonard",male,57.0,0,0,219533,12.35,,q
90,3,"celotti, mr. francesco",male,24.0,0,0,343275,8.05,,s
142,3,"nysten, miss. anna sofia",female,22.0,0,0,347081,7.75,,s
302,3,"mccoy, mr. bernard",male,,2,0,367226,23.25,,q
804,3,"thomas, master. assad alexander",male,0.42,0,1,2625,8.5167,,c
352,1,"williams-lambert, mr. fletcher fellows",male,,0,0,113510,35.0,c128,s
21,2,"fynney, mr. joseph j",male,35.0,0,0,239865,26.0,,s
443,3,"petterson, mr. johan emil",male,25.0,1,0,347076,7.775,,s
223,3,"green, mr. george henry",male,51.0,0,0,21440,8.05,,s
193,3,"andersen-jensen, miss. carla christine nielsine",female,19.0,1,0,350046,7.8542,,s
787,3,"sjoblom, miss. anna sofia",female,18.0,0,0,3101265,7.4958,,s
629,3,"bostandyeff, mr. guentcho",male,26.0,0,0,349224,7.8958,,s
126,3,"nicola-yarred, master. elias",male,12.0,1,0,2651,11.2417,,c
80,3,"dowdell, miss. elizabeth",female,30.0,0,0,364516,12.475,,s
371,1,"harder, mr. george achilles",male,25.0,1,0,11765,55.4417,e50,c
240,2,"hunt, mr. george henry",male,33.0,0,0,sco/w 1585,12.275,,s
18,2,"williams, mr. charles eugene",male,,0,0,244373,13.0,,s
187,3,"o'brien, mrs. thomas (johanna ""hannah"" godfrey)",female,,1,0,370365,15.5,,q
1,3,"braund, mr. owen harris",male,22.0,1,0,a/5 21171,7.25,,s
409,3,"birkeland, mr. hans martin monsen",male,21.0,0,0,312992,7.775,,s
76,3,"moen, mr. sigurd hansen",male,25.0,0,0,348123,7.65,f g73,s
3,3,"heikkinen, miss. laina",female,26.0,0,0,ston/o2. 3101282,7.925,,s
339,3,"dahl, mr. karl edwart",male,45.0,0,0,7598,8.05,,s
300,1,"baxter, mrs. james (helene delaudeniere chaput)",female,50.0,0,1,pc 17558,247.5208,b58 b60,c
461,1,"anderson, mr. harry",male,48.0,0,0,19952,26.55,e12,s
706,2,"morley, mr. henry samuel (""mr henry marshall"")",male,39.0,0,0,250655,26.0,,s
833,3,"saad, mr. amin",male,,0,0,2671,7.2292,,c
473,2,"west, mrs. edwy arthur (ada mary worth)",female,33.0,1,2,c.a. 34651,27.75,,s
143,3,"hakkarainen, mrs. pekka pietari (elin matilda dolck)",female,24.0,1,0,ston/o2. 3101279,15.85,,s
855,2,"carter, mrs. ernest courtenay (lilian hughes)",female,44.0,1,0,244252,26.0,,s
323,2,"slayter, miss. hilda mary",female,30.0,0,0,234818,12.35,,q
762,3,"nirva, mr. iisakki antino aijo",male,41.0,0,0,soton/o2 3101272,7.125,,s
534,3,"peter, mrs. catherine (catherine rizk)",female,,0,2,2668,22.3583,,c
399,2,"pain, dr. alfred",male,23.0,0,0,244278,10.5,,s
649,3,"willey, mr. edward",male,,0,0,s.o./p.p. 751,7.55,,s
679,3,"goodwin, mrs. frederick (augusta tyler)",female,43.0,1,6,ca 2144,46.9,,s
380,3,"gustafsson, mr. karl gideon",male,19.0,0,0,347069,7.775,,s
712,1,"klaber, mr. herman",male,,0,0,113028,26.55,c124,s
149,2,"navratil, mr. michel (""louis m hoffman"")",male,36.5,0,2,230080,26.0,f2,s
412,3,"hart, mr. henry",male,,0,0,394140,6.8583,,q
114,3,"jussila, miss. katriina",female,20.0,1,0,4136,9.825,,s
654,3,"o'leary, miss. hanora ""norah""",female,,0,0,330919,7.8292,,q
434,3,"kallio, mr. nikolai erland",male,17.0,0,0,ston/o 2. 3101274,7.125,,s
544,2,"beane, mr. edward",male,32.0,1,0,2908,26.0,,s
535,3,"cacic, miss. marija",female,30.0,0,0,315084,8.6625,,s
180,3,"leonard, mr. lionel",male,36.0,0,0,line,0.0,,s
864,3,"sage, miss. dorothy edith ""dolly""",female,,8,2,ca. 2343,69.55,,s
839,3,"chip, mr. chang",male,32.0,0,0,1601,56.4958,,s
723,2,"gillespie, mr. william henry",male,34.0,0,0,12233,13.0,,s
226,3,"berglund, mr. karl ivar sven",male,22.0,0,0,pp 4348,9.35,,s
309,2,"abelson, mr. samuel",male,30.0,1,0,p/pp 3381,24.0,,c
4,1,"futrelle, mrs. jacques heath (lily may peel)",female,35.0,1,0,113803,53.1,c123,s
113,3,"barton, mr. david john",male,22.0,0,0,324669,8.05,,s
128,3,"madsen, mr. fridtjof arne",male,24.0,0,0,c 17369,7.1417,,s
610,1,"shutes, miss. elizabeth w",female,40.0,0,0,pc 17582,153.4625,c125,s
9,3,"johnson, mrs. oscar w (elisabeth vilhelmina berg)",female,27.0,0,2,347742,11.1333,,s
278,2,"parkes, mr. francis ""frank""",male,,0,0,239853,0.0,,s
548,2,"padro y manent, mr. julian",male,,0,0,sc/paris 2146,13.8625,,c
803,1,"carter, master. william thornton ii",male,11.0,1,2,113760,120.0,b96 b98,s
89,1,"fortune, miss. mabel helen",female,23.0,3,2,19950,263.0,c23 c25 c27,s
430,3,"pickard, mr. berk (berk trembisky)",male,32.0,0,0,soton/o.q. 392078,8.05,e10,s
499,1,"allison, mrs. hudson j c (bessie waldo daniels)",female,25.0,1,2,113781,151.55,c22 c26,s
620,2,"gavey, mr. lawrence",male,26.0,0,0,31028,10.5,,s
642,1,"sagesser, mlle. emma",female,24.0,0,0,pc 17477,69.3,b35,c
650,3,"stanley, miss. amy zillah elsie",female,23.0,0,0,ca. 2314,7.55,,s
98,1,"greenfield, mr. william bertram",male,23.0,0,1,pc 17759,63.3583,d10 d12,c
241,3,"zabour, miss. thamine",female,,1,0,2665,14.4542,,c
360,3,"mockler, miss. helen mary ""ellie""",female,,0,0,330980,7.8792,,q
265,3,"henry, miss. delia",female,,0,0,382649,7.75,,q
541,1,"crosby, miss. harriet r",female,36.0,0,2,we/p 5735,71.0,b22,s
863,1,"swift, mrs. frederick joel (margaret welles barron)",female,48.0,0,0,17466,25.9292,d17,s
458,1,"kenyon, mrs. frederick r (marion)",female,,1,0,17464,51.8625,d21,s
456,3,"jalsevac, mr. ivan",male,29.0,0,0,349240,7.8958,,c
254,3,"lobb, mr. william arthur",male,30.0,1,0,a/5. 3336,16.1,,s
271,1,"cairns, mr. alexander",male,,0,0,113798,31.0,,s
498,3,"shellard, mr. frederick william",male,,0,0,c.a. 6212,15.1,,s
745,3,"stranden, mr. juho",male,31.0,0,0,ston/o 2. 3101288,7.925,,s
600,1,"duff gordon, sir. cosmo edmund (""mr morgan"")",male,49.0,1,0,pc 17485,56.9292,a20,c
159,3,"smiljanic, mr. mile",male,,0,0,315037,8.6625,,s
329,3,"goldsmith, mrs. frank john (emily alice brown)",female,31.0,1,1,363291,20.525,,s
778,3,"emanuel, miss. virginia ethel",female,5.0,0,0,364516,12.475,,s
77,3,"staneff, mr. ivan",male,,0,0,349208,7.8958,,s
599,3,"boulos, mr. hanna",male,,0,0,2664,7.225,,c
446,1,"dodge, master. washington",male,4.0,0,2,33638,81.8583,a34,s
732,3,"hassan, mr. houssein g n",male,11.0,0,0,2699,18.7875,,c
449,3,"baclini, miss. marie catherine",female,5.0,2,1,2666,19.2583,,c
318,2,"moraweck, dr. ernest",male,54.0,0,0,29011,14.0,,s
169,1,"baumann, mr. john d",male,,0,0,pc 17318,25.925,,s
246,1,"minahan, dr. william edward",male,44.0,2,0,19928,90.0,c78,q
451,2,"west, mr. edwy arthur",male,36.0,1,2,c.a. 34651,27.75,,s
779,3,"kilgannon, mr. thomas j",male,,0,0,36865,7.7375,,q
71,2,"jenkin, mr. stephen curnow",male,32.0,0,0,c.a. 33111,10.5,,s
754,3,"jonkoff, mr. lalio",male,23.0,0,0,349204,7.8958,,s
857,1,"wick, mrs. george dennick (mary hitchcock)",female,45.0,1,1,36928,164.8667,,s
161,3,"cribb, mr. john hatfield",male,44.0,0,1,371362,16.1,,s
477,2,"renouf, mr. peter henry",male,34.0,1,0,31027,21.0,,s
368,3,"moussa, mrs. (mantoura boulos)",female,,0,0,2626,7.2292,,c
237,2,"hold, mr. stephen",male,44.0,1,0,26707,26.0,,s
605,1,"homer, mr. harry (""mr e haven"")",male,35.0,0,0,111426,26.55,,c
628,1,"longley, miss. gretchen fiske",female,21.0,0,0,13502,77.9583,d9,s
720,3,"johnson, mr. malkolm joackim",male,33.0,0,0,347062,7.775,,s
406,2,"gale, mr. shadrach",male,34.0,1,0,28664,21.0,,s
124,2,"webber, miss. susan",female,32.5,0,0,27267,13.0,e101,s
427,2,"clarke, mrs. charles v (ada maria winfield)",female,28.0,1,0,2003,26.0,,s
287,3,"de mulder, mr. theodore",male,30.0,0,0,345774,9.5,,s
91,3,"christmann, mr. emil",male,29.0,0,0,343276,8.05,,s
631,1,"barkworth, mr. algernon henry wilson",male,80.0,0,0,27042,30.0,a23,s
849,2,"harper, rev. john",male,28.0,0,1,248727,33.0,,s
460,3,"o'connor, mr. maurice",male,,0,0,371060,7.75,,q
838,3,"sirota, mr. maurice",male,,0,0,392092,8.05,,s
818,2,"mallet, mr. albert",male,31.0,1,1,s.c./paris 2079,37.0042,,c
210,1,"blank, mr. henry",male,40.0,0,0,112277,31.0,a31,c
345,2,"fox, mr. stanley hubert",male,36.0,0,0,229236,13.0,,s
537,1,"butt, major. archibald willingham",male,45.0,0,0,113050,26.55,b38,s
568,3,"palsson, mrs. nils (alma cornelia berglund)",female,29.0,0,4,349909,21.075,,s
396,3,"johansson, mr. erik",male,22.0,0,0,350052,7.7958,,s
765,3,"eklund, mr. hans linus",male,16.0,0,0,347074,7.775,,s
306,1,"allison, master. hudson trevor",male,0.92,1,2,113781,151.55,c22 c26,s
215,3,"kiernan, mr. philip",male,,1,0,367229,7.75,,q
757,3,"carlsson, mr. august sigfrid",male,28.0,0,0,350042,7.7958,,s
619,2,"becker, miss. marion louise",female,4.0,2,1,230136,39.0,f4,s
112,3,"zabour, miss. hileni",female,14.5,1,0,2665,14.4542,,c
330,1,"hippach, miss. jean gertrude",female,16.0,0,1,111361,57.9792,b18,c
686,2,"laroche, mr. joseph philippe lemercier",male,25.0,1,2,sc/paris 2123,41.5792,,c
238,2,"collyer, miss. marjorie ""lottie""",female,8.0,0,2,c.a. 31921,26.25,,s
648,1,"simonius-blumer, col. oberst alfons",male,56.0,0,0,13213,35.5,a26,c
54,2,"faunthorpe, mrs. lizzie (elizabeth anne wilkinson)",female,29.0,1,0,2926,26.0,,s
34,2,"wheadon, mr. edward h",male,66.0,0,0,c.a. 24579,10.5,,s
750,3,"connaghton, mr. michael",male,31.0,0,0,335097,7.75,,q
713,1,"taylor, mr. elmer zebley",male,48.0,1,0,19996,52.0,c126,s
465,3,"maisner, mr. simon",male,,0,0,a/s 2816,8.05,,s
147,3,"andersson, mr. august edvard (""wennerstrom"")",male,27.0,0,0,350043,7.7958,,s
808,3,"pettersson, miss. ellen natalia",female,18.0,0,0,347087,7.775,,s
411,3,"sdycoff, mr. todor",male,,0,0,349222,7.8958,,s
638,2,"collyer, mr. harvey",male,31.0,1,1,c.a. 31921,26.25,,s
736,3,"williams, mr. leslie",male,28.5,0,0,54636,16.1,,s
662,3,"badt, mr. mohamed",male,40.0,0,0,2623,7.225,,c
589,3,"gilinski, mr. eliezer",male,22.0,0,0,14973,8.05,,s
710,3,"moubarek, master. halim gonios (""william george"")",male,,1,1,2661,15.2458,,c
264,1,"harrison, mr. william",male,40.0,0,0,112059,0.0,b94,s
273,2,"mellinger, mrs. (elizabeth anne maidment)",female,41.0,0,1,250644,19.5,,s
12,1,"bonnell, miss. elizabeth",female,58.0,0,0,113783,26.55,c103,s
652,2,"doling, miss. elsie",female,18.0,0,1,231919,23.0,,s
636,2,"davis, miss. mary",female,28.0,0,0,237668,13.0,,s
365,3,"o'brien, mr. thomas",male,,1,0,370365,15.5,,q
624,3,"hansen, mr. henry damsgaard",male,21.0,0,0,350029,7.8542,,s
452,3,"hagland, mr. ingvald olai olsen",male,,1,0,65303,19.9667,,s
721,2,"harper, miss. annie jessie ""nina""",female,6.0,0,1,248727,33.0,,s
41,3,"ahlin, mrs. johan (johanna persdotter larsson)",female,40.0,1,0,7546,9.475,,s
523,3,"lahoud, mr. sarkis",male,,0,0,2624,7.225,,c
584,1,"ross, mr. john hugo",male,36.0,0,0,13049,40.125,a10,c
275,3,"healy, miss. hanora ""nora""",female,,0,0,370375,7.75,,q
244,3,"maenpaa, mr. matti alexanteri",male,22.0,0,0,ston/o 2. 3101275,7.125,,s
853,3,"boulos, miss. nourelain",female,9.0,1,1,2678,15.2458,,c
